learner_id,learner_profile,completed_topics,quizzes_attempted,average_quiz_score,learning_streak,study_hours,completion_percentage,revision_sessions,coach_interactions,improvement_trend,current_domain,quiz_difficulty,pass_probability,next_quiz_pass
LRN00001,Casual Learner,5,3,54.58,3,9.67,8.33,1,1,Declining,Python,Medium,0.225,0
LRN00002,Fast Learner,42,33,98.0,15,26.59,70.0,16,8,Improving,NLP,Medium,0.83,1
LRN00003,Fast Learner,60,33,98.0,28,20.71,100.0,13,9,Improving,Python,Medium,0.897,1
LRN00004,Consistent Learner,28,24,97.85,24,22.11,46.67,13,4,Improving,MLOps,Medium,0.784,1
LRN00005,Casual Learner,7,5,47.98,3,3.41,11.67,2,0,Stable,NLP,Medium,0.264,0
LRN00006,Consistent Learner,26,18,84.73,12,20.05,43.33,14,5,Improving,Machine Learning,Hard,0.632,1
LRN00007,Casual Learner,15,12,50.79,0,10.59,25.0,1,0,Improving,Generative AI,Hard,0.346,0
LRN00008,Casual Learner,17,10,59.61,10,10.96,28.33,3,1,Stable,Machine Learning,Medium,0.396,0
LRN00009,Casual Learner,16,8,43.13,2,4.97,26.67,4,3,Improving,MLOps,Easy,0.359,0
LRN00010,Casual Learner,17,15,57.46,7,6.43,28.33,4,2,Improving,MLOps,Easy,0.445,1
LRN00011,Casual Learner,25,17,54.53,4,6.06,41.67,3,1,Declining,Machine Learning,Hard,0.237,0
LRN00012,Consistent Learner,23,17,94.82,19,23.06,38.33,15,11,Stable,Generative AI,Hard,0.618,1
LRN00013,Struggling Learner,10,5,30.84,0,4.42,16.67,2,2,Declining,Python,Easy,0.112,0
LRN00014,Fast Learner,59,40,98.0,19,27.06,98.33,10,15,Improving,Generative AI,Medium,0.884,1
LRN00015,Consistent Learner,43,29,90.8,19,20.35,71.67,11,8,Improving,SQL,Easy,0.778,1
LRN00016,Casual Learner,23,12,43.45,1,4.98,38.33,5,5,Improving,Machine Learning,Easy,0.384,0
LRN00017,Casual Learner,11,6,57.31,9,7.85,18.33,4,3,Stable,Python,Easy,0.355,0
LRN00018,Consistent Learner,34,17,94.02,11,22.96,56.67,15,4,Stable,Python,Easy,0.68,1
LRN00019,Consistent Learner,33,22,84.14,24,12.75,55.0,8,4,Improving,Python,Medium,0.695,1
LRN00020,Fast Learner,37,25,98.0,22,33.75,61.67,10,11,Improving,Python,Easy,0.828,1
LRN00021,Consistent Learner,45,34,92.63,19,21.78,75.0,11,11,Improving,SQL,Hard,0.748,1
LRN00022,Consistent Learner,43,30,81.98,11,14.7,71.67,14,10,Improving,Generative AI,Easy,0.706,1
LRN00023,Casual Learner,12,8,54.24,9,6.63,20.0,1,4,Stable,Generative AI,Medium,0.333,0
LRN00024,Consistent Learner,41,22,89.27,17,20.74,68.33,9,9,Improving,Python,Easy,0.755,1
LRN00025,Casual Learner,8,4,44.98,3,3.66,13.33,4,2,Improving,SQL,Medium,0.339,0
LRN00026,Casual Learner,14,10,59.9,10,8.51,23.33,4,0,Declining,Python,Hard,0.251,0
LRN00027,Fast Learner,38,28,98.0,19,30.62,63.33,12,9,Improving,MLOps,Hard,0.778,1
LRN00028,Consistent Learner,21,10,81.29,23,11.38,35.0,9,3,Improving,Machine Learning,Easy,0.638,1
LRN00029,Casual Learner,22,15,48.28,1,3.09,36.67,5,1,Stable,SQL,Medium,0.316,0
LRN00030,Consistent Learner,45,34,91.34,11,24.58,75.0,10,6,Improving,Generative AI,Hard,0.727,1
LRN00031,Casual Learner,9,7,50.55,3,11.33,15.0,1,1,Declining,Machine Learning,Medium,0.226,0
LRN00032,Casual Learner,12,10,43.83,1,5.4,20.0,3,0,Declining,NLP,Medium,0.185,0
LRN00033,Struggling Learner,7,4,30.0,1,1.17,11.67,3,2,Declining,Machine Learning,Medium,0.092,0
LRN00034,Struggling Learner,10,7,43.0,0,7.57,16.67,2,1,Improving,Generative AI,Medium,0.337,0
LRN00035,Consistent Learner,39,22,87.89,13,24.76,65.0,11,12,Improving,Generative AI,Hard,0.7,1
LRN00036,Casual Learner,11,8,51.35,1,6.28,18.33,5,2,Improving,Machine Learning,Medium,0.384,0
LRN00037,Consistent Learner,42,32,73.84,14,14.43,70.0,8,9,Stable,SQL,Medium,0.578,1
LRN00038,Consistent Learner,20,14,77.76,16,14.56,33.33,11,12,Improving,MLOps,Easy,0.615,1
LRN00039,Struggling Learner,5,4,39.33,2,5.61,8.33,2,0,Declining,SQL,Hard,0.093,0
LRN00040,Fast Learner,50,42,98.0,17,28.39,83.33,15,11,Stable,NLP,Medium,0.785,1
LRN00041,Casual Learner,5,2,59.63,1,11.03,8.33,3,1,Stable,Python,Medium,0.332,0
LRN00042,Fast Learner,39,29,98.0,25,31.62,65.0,20,12,Improving,Generative AI,Medium,0.868,1
LRN00043,Struggling Learner,14,10,30.0,1,2.81,23.33,2,3,Improving,Machine Learning,Easy,0.279,0
LRN00044,Struggling Learner,2,1,30.0,1,1.97,3.33,3,1,Declining,Generative AI,Medium,0.078,0
LRN00045,Casual Learner,17,14,66.07,9,11.14,28.33,5,0,Stable,Python,Hard,0.378,0
LRN00046,Consistent Learner,33,20,86.37,17,18.07,55.0,12,6,Improving,MLOps,Medium,0.714,1
LRN00047,Fast Learner,49,35,98.0,15,33.63,81.67,14,14,Improving,SQL,Hard,0.809,1
LRN00048,Consistent Learner,30,18,84.27,20,13.17,50.0,10,9,Improving,Python,Medium,0.681,1
LRN00049,Fast Learner,46,23,98.0,17,21.81,76.67,20,15,Improving,Python,Medium,0.842,1
LRN00050,Consistent Learner,23,18,82.97,16,18.46,38.33,12,7,Improving,MLOps,Medium,0.664,1
LRN00051,Fast Learner,44,33,98.0,15,19.84,73.33,12,14,Improving,MLOps,Easy,0.804,1
LRN00052,Casual Learner,12,9,51.54,4,3.92,20.0,5,4,Stable,Python,Medium,0.308,0
LRN00053,Consistent Learner,36,19,87.08,10,19.71,60.0,11,10,Improving,NLP,Medium,0.712,1
LRN00054,Casual Learner,25,16,54.56,8,5.43,41.67,3,3,Improving,SQL,Hard,0.406,0
LRN00055,Struggling Learner,7,3,43.79,4,6.25,11.67,3,2,Stable,SQL,Medium,0.259,0
LRN00056,Consistent Learner,39,27,88.79,18,20.52,65.0,13,3,Improving,NLP,Medium,0.758,1
LRN00057,Casual Learner,25,15,53.75,7,9.41,41.67,0,0,Improving,MLOps,Medium,0.455,0
LRN00058,Consistent Learner,33,20,94.94,20,24.95,55.0,10,10,Improving,SQL,Medium,0.779,1
LRN00059,Struggling Learner,5,3,39.98,5,2.34,8.33,3,2,Declining,Machine Learning,Hard,0.095,0
LRN00060,Consistent Learner,31,18,78.48,10,12.69,51.67,13,5,Improving,MLOps,Hard,0.588,1
LRN00061,Casual Learner,8,5,58.69,9,10.85,13.33,2,3,Declining,Machine Learning,Hard,0.226,0
LRN00062,Casual Learner,17,8,54.33,9,7.43,28.33,5,5,Stable,Machine Learning,Easy,0.362,0
LRN00063,Casual Learner,18,11,59.87,9,8.46,30.0,1,4,Improving,Generative AI,Hard,0.414,0
LRN00064,Casual Learner,24,14,55.77,1,11.64,40.0,1,5,Improving,SQL,Medium,0.455,0
LRN00065,Consistent Learner,42,25,80.89,19,18.91,70.0,5,6,Stable,Python,Medium,0.63,1
LRN00066,Casual Learner,25,17,54.04,3,8.31,41.67,3,0,Declining,SQL,Easy,0.29,0
LRN00067,Consistent Learner,43,29,92.59,19,22.36,71.67,12,4,Improving,Machine Learning,Medium,0.795,1
LRN00068,Fast Learner,36,18,98.0,25,33.12,60.0,17,9,Improving,Generative AI,Medium,0.85,1
LRN00069,Casual Learner,13,9,55.74,2,8.19,21.67,3,4,Improving,Generative AI,Medium,0.414,1
LRN00070,Struggling Learner,15,12,31.85,2,3.44,25.0,2,0,Declining,Machine Learning,Medium,0.135,0
LRN00071,Casual Learner,6,3,54.17,5,7.09,10.0,2,2,Declining,Python,Medium,0.226,0
LRN00072,Consistent Learner,26,20,92.2,25,17.78,43.33,15,10,Improving,Machine Learning,Medium,0.745,1
LRN00073,Fast Learner,55,34,98.0,22,28.35,91.67,19,7,Improving,SQL,Hard,0.855,1
LRN00074,Consistent Learner,23,16,84.31,14,19.72,38.33,12,7,Stable,NLP,Easy,0.589,1
LRN00075,Consistent Learner,39,31,81.58,14,17.62,65.0,6,7,Improving,Generative AI,Easy,0.688,1
LRN00076,Casual Learner,23,15,57.87,10,8.22,38.33,3,1,Stable,Generative AI,Medium,0.399,1
LRN00077,Struggling Learner,7,4,35.73,1,5.0,11.67,3,0,Declining,NLP,Medium,0.131,0
LRN00078,Casual Learner,9,7,45.41,0,7.46,15.0,1,4,Improving,NLP,Easy,0.342,0
LRN00079,Fast Learner,39,31,98.0,19,24.97,65.0,9,12,Improving,NLP,Medium,0.807,1
LRN00080,Struggling Learner,12,8,40.57,5,7.68,20.0,3,0,Declining,Machine Learning,Hard,0.139,0
LRN00081,Consistent Learner,23,17,92.34,13,21.41,38.33,12,5,Improving,Python,Easy,0.708,1
LRN00082,Fast Learner,51,27,98.0,20,25.0,85.0,10,7,Improving,SQL,Medium,0.853,1
LRN00083,Consistent Learner,40,34,83.27,18,13.81,66.67,15,3,Improving,Generative AI,Easy,0.72,1
LRN00084,Consistent Learner,38,31,80.22,23,14.49,63.33,9,10,Improving,NLP,Easy,0.7,1
LRN00085,Consistent Learner,29,17,92.69,19,24.89,48.33,5,9,Improving,MLOps,Hard,0.69,1
LRN00086,Casual Learner,14,8,52.87,3,9.98,23.33,4,2,Improving,MLOps,Medium,0.416,0
LRN00087,Fast Learner,38,19,98.0,16,33.36,63.33,12,12,Improving,Machine Learning,Medium,0.82,1
LRN00088,Consistent Learner,45,38,93.94,21,18.09,75.0,13,11,Improving,NLP,Hard,0.752,1
LRN00089,Struggling Learner,3,2,34.56,0,4.28,5.0,1,1,Declining,Generative AI,Medium,0.102,0
LRN00090,Fast Learner,52,31,98.0,26,20.1,86.67,18,15,Improving,Machine Learning,Easy,0.876,1
LRN00091,Fast Learner,52,39,98.0,22,23.58,86.67,18,6,Stable,MLOps,Medium,0.797,1
LRN00092,Struggling Learner,9,7,33.31,0,7.97,15.0,0,1,Declining,MLOps,Hard,0.076,0
LRN00093,Consistent Learner,38,31,88.96,14,21.13,63.33,11,4,Stable,Machine Learning,Easy,0.662,1
LRN00094,Consistent Learner,27,19,97.93,13,22.83,45.0,15,8,Improving,NLP,Easy,0.759,1
LRN00095,Struggling Learner,14,11,30.0,1,1.64,23.33,0,0,Stable,Generative AI,Easy,0.19,0
LRN00096,Casual Learner,23,18,47.58,3,4.94,38.33,2,1,Improving,SQL,Hard,0.35,0
LRN00097,Casual Learner,8,5,52.21,0,8.95,13.33,1,0,Stable,Python,Easy,0.294,0
LRN00098,Casual Learner,21,17,44.67,1,4.02,35.0,3,3,Improving,Generative AI,Easy,0.375,0
LRN00099,Casual Learner,21,18,55.04,10,5.71,35.0,0,0,Stable,Python,Medium,0.363,0
LRN00100,Fast Learner,37,22,98.0,19,23.48,61.67,9,7,Improving,Machine Learning,Medium,0.796,1
LRN00101,Consistent Learner,36,28,76.57,13,19.08,60.0,6,11,Improving,SQL,Medium,0.658,1
LRN00102,Consistent Learner,43,27,76.07,23,11.43,71.67,10,7,Stable,Python,Easy,0.61,0
LRN00103,Consistent Learner,43,31,90.14,14,21.08,71.67,13,3,Improving,Python,Medium,0.769,1
LRN00104,Struggling Learner,13,9,38.13,5,7.08,21.67,0,2,Declining,SQL,Easy,0.172,0
LRN00105,Casual Learner,16,11,57.98,5,10.61,26.67,0,2,Declining,Generative AI,Medium,0.283,0
LRN00106,Fast Learner,56,34,98.0,23,32.1,93.33,8,7,Stable,Machine Learning,Easy,0.809,1
LRN00107,Casual Learner,17,13,45.59,10,3.63,28.33,0,0,Stable,Machine Learning,Easy,0.301,0
LRN00108,Consistent Learner,38,30,74.01,11,18.94,63.33,7,5,Improving,NLP,Medium,0.65,1
LRN00109,Consistent Learner,28,15,76.03,13,13.23,46.67,10,9,Improving,Generative AI,Medium,0.619,0
LRN00110,Consistent Learner,39,31,74.77,16,10.82,65.0,9,6,Improving,Python,Easy,0.648,1
LRN00111,Fast Learner,47,39,98.0,22,27.05,78.33,16,13,Improving,MLOps,Easy,0.866,1
LRN00112,Struggling Learner,10,6,37.5,4,5.03,16.67,3,3,Declining,SQL,Hard,0.107,0
LRN00113,Casual Learner,16,11,42.63,1,3.79,26.67,1,3,Stable,Machine Learning,Medium,0.263,0
LRN00114,Casual Learner,7,4,53.55,1,7.59,11.67,4,4,Stable,MLOps,Hard,0.252,0
LRN00115,Fast Learner,41,21,98.0,19,20.95,68.33,20,15,Improving,NLP,Medium,0.828,1
LRN00116,Consistent Learner,38,21,89.65,20,19.64,63.33,15,8,Improving,Machine Learning,Medium,0.766,1
LRN00117,Consistent Learner,22,14,78.55,24,14.66,36.67,5,3,Improving,Python,Medium,0.632,1
LRN00118,Consistent Learner,37,28,89.29,11,24.31,61.67,12,12,Improving,SQL,Hard,0.696,1
LRN00119,Casual Learner,15,8,54.64,1,11.84,25.0,4,5,Stable,NLP,Medium,0.348,0
LRN00120,Consistent Learner,29,15,89.53,20,15.81,48.33,15,12,Improving,Machine Learning,Easy,0.723,1
LRN00121,Consistent Learner,43,31,85.77,14,22.77,71.67,10,4,Improving,MLOps,Medium,0.748,1
LRN00122,Casual Learner,7,5,54.68,6,5.79,11.67,5,2,Declining,MLOps,Hard,0.187,0
LRN00123,Fast Learner,56,34,98.0,26,25.2,93.33,8,10,Improving,NLP,Easy,0.881,1
LRN00124,Fast Learner,44,36,98.0,18,32.36,73.33,16,13,Improving,Machine Learning,Hard,0.806,1
LRN00125,Casual Learner,9,6,48.9,9,4.46,15.0,1,5,Stable,SQL,Hard,0.241,0
LRN00126,Casual Learner,19,16,43.8,3,5.11,31.67,2,3,Stable,Generative AI,Hard,0.24,0
LRN00127,Consistent Learner,32,26,82.4,23,17.54,53.33,7,6,Improving,MLOps,Medium,0.695,1
LRN00128,Struggling Learner,3,2,30.0,1,3.0,5.0,2,3,Declining,SQL,Hard,0.033,0
LRN00129,Struggling Learner,13,8,30.0,4,1.37,21.67,2,1,Stable,Machine Learning,Hard,0.149,0
LRN00130,Casual Learner,9,7,49.85,4,4.24,15.0,3,5,Stable,Generative AI,Easy,0.287,0
LRN00131,Consistent Learner,24,14,82.37,23,18.23,40.0,6,7,Improving,MLOps,Medium,0.668,1
LRN00132,Fast Learner,50,36,98.0,15,28.14,83.33,18,13,Improving,Python,Medium,0.866,1
LRN00133,Consistent Learner,41,29,90.1,21,20.02,68.33,6,11,Improving,Python,Medium,0.76,1
LRN00134,Casual Learner,16,10,47.05,0,5.28,26.67,2,0,Stable,Generative AI,Medium,0.288,0
LRN00135,Fast Learner,52,35,98.0,20,23.76,86.67,20,15,Improving,SQL,Easy,0.877,1
LRN00136,Consistent Learner,29,25,71.99,16,13.02,48.33,5,8,Declining,Generative AI,Medium,0.439,0
LRN00137,Casual Learner,14,8,51.81,0,6.21,23.33,5,2,Stable,NLP,Medium,0.313,0
LRN00138,Consistent Learner,25,15,85.99,25,17.44,41.67,10,11,Improving,NLP,Medium,0.7,1
LRN00139,Consistent Learner,30,18,82.83,20,11.54,50.0,15,7,Improving,MLOps,Medium,0.682,1
LRN00140,Casual Learner,16,14,58.88,6,8.53,26.67,2,5,Improving,MLOps,Medium,0.448,0
LRN00141,Casual Learner,10,8,52.91,2,11.58,16.67,4,5,Improving,MLOps,Medium,0.405,0
LRN00142,Casual Learner,24,16,44.74,7,4.38,40.0,2,2,Improving,Machine Learning,Medium,0.4,0
LRN00143,Consistent Learner,23,15,74.0,15,10.39,38.33,12,11,Improving,Machine Learning,Medium,0.594,1
LRN00144,Casual Learner,20,11,45.94,2,4.8,33.33,0,3,Declining,MLOps,Hard,0.165,0
LRN00145,Casual Learner,7,5,56.2,4,7.95,11.67,2,1,Stable,Machine Learning,Medium,0.318,0
LRN00146,Consistent Learner,24,17,78.52,25,13.55,40.0,5,8,Stable,Generative AI,Easy,0.558,1
LRN00147,Fast Learner,47,37,98.0,30,34.99,78.33,16,11,Improving,Machine Learning,Medium,0.898,1
LRN00148,Casual Learner,16,9,56.8,8,4.16,26.67,5,4,Stable,Python,Hard,0.307,0
LRN00149,Consistent Learner,25,21,83.32,17,14.84,41.67,10,11,Improving,MLOps,Hard,0.608,1
LRN00150,Casual Learner,24,17,58.41,8,7.8,40.0,5,1,Improving,Generative AI,Medium,0.483,1
LRN00151,Casual Learner,23,20,42.77,0,3.37,38.33,0,0,Improving,SQL,Medium,0.36,0
LRN00152,Casual Learner,20,17,59.53,8,11.0,33.33,2,5,Declining,MLOps,Medium,0.318,0
LRN00153,Casual Learner,10,6,50.17,7,6.96,16.67,3,1,Declining,Machine Learning,Medium,0.228,0
LRN00154,Struggling Learner,4,2,33.91,4,6.32,6.67,0,2,Declining,SQL,Easy,0.118,0
LRN00155,Consistent Learner,39,30,77.31,15,16.27,65.0,10,12,Improving,Generative AI,Medium,0.677,1
LRN00156,Consistent Learner,22,16,93.15,24,24.18,36.67,8,6,Improving,Generative AI,Hard,0.687,1
LRN00157,Consistent Learner,37,31,72.76,13,10.12,61.67,11,5,Stable,Machine Learning,Easy,0.547,0
LRN00158,Casual Learner,16,10,50.97,1,7.98,26.67,3,4,Declining,Generative AI,Medium,0.239,0
LRN00159,Struggling Learner,12,6,33.91,2,3.61,20.0,2,1,Declining,Python,Easy,0.135,0
LRN00160,Casual Learner,21,13,57.6,9,7.11,35.0,4,1,Improving,Generative AI,Medium,0.467,0
LRN00161,Consistent Learner,36,23,89.72,19,17.99,60.0,12,3,Declining,Generative AI,Medium,0.584,1
LRN00162,Struggling Learner,0,1,31.97,2,5.18,0.0,1,0,Declining,Generative AI,Medium,0.089,0
LRN00163,Casual Learner,12,8,40.81,1,3.28,20.0,1,0,Stable,SQL,Medium,0.24,0
LRN00164,Struggling Learner,1,1,37.79,4,5.94,1.67,1,2,Stable,SQL,Medium,0.206,0
LRN00165,Consistent Learner,41,23,91.83,18,21.58,68.33,14,10,Improving,SQL,Hard,0.735,1
LRN00166,Casual Learner,11,7,60.56,7,9.21,18.33,2,3,Declining,Machine Learning,Easy,0.284,0
LRN00167,Consistent Learner,32,19,89.85,14,22.28,53.33,9,3,Improving,NLP,Medium,0.725,1
LRN00168,Consistent Learner,37,27,77.67,18,14.07,61.67,7,4,Improving,MLOps,Hard,0.615,1
LRN00169,Consistent Learner,23,11,85.2,25,16.2,38.33,6,5,Stable,NLP,Medium,0.596,1
LRN00170,Consistent Learner,40,30,82.77,19,12.99,66.67,10,7,Improving,Generative AI,Easy,0.705,1
LRN00171,Struggling Learner,1,1,34.95,1,7.39,1.67,3,1,Declining,NLP,Easy,0.115,0
LRN00172,Struggling Learner,9,7,35.86,0,7.14,15.0,2,0,Declining,MLOps,Medium,0.14,0
LRN00173,Struggling Learner,14,11,32.65,0,2.91,23.33,2,1,Declining,Python,Medium,0.128,0
LRN00174,Casual Learner,11,7,48.44,10,4.58,18.33,3,3,Stable,SQL,Hard,0.254,0
LRN00175,Struggling Learner,0,1,30.76,1,2.83,0.0,3,2,Declining,Python,Easy,0.078,0
LRN00176,Consistent Learner,41,31,78.39,19,11.77,68.33,7,9,Stable,Machine Learning,Medium,0.597,1
LRN00177,Struggling Learner,11,6,37.13,1,5.3,18.33,1,3,Declining,NLP,Medium,0.147,0
LRN00178,Casual Learner,11,7,61.67,10,9.86,18.33,4,0,Stable,Generative AI,Easy,0.384,0
LRN00179,Struggling Learner,6,5,33.63,1,5.01,10.0,1,2,Declining,MLOps,Medium,0.113,0
LRN00180,Consistent Learner,45,30,69.73,14,10.83,75.0,13,9,Improving,Machine Learning,Medium,0.65,1
LRN00181,Casual Learner,11,8,50.42,0,8.2,18.33,3,2,Improving,Python,Hard,0.328,0
LRN00182,Consistent Learner,25,16,98.0,23,21.53,41.67,10,9,Improving,Python,Medium,0.762,1
LRN00183,Consistent Learner,40,26,82.33,13,22.9,66.67,7,11,Declining,Python,Medium,0.552,1
LRN00184,Consistent Learner,43,29,83.6,22,18.17,71.67,8,6,Improving,MLOps,Medium,0.739,1
LRN00185,Casual Learner,24,12,51.68,0,9.89,40.0,1,1,Stable,MLOps,Medium,0.348,0
LRN00186,Casual Learner,17,9,57.66,8,6.95,28.33,1,0,Improving,MLOps,Medium,0.443,0
LRN00187,Casual Learner,15,8,46.8,2,5.13,25.0,5,4,Improving,Generative AI,Hard,0.326,0
LRN00188,Casual Learner,18,13,51.66,0,8.0,30.0,2,5,Stable,NLP,Medium,0.324,0
LRN00189,Fast Learner,52,42,98.0,22,26.05,86.67,12,7,Improving,NLP,Medium,0.87,1
LRN00190,Consistent Learner,26,13,80.08,12,14.95,43.33,12,8,Improving,Machine Learning,Medium,0.639,1
LRN00191,Fast Learner,37,31,98.0,21,21.2,61.67,15,8,Declining,Python,Easy,0.649,1
LRN00192,Casual Learner,20,13,60.94,9,11.23,33.33,5,1,Stable,Machine Learning,Medium,0.415,0
LRN00193,Consistent Learner,28,22,91.12,25,15.39,46.67,12,4,Stable,Machine Learning,Hard,0.601,1
LRN00194,Consistent Learner,38,27,85.98,14,22.96,63.33,5,7,Stable,Machine Learning,Easy,0.64,1
LRN00195,Consistent Learner,27,23,86.75,20,17.49,45.0,9,10,Improving,SQL,Medium,0.695,1
LRN00196,Fast Learner,52,43,98.0,16,26.3,86.67,16,5,Stable,Python,Medium,0.785,1
LRN00197,Casual Learner,12,8,40.75,2,3.61,20.0,0,1,Stable,MLOps,Hard,0.191,0
LRN00198,Casual Learner,5,2,50.91,8,3.06,8.33,3,0,Stable,Machine Learning,Easy,0.285,0
LRN00199,Casual Learner,10,5,46.54,1,3.96,16.67,4,1,Improving,Machine Learning,Easy,0.349,0
LRN00200,Consistent Learner,32,24,84.61,17,16.88,53.33,8,7,Improving,MLOps,Medium,0.689,1
LRN00201,Consistent Learner,37,25,74.35,10,17.14,61.67,7,4,Stable,Generative AI,Hard,0.509,1
LRN00202,Struggling Learner,1,1,31.36,5,2.61,1.67,3,2,Declining,Generative AI,Medium,0.094,0
LRN00203,Struggling Learner,10,8,30.0,1,1.11,16.67,1,3,Declining,Generative AI,Hard,0.047,0
LRN00204,Struggling Learner,10,7,40.17,5,3.69,16.67,1,0,Improving,NLP,Easy,0.322,0
LRN00205,Casual Learner,24,18,61.83,6,11.59,40.0,2,0,Stable,SQL,Medium,0.418,1
LRN00206,Consistent Learner,41,25,83.65,22,18.79,68.33,6,12,Improving,Machine Learning,Easy,0.729,1
LRN00207,Casual Learner,17,14,44.02,1,5.85,28.33,0,0,Declining,Python,Easy,0.197,0
LRN00208,Consistent Learner,37,23,72.36,13,17.69,61.67,5,4,Improving,Machine Learning,Hard,0.585,0
LRN00209,Consistent Learner,44,24,76.91,17,11.27,73.33,14,11,Improving,Machine Learning,Easy,0.691,1
LRN00210,Fast Learner,43,27,98.0,30,25.16,71.67,20,6,Stable,NLP,Medium,0.798,1
LRN00211,Fast Learner,44,28,98.0,27,18.12,73.33,13,14,Improving,NLP,Hard,0.783,1
LRN00212,Struggling Learner,4,2,38.4,4,3.1,6.67,1,3,Declining,Machine Learning,Medium,0.13,0
LRN00213,Struggling Learner,7,3,34.86,2,3.28,11.67,3,2,Declining,Generative AI,Easy,0.124,0
LRN00214,Fast Learner,58,48,98.0,21,25.85,96.67,15,9,Stable,NLP,Medium,0.814,1
LRN00215,Consistent Learner,28,19,94.1,23,19.88,46.67,11,4,Improving,Generative AI,Medium,0.752,1
LRN00216,Casual Learner,22,16,52.64,5,3.33,36.67,5,4,Improving,SQL,Medium,0.427,0
LRN00217,Casual Learner,6,3,62.13,10,8.07,10.0,5,5,Declining,NLP,Easy,0.286,0
LRN00218,Consistent Learner,43,28,88.8,17,17.78,71.67,12,8,Improving,Generative AI,Easy,0.758,1
LRN00219,Consistent Learner,29,18,72.79,12,16.24,48.33,6,5,Stable,Generative AI,Medium,0.525,1
LRN00220,Consistent Learner,42,34,74.03,12,16.79,70.0,9,3,Stable,MLOps,Easy,0.584,1
LRN00221,Struggling Learner,7,5,40.6,4,4.61,11.67,1,2,Stable,NLP,Medium,0.235,0
LRN00222,Casual Learner,17,12,46.88,9,3.26,28.33,1,3,Declining,SQL,Easy,0.225,0
LRN00223,Casual Learner,23,14,47.75,8,3.92,38.33,1,2,Improving,NLP,Medium,0.408,0
LRN00224,Casual Learner,24,20,48.57,1,6.53,40.0,2,2,Declining,MLOps,Hard,0.198,0
LRN00225,Casual Learner,9,5,49.86,3,5.82,15.0,2,0,Stable,NLP,Medium,0.287,0
LRN00226,Consistent Learner,35,24,84.4,15,19.53,58.33,13,5,Improving,NLP,Medium,0.714,1
LRN00227,Struggling Learner,15,11,32.19,3,1.96,25.0,3,3,Declining,NLP,Easy,0.137,0
LRN00228,Casual Learner,12,7,50.35,4,5.63,20.0,1,4,Stable,NLP,Medium,0.299,0
LRN00229,Fast Learner,59,47,98.0,26,27.23,98.33,16,5,Improving,NLP,Easy,0.918,1
LRN00230,Casual Learner,14,8,57.18,0,10.87,23.33,3,2,Stable,Python,Medium,0.348,0
LRN00231,Casual Learner,23,13,56.9,9,9.2,38.33,5,3,Improving,SQL,Hard,0.43,0
LRN00232,Consistent Learner,39,28,90.75,20,18.08,65.0,9,7,Improving,MLOps,Hard,0.704,1
LRN00233,Casual Learner,18,14,55.93,4,11.27,30.0,5,1,Improving,Machine Learning,Hard,0.402,0
LRN00234,Casual Learner,20,13,50.74,10,4.28,33.33,2,5,Stable,Python,Medium,0.341,0
LRN00235,Casual Learner,16,8,55.78,7,7.09,26.67,2,4,Declining,MLOps,Hard,0.222,0
LRN00236,Casual Learner,7,5,55.89,6,10.16,11.67,1,3,Stable,Machine Learning,Medium,0.327,0
LRN00237,Casual Learner,20,10,60.98,10,10.09,33.33,0,0,Stable,Python,Hard,0.351,0
LRN00238,Consistent Learner,33,18,83.58,14,13.03,55.0,15,7,Improving,MLOps,Medium,0.684,1
LRN00239,Casual Learner,25,19,53.59,6,4.49,41.67,5,2,Stable,Python,Medium,0.368,0
LRN00240,Consistent Learner,24,18,90.23,24,18.91,40.0,5,3,Declining,NLP,Medium,0.546,1
LRN00241,Consistent Learner,22,14,80.23,13,20.96,36.67,6,8,Improving,SQL,Medium,0.634,1
LRN00242,Fast Learner,53,41,98.0,20,18.14,88.33,15,10,Improving,NLP,Medium,0.849,1
LRN00243,Consistent Learner,23,14,75.44,13,12.1,38.33,14,9,Stable,SQL,Easy,0.526,0
LRN00244,Casual Learner,24,20,58.52,4,9.49,40.0,5,0,Stable,Generative AI,Medium,0.398,0
LRN00245,Consistent Learner,40,21,75.62,17,10.82,66.67,12,9,Improving,Generative AI,Hard,0.615,0
LRN00246,Consistent Learner,30,23,83.0,23,11.98,50.0,10,11,Declining,Python,Easy,0.52,0
LRN00247,Consistent Learner,21,15,98.0,22,23.84,35.0,13,7,Improving,MLOps,Medium,0.762,1
LRN00248,Consistent Learner,24,20,81.59,19,14.16,40.0,6,11,Improving,Machine Learning,Medium,0.64,1
LRN00249,Casual Learner,25,13,45.55,6,3.6,41.67,5,1,Stable,NLP,Medium,0.329,0
LRN00250,Casual Learner,10,5,51.74,2,4.07,16.67,5,0,Stable,MLOps,Easy,0.298,0
LRN00251,Casual Learner,13,10,47.91,1,9.6,21.67,0,2,Improving,MLOps,Hard,0.324,0
LRN00252,Consistent Learner,36,23,88.25,25,15.4,60.0,14,5,Improving,Generative AI,Medium,0.75,1
LRN00253,Casual Learner,5,3,39.82,0,3.4,8.33,1,0,Improving,Python,Medium,0.29,0
LRN00254,Casual Learner,18,11,50.89,3,5.02,30.0,3,5,Stable,Python,Medium,0.321,0
LRN00255,Fast Learner,60,51,98.0,16,26.77,100.0,14,6,Stable,Machine Learning,Medium,0.808,1
LRN00256,Fast Learner,41,24,98.0,24,22.96,68.33,19,14,Declining,SQL,Medium,0.686,1
LRN00257,Casual Learner,9,6,45.75,6,3.06,15.0,0,1,Stable,Python,Hard,0.212,0
LRN00258,Casual Learner,14,9,43.8,8,3.94,23.33,1,3,Declining,MLOps,Easy,0.201,0
LRN00259,Consistent Learner,36,26,86.95,21,16.2,60.0,12,4,Improving,NLP,Easy,0.731,1
LRN00260,Consistent Learner,24,18,81.08,18,13.55,40.0,10,9,Improving,Machine Learning,Easy,0.643,1
LRN00261,Fast Learner,59,40,98.0,19,27.94,98.33,9,7,Improving,Machine Learning,Hard,0.834,1
LRN00262,Consistent Learner,28,23,87.05,12,22.79,46.67,7,7,Improving,Machine Learning,Easy,0.691,1
LRN00263,Struggling Learner,12,9,34.43,5,4.59,20.0,2,2,Declining,NLP,Medium,0.149,0
LRN00264,Fast Learner,38,19,98.0,19,31.67,63.33,9,5,Improving,SQL,Hard,0.771,1
LRN00265,Casual Learner,25,12,45.28,9,3.76,41.67,2,0,Declining,NLP,Hard,0.199,0
LRN00266,Casual Learner,15,13,46.09,7,4.1,25.0,0,1,Declining,NLP,Easy,0.21,0
LRN00267,Fast Learner,41,34,98.0,23,33.44,68.33,12,12,Improving,SQL,Medium,0.849,1
LRN00268,Struggling Learner,15,10,32.87,2,1.43,25.0,3,1,Declining,SQL,Medium,0.136,0
LRN00269,Casual Learner,17,13,55.2,5,10.04,28.33,3,4,Stable,Machine Learning,Medium,0.359,0
LRN00270,Consistent Learner,27,19,72.23,18,10.44,45.0,5,10,Declining,SQL,Easy,0.43,0
LRN00271,Consistent Learner,45,37,89.61,11,23.76,75.0,8,12,Improving,SQL,Easy,0.762,1
LRN00272,Casual Learner,16,10,57.02,0,11.23,26.67,5,5,Improving,SQL,Hard,0.39,0
LRN00273,Struggling Learner,9,5,30.0,0,2.23,15.0,0,0,Declining,Python,Medium,0.092,0
LRN00274,Casual Learner,15,8,55.23,5,9.45,25.0,0,0,Improving,Python,Hard,0.373,0
LRN00275,Struggling Learner,11,6,38.82,5,5.93,18.33,3,0,Declining,MLOps,Hard,0.122,0
LRN00276,Struggling Learner,10,7,36.47,4,2.22,16.67,2,1,Stable,MLOps,Medium,0.221,0
LRN00277,Casual Learner,23,17,56.2,9,6.52,38.33,0,1,Declining,SQL,Medium,0.295,0
LRN00278,Consistent Learner,30,17,93.22,17,21.18,50.0,10,8,Improving,MLOps,Medium,0.74,1
LRN00279,Consistent Learner,20,12,71.05,17,13.98,33.33,6,8,Improving,NLP,Medium,0.573,1
LRN00280,Fast Learner,48,31,98.0,27,26.38,80.0,13,13,Stable,Generative AI,Medium,0.793,1
LRN00281,Fast Learner,37,23,98.0,16,31.59,61.67,12,5,Improving,SQL,Hard,0.767,1
LRN00282,Fast Learner,37,24,98.0,30,23.75,61.67,19,5,Improving,NLP,Easy,0.851,1
LRN00283,Consistent Learner,26,16,83.07,18,16.14,43.33,15,7,Improving,Generative AI,Hard,0.63,1
LRN00284,Consistent Learner,33,16,75.88,25,11.31,55.0,8,4,Improving,Python,Medium,0.656,1
LRN00285,Casual Learner,20,15,54.78,10,7.4,33.33,2,0,Stable,NLP,Medium,0.37,0
LRN00286,Consistent Learner,34,19,84.89,18,13.95,56.67,14,3,Improving,MLOps,Medium,0.705,1
LRN00287,Struggling Learner,7,5,34.77,3,4.88,11.67,3,3,Stable,NLP,Hard,0.162,0
LRN00288,Consistent Learner,36,20,89.45,14,22.01,60.0,6,10,Declining,SQL,Easy,0.568,1
LRN00289,Struggling Learner,13,8,35.79,5,2.41,21.67,1,2,Declining,Python,Medium,0.148,0
LRN00290,Consistent Learner,28,19,81.49,10,17.8,46.67,14,12,Improving,SQL,Medium,0.661,1
LRN00291,Struggling Learner,3,2,43.21,4,7.47,5.0,0,2,Declining,Machine Learning,Medium,0.16,0
LRN00292,Casual Learner,6,4,49.46,6,4.55,10.0,1,4,Improving,Machine Learning,Medium,0.356,0
LRN00293,Consistent Learner,28,17,90.61,10,23.46,46.67,10,7,Stable,MLOps,Easy,0.631,1
LRN00294,Fast Learner,58,43,98.0,25,25.53,96.67,12,11,Improving,NLP,Medium,0.896,1
LRN00295,Struggling Learner,1,1,31.74,1,4.61,1.67,0,2,Declining,Generative AI,Hard,0.034,0
LRN00296,Fast Learner,41,21,98.0,22,32.23,68.33,8,12,Improving,Machine Learning,Hard,0.786,1
LRN00297,Casual Learner,8,5,49.67,3,9.13,13.33,2,3,Declining,Generative AI,Medium,0.214,0
LRN00298,Casual Learner,13,8,48.84,1,9.74,21.67,2,0,Stable,SQL,Hard,0.253,0
LRN00299,Casual Learner,13,6,58.81,8,8.86,21.67,0,5,Stable,Generative AI,Hard,0.309,0
LRN00300,Casual Learner,14,12,62.44,10,9.41,23.33,2,3,Stable,SQL,Medium,0.391,0
LRN00301,Casual Learner,17,15,54.38,0,8.26,28.33,4,5,Stable,Generative AI,Medium,0.339,0
LRN00302,Fast Learner,37,31,98.0,23,23.72,61.67,18,10,Stable,MLOps,Easy,0.75,1
LRN00303,Casual Learner,6,3,56.67,9,10.25,10.0,3,5,Improving,NLP,Hard,0.371,0
LRN00304,Consistent Learner,32,24,89.76,16,21.05,53.33,10,6,Improving,MLOps,Medium,0.728,1
LRN00305,Fast Learner,56,38,98.0,20,32.9,93.33,12,6,Stable,Generative AI,Medium,0.811,1
LRN00306,Casual Learner,15,11,50.61,3,8.89,25.0,2,1,Declining,Machine Learning,Medium,0.24,0
LRN00307,Consistent Learner,23,16,84.66,12,17.06,38.33,12,6,Improving,Machine Learning,Medium,0.656,1
LRN00308,Fast Learner,41,34,98.0,29,23.83,68.33,10,10,Improving,Machine Learning,Medium,0.839,1
LRN00309,Casual Learner,5,4,48.8,3,7.07,8.33,1,4,Declining,Python,Easy,0.19,0
LRN00310,Consistent Learner,33,23,96.13,22,24.48,55.0,5,3,Declining,Machine Learning,Medium,0.615,1
LRN00311,Fast Learner,35,21,98.0,22,28.65,58.33,11,10,Improving,Machine Learning,Easy,0.819,1
LRN00312,Consistent Learner,29,18,90.17,20,16.84,48.33,11,5,Improving,SQL,Easy,0.719,1
LRN00313,Casual Learner,5,2,45.13,2,5.06,8.33,1,5,Improving,MLOps,Medium,0.324,0
LRN00314,Struggling Learner,8,6,39.33,4,6.4,13.33,0,0,Improving,MLOps,Easy,0.316,0
LRN00315,Fast Learner,43,32,98.0,19,26.06,71.67,11,15,Improving,MLOps,Medium,0.829,1
LRN00316,Casual Learner,18,13,52.94,1,10.48,30.0,4,5,Declining,NLP,Easy,0.266,0
LRN00317,Consistent Learner,36,20,98.0,21,24.6,60.0,11,7,Stable,MLOps,Hard,0.676,1
LRN00318,Fast Learner,56,39,98.0,18,19.51,93.33,17,15,Stable,Python,Medium,0.783,1
LRN00319,Consistent Learner,27,14,86.71,19,16.85,45.0,9,10,Stable,Machine Learning,Medium,0.61,1
LRN00320,Consistent Learner,23,17,62.14,11,11.42,38.33,5,5,Improving,NLP,Hard,0.466,0
LRN00321,Casual Learner,16,10,51.67,2,10.33,26.67,0,3,Declining,MLOps,Hard,0.196,0
LRN00322,Casual Learner,10,6,42.83,0,4.02,16.67,1,0,Declining,MLOps,Medium,0.162,0
LRN00323,Casual Learner,24,16,52.27,10,3.26,40.0,5,1,Declining,NLP,Easy,0.285,0
LRN00324,Consistent Learner,42,29,98.0,17,23.02,70.0,15,8,Improving,NLP,Medium,0.821,1
LRN00325,Consistent Learner,41,21,88.77,14,19.62,68.33,13,12,Improving,NLP,Hard,0.701,1
LRN00326,Fast Learner,50,35,98.0,25,23.45,83.33,12,5,Improving,SQL,Easy,0.862,1
LRN00327,Casual Learner,7,6,60.92,7,10.71,11.67,2,0,Improving,NLP,Medium,0.437,0
LRN00328,Fast Learner,37,21,98.0,24,31.46,61.67,16,13,Declining,Machine Learning,Hard,0.638,1
LRN00329,Casual Learner,15,11,56.49,9,8.04,25.0,4,3,Stable,Python,Medium,0.365,0
LRN00330,Consistent Learner,40,25,94.66,19,24.47,66.67,13,11,Stable,NLP,Easy,0.724,1
LRN00331,Casual Learner,8,6,45.16,3,5.29,13.33,1,0,Stable,SQL,Medium,0.258,0
LRN00332,Consistent Learner,40,30,94.6,13,22.56,66.67,12,10,Improving,NLP,Easy,0.779,1
LRN00333,Casual Learner,18,13,56.76,7,10.55,30.0,4,1,Declining,Python,Medium,0.299,0
LRN00334,Struggling Learner,12,7,33.42,4,3.93,20.0,1,2,Stable,SQL,Easy,0.217,0
LRN00335,Struggling Learner,9,5,41.59,4,6.9,15.0,2,1,Stable,Machine Learning,Hard,0.206,0
LRN00336,Casual Learner,10,5,54.62,10,7.54,16.67,2,5,Stable,Generative AI,Hard,0.286,0
LRN00337,Casual Learner,22,11,46.97,6,5.57,36.67,0,4,Improving,Python,Easy,0.399,0
LRN00338,Fast Learner,44,25,98.0,19,29.62,73.33,8,9,Improving,NLP,Easy,0.837,1
LRN00339,Casual Learner,12,8,61.59,8,9.68,20.0,3,1,Stable,MLOps,Medium,0.378,1
LRN00340,Consistent Learner,45,22,97.17,20,24.64,75.0,13,3,Improving,NLP,Hard,0.785,1
LRN00341,Casual Learner,25,18,58.03,9,6.31,41.67,4,5,Declining,Machine Learning,Medium,0.32,0
LRN00342,Fast Learner,40,26,98.0,18,30.5,66.67,14,5,Improving,Generative AI,Hard,0.787,1
LRN00343,Consistent Learner,24,19,80.75,20,10.6,40.0,14,3,Stable,Machine Learning,Medium,0.567,1
LRN00344,Consistent Learner,45,23,85.87,17,20.62,75.0,7,11,Improving,Generative AI,Medium,0.748,1
LRN00345,Struggling Learner,10,8,35.71,2,3.32,16.67,1,3,Declining,Python,Easy,0.133,0
LRN00346,Consistent Learner,40,26,84.87,17,19.21,66.67,5,8,Improving,Machine Learning,Medium,0.717,1
LRN00347,Struggling Learner,11,5,41.78,4,4.6,18.33,3,3,Stable,Generative AI,Easy,0.258,0
LRN00348,Struggling Learner,0,1,31.84,1,5.39,0.0,1,3,Declining,MLOps,Medium,0.086,0
LRN00349,Struggling Learner,4,2,30.0,5,1.17,6.67,2,0,Declining,Generative AI,Easy,0.091,0
LRN00350,Struggling Learner,13,8,36.17,5,3.72,21.67,3,3,Stable,Python,Medium,0.239,0
LRN00351,Casual Learner,23,12,45.58,1,3.41,38.33,2,4,Stable,Python,Easy,0.301,0
LRN00352,Consistent Learner,41,22,73.3,15,10.46,68.33,13,6,Stable,Generative AI,Easy,0.574,1
LRN00353,Consistent Learner,45,38,87.22,21,23.01,75.0,5,11,Improving,Generative AI,Medium,0.768,1
LRN00354,Struggling Learner,9,5,35.96,5,2.47,15.0,2,1,Declining,SQL,Easy,0.138,0
LRN00355,Consistent Learner,23,17,70.31,11,12.72,38.33,13,10,Improving,Machine Learning,Easy,0.577,1
LRN00356,Consistent Learner,30,22,81.04,17,15.36,50.0,6,7,Improving,NLP,Medium,0.656,1
LRN00357,Casual Learner,9,5,51.07,5,8.09,15.0,2,3,Declining,MLOps,Medium,0.225,0
LRN00358,Casual Learner,9,6,58.12,5,9.12,15.0,3,3,Stable,Python,Easy,0.343,0
LRN00359,Casual Learner,9,7,51.5,3,11.02,15.0,2,5,Improving,Python,Hard,0.341,0
LRN00360,Casual Learner,23,16,53.5,9,6.65,38.33,1,0,Declining,NLP,Medium,0.286,0
LRN00361,Consistent Learner,44,30,80.67,19,18.84,73.33,7,10,Improving,Python,Medium,0.721,1
LRN00362,Casual Learner,24,13,56.7,8,9.16,40.0,1,3,Stable,SQL,Medium,0.39,0
LRN00363,Consistent Learner,27,17,81.56,17,21.42,45.0,6,7,Improving,Machine Learning,Medium,0.669,1
LRN00364,Struggling Learner,1,1,36.03,2,7.86,1.67,0,2,Declining,SQL,Medium,0.117,0
LRN00365,Casual Learner,7,4,55.35,6,7.65,11.67,1,4,Stable,NLP,Hard,0.266,0
LRN00366,Struggling Learner,14,7,30.0,0,2.16,23.33,2,1,Declining,Python,Medium,0.114,0
LRN00367,Consistent Learner,23,16,93.11,25,17.22,38.33,12,6,Improving,SQL,Easy,0.73,1
LRN00368,Fast Learner,55,33,98.0,19,26.71,91.67,8,7,Declining,Generative AI,Hard,0.654,1
LRN00369,Struggling Learner,9,7,36.65,1,7.63,15.0,3,3,Declining,Generative AI,Easy,0.151,0
LRN00370,Casual Learner,24,18,56.73,4,8.94,40.0,1,5,Stable,Python,Easy,0.378,0
LRN00371,Fast Learner,41,22,98.0,28,26.89,68.33,10,14,Improving,Python,Hard,0.797,1
LRN00372,Casual Learner,7,5,55.18,2,7.34,11.67,4,4,Declining,MLOps,Medium,0.231,0
LRN00373,Struggling Learner,13,9,36.42,3,2.61,21.67,3,2,Declining,MLOps,Medium,0.151,0
LRN00374,Consistent Learner,44,37,72.02,12,13.49,73.33,9,12,Improving,MLOps,Medium,0.65,1
LRN00375,Consistent Learner,36,23,68.51,16,10.11,60.0,10,9,Improving,Machine Learning,Easy,0.61,1
LRN00376,Casual Learner,24,15,56.76,10,5.48,40.0,3,1,Stable,Machine Learning,Medium,0.388,0
LRN00377,Struggling Learner,11,8,37.39,3,6.42,18.33,1,0,Declining,SQL,Easy,0.157,0
LRN00378,Casual Learner,22,12,64.94,10,8.53,36.67,5,0,Improving,Python,Hard,0.463,0
LRN00379,Casual Learner,7,5,46.81,3,3.58,11.67,2,0,Declining,NLP,Medium,0.179,0
LRN00380,Casual Learner,24,16,43.39,2,3.52,40.0,5,3,Stable,Generative AI,Easy,0.305,0
LRN00381,Casual Learner,21,10,54.42,9,9.29,35.0,1,5,Improving,SQL,Easy,0.452,0
LRN00382,Consistent Learner,41,32,79.08,16,15.93,68.33,13,3,Improving,Machine Learning,Medium,0.701,1
LRN00383,Casual Learner,16,14,56.15,4,11.67,26.67,1,4,Stable,Python,Easy,0.358,0
LRN00384,Fast Learner,37,32,98.0,25,26.55,61.67,9,13,Stable,Generative AI,Easy,0.742,1
LRN00385,Consistent Learner,35,30,97.74,20,21.55,58.33,12,10,Improving,Machine Learning,Easy,0.792,1
LRN00386,Struggling Learner,7,5,36.74,3,6.6,11.67,2,0,Stable,NLP,Medium,0.224,0
LRN00387,Fast Learner,40,24,98.0,26,26.1,66.67,11,14,Improving,SQL,Medium,0.838,1
LRN00388,Casual Learner,13,8,48.38,3,4.86,21.67,1,4,Improving,Python,Medium,0.368,0
LRN00389,Casual Learner,22,13,63.81,7,11.62,36.67,2,4,Declining,Generative AI,Hard,0.293,0
LRN00390,Struggling Learner,8,5,34.01,4,3.79,13.33,1,0,Declining,Python,Medium,0.126,0
LRN00391,Casual Learner,10,6,52.86,1,7.11,16.67,5,4,Improving,SQL,Medium,0.39,0
LRN00392,Consistent Learner,28,19,76.94,18,12.81,46.67,8,7,Improving,NLP,Medium,0.63,1
LRN00393,Casual Learner,16,11,61.73,4,10.69,26.67,3,1,Stable,Python,Medium,0.385,0
LRN00394,Casual Learner,17,9,46.44,2,4.76,28.33,3,0,Declining,MLOps,Medium,0.214,0
LRN00395,Casual Learner,14,7,46.72,9,5.26,23.33,0,3,Improving,Machine Learning,Medium,0.378,0
LRN00396,Consistent Learner,30,26,81.92,21,13.9,50.0,13,11,Improving,Python,Medium,0.683,1
LRN00397,Casual Learner,23,20,56.72,10,8.18,38.33,4,1,Stable,Generative AI,Medium,0.396,0
LRN00398,Struggling Learner,12,9,40.53,3,5.3,20.0,1,1,Declining,Generative AI,Medium,0.171,0
LRN00399,Fast Learner,40,24,98.0,25,23.84,66.67,13,15,Improving,Machine Learning,Hard,0.783,1
LRN00400,Struggling Learner,14,11,33.27,1,3.9,23.33,0,1,Declining,MLOps,Medium,0.132,0
LRN00401,Consistent Learner,23,11,82.11,25,10.96,38.33,13,3,Stable,Python,Easy,0.582,1
LRN00402,Fast Learner,47,31,98.0,22,23.26,78.33,19,9,Improving,SQL,Easy,0.861,1
LRN00403,Struggling Learner,10,5,44.26,3,7.05,16.67,2,3,Declining,Generative AI,Medium,0.189,0
LRN00404,Casual Learner,23,14,56.34,10,6.91,38.33,5,4,Stable,Python,Medium,0.392,0
LRN00405,Consistent Learner,29,19,65.52,14,10.16,48.33,10,7,Stable,NLP,Easy,0.488,1
LRN00406,Casual Learner,24,13,50.04,0,5.08,40.0,4,2,Stable,SQL,Easy,0.332,0
LRN00407,Consistent Learner,32,22,77.46,12,13.31,53.33,11,6,Improving,MLOps,Medium,0.639,1
LRN00408,Casual Learner,13,8,48.14,1,6.72,21.67,1,1,Stable,Machine Learning,Medium,0.288,0
LRN00409,Consistent Learner,24,14,61.67,10,10.74,40.0,7,4,Improving,Python,Easy,0.517,0
LRN00410,Consistent Learner,30,23,83.77,25,16.3,50.0,10,10,Improving,SQL,Easy,0.703,1
LRN00411,Fast Learner,50,27,98.0,23,21.09,83.33,14,5,Improving,NLP,Easy,0.854,1
LRN00412,Fast Learner,58,44,98.0,21,31.11,96.67,15,11,Improving,MLOps,Medium,0.908,1
LRN00413,Consistent Learner,23,19,81.74,19,13.8,38.33,8,8,Improving,Python,Easy,0.641,1
LRN00414,Fast Learner,60,30,98.0,18,22.69,100.0,14,8,Stable,NLP,Medium,0.8,1
LRN00415,Casual Learner,12,7,51.63,1,4.42,20.0,5,4,Declining,Python,Easy,0.222,0
LRN00416,Casual Learner,8,6,47.97,3,4.13,13.33,2,4,Declining,NLP,Medium,0.189,0
LRN00417,Consistent Learner,43,31,73.06,11,12.02,71.67,12,10,Improving,Generative AI,Easy,0.652,1
LRN00418,Casual Learner,13,6,58.56,9,10.81,21.67,4,1,Improving,Machine Learning,Medium,0.457,0
LRN00419,Casual Learner,21,17,48.98,2,6.41,35.0,0,4,Improving,MLOps,Easy,0.397,1
LRN00420,Casual Learner,11,8,54.0,7,7.72,18.33,4,1,Stable,Python,Easy,0.334,0
LRN00421,Fast Learner,39,27,95.24,16,21.04,65.0,11,6,Improving,NLP,Medium,0.779,1
LRN00422,Casual Learner,13,6,50.46,3,3.44,21.67,4,5,Improving,NLP,Hard,0.33,0
LRN00423,Consistent Learner,40,33,76.42,23,10.91,66.67,10,3,Improving,Python,Hard,0.63,1
LRN00424,Consistent Learner,36,20,77.75,17,11.46,60.0,13,9,Improving,MLOps,Hard,0.616,1
LRN00425,Casual Learner,8,5,60.5,9,9.9,13.33,2,5,Declining,SQL,Medium,0.281,0
LRN00426,Consistent Learner,41,29,86.73,24,12.37,68.33,10,8,Stable,NLP,Medium,0.657,1
LRN00427,Casual Learner,24,19,54.31,8,5.17,40.0,1,3,Improving,NLP,Medium,0.445,0
LRN00428,Casual Learner,14,7,59.69,8,8.36,23.33,1,2,Improving,Machine Learning,Easy,0.447,1
LRN00429,Casual Learner,13,11,58.46,8,11.27,21.67,4,4,Improving,Machine Learning,Easy,0.455,0
LRN00430,Struggling Learner,7,5,30.0,2,2.63,11.67,0,3,Improving,Machine Learning,Medium,0.252,0
LRN00431,Casual Learner,23,14,57.27,1,10.38,38.33,4,5,Stable,Python,Medium,0.382,1
LRN00432,Consistent Learner,33,28,78.31,13,16.25,55.0,8,12,Improving,Python,Medium,0.651,1
LRN00433,Consistent Learner,24,18,82.23,17,14.9,40.0,7,3,Declining,Generative AI,Medium,0.483,0
LRN00434,Consistent Learner,45,31,81.53,14,15.91,75.0,10,4,Improving,Machine Learning,Easy,0.712,1
LRN00435,Casual Learner,9,6,60.51,7,9.86,15.0,4,1,Improving,Generative AI,Hard,0.394,0
LRN00436,Consistent Learner,28,15,98.0,20,21.65,46.67,15,12,Improving,Machine Learning,Easy,0.777,1
LRN00437,Casual Learner,14,10,48.79,5,4.52,23.33,4,3,Declining,SQL,Easy,0.225,0
LRN00438,Casual Learner,7,6,45.6,0,4.01,11.67,1,4,Declining,Python,Medium,0.164,0
LRN00439,Consistent Learner,35,20,75.24,16,10.34,58.33,13,6,Improving,NLP,Medium,0.645,1
LRN00440,Casual Learner,5,3,51.79,10,6.39,8.33,4,0,Improving,MLOps,Medium,0.388,0
LRN00441,Casual Learner,5,4,51.8,10,3.6,8.33,2,5,Declining,Python,Easy,0.213,0
LRN00442,Consistent Learner,32,27,81.16,13,17.63,53.33,10,10,Improving,Generative AI,Hard,0.62,1
LRN00443,Casual Learner,6,4,53.48,8,5.23,10.0,2,2,Improving,MLOps,Medium,0.384,0
LRN00444,Consistent Learner,36,30,82.41,11,14.14,60.0,15,7,Stable,Python,Hard,0.555,1
LRN00445,Consistent Learner,30,21,88.57,14,23.46,50.0,6,9,Stable,MLOps,Easy,0.629,1
LRN00446,Fast Learner,44,24,98.0,25,33.47,73.33,15,13,Improving,MLOps,Hard,0.822,1
LRN00447,Consistent Learner,42,32,91.97,14,23.48,70.0,11,5,Improving,Python,Medium,0.777,1
LRN00448,Fast Learner,45,36,98.0,19,32.27,75.0,19,5,Improving,NLP,Medium,0.869,1
LRN00449,Casual Learner,25,13,53.05,4,11.4,41.67,1,1,Declining,Generative AI,Medium,0.293,0
LRN00450,Casual Learner,24,12,53.43,10,5.09,40.0,0,2,Improving,Generative AI,Medium,0.444,0
LRN00451,Fast Learner,47,27,98.0,19,26.35,78.33,10,8,Declining,Machine Learning,Hard,0.631,1
LRN00452,Casual Learner,11,9,51.33,1,9.82,18.33,1,3,Stable,NLP,Hard,0.256,0
LRN00453,Casual Learner,24,15,63.12,6,9.62,40.0,5,2,Stable,Generative AI,Medium,0.425,1
LRN00454,Casual Learner,21,14,45.53,7,3.98,35.0,0,1,Declining,Generative AI,Medium,0.227,0
LRN00455,Struggling Learner,6,4,32.98,3,3.04,10.0,2,2,Declining,Python,Medium,0.112,0
LRN00456,Consistent Learner,40,35,78.82,13,16.78,66.67,7,12,Improving,NLP,Medium,0.676,1
LRN00457,Consistent Learner,42,26,96.24,24,23.44,70.0,6,7,Stable,SQL,Medium,0.73,1
LRN00458,Fast Learner,49,38,98.0,17,28.78,81.67,16,11,Improving,SQL,Medium,0.866,1
LRN00459,Casual Learner,15,12,52.82,10,8.09,25.0,1,1,Declining,NLP,Medium,0.264,0
LRN00460,Struggling Learner,9,4,36.63,0,5.39,15.0,1,1,Improving,NLP,Hard,0.245,0
LRN00461,Fast Learner,50,33,98.0,30,22.04,83.33,15,11,Improving,Generative AI,Easy,0.879,1
LRN00462,Casual Learner,11,7,38.21,2,3.44,18.33,0,5,Improving,Generative AI,Hard,0.255,0
LRN00463,Struggling Learner,1,1,31.26,1,1.76,1.67,1,2,Declining,Generative AI,Easy,0.075,0
LRN00464,Casual Learner,6,5,48.96,4,3.84,10.0,2,2,Declining,Generative AI,Easy,0.189,0
LRN00465,Fast Learner,43,33,98.0,28,23.6,71.67,16,8,Improving,MLOps,Hard,0.808,1
LRN00466,Fast Learner,58,48,98.0,24,29.71,96.67,14,14,Improving,Generative AI,Medium,0.912,1
LRN00467,Casual Learner,21,17,54.97,7,9.56,35.0,3,1,Improving,SQL,Easy,0.455,0
LRN00468,Casual Learner,8,5,53.79,3,9.64,13.33,4,3,Stable,MLOps,Easy,0.319,0
LRN00469,Casual Learner,13,9,57.84,4,10.11,21.67,2,4,Improving,Machine Learning,Medium,0.433,1
LRN00470,Casual Learner,5,4,54.72,3,10.49,8.33,2,2,Stable,Python,Medium,0.311,0
LRN00471,Casual Learner,22,11,60.11,7,11.06,36.67,3,5,Stable,MLOps,Medium,0.407,0
LRN00472,Consistent Learner,41,25,74.98,21,14.98,68.33,6,5,Declining,MLOps,Medium,0.515,0
LRN00473,Casual Learner,10,7,52.95,4,8.36,16.67,5,2,Improving,SQL,Medium,0.403,1
LRN00474,Consistent Learner,36,29,80.34,13,14.53,60.0,10,3,Improving,Python,Medium,0.67,1
LRN00475,Fast Learner,45,25,98.0,24,33.7,75.0,20,10,Stable,Generative AI,Medium,0.805,1
LRN00476,Casual Learner,19,11,46.57,8,6.49,31.67,0,0,Declining,Python,Medium,0.236,0
LRN00477,Fast Learner,59,47,98.0,24,29.2,98.33,8,14,Improving,SQL,Easy,0.899,1
LRN00478,Consistent Learner,34,20,80.95,18,20.07,56.67,7,5,Improving,Generative AI,Easy,0.69,1
LRN00479,Consistent Learner,28,15,79.1,19,12.12,46.67,14,6,Stable,Generative AI,Medium,0.575,0
LRN00480,Consistent Learner,41,27,70.03,22,10.76,68.33,5,4,Improving,Generative AI,Medium,0.639,1
LRN00481,Consistent Learner,31,16,87.56,16,14.69,51.67,15,11,Stable,Generative AI,Easy,0.626,1
LRN00482,Struggling Learner,14,8,30.0,2,1.68,23.33,3,3,Declining,Generative AI,Easy,0.12,0
LRN00483,Fast Learner,56,28,98.0,25,23.62,93.33,15,12,Improving,NLP,Hard,0.841,1
LRN00484,Consistent Learner,38,23,74.66,13,11.91,63.33,11,4,Stable,Generative AI,Medium,0.564,1
LRN00485,Consistent Learner,27,17,95.37,25,18.22,45.0,11,4,Improving,NLP,Medium,0.754,1
LRN00486,Casual Learner,10,7,53.61,1,8.96,16.67,5,5,Stable,NLP,Medium,0.32,0
LRN00487,Consistent Learner,29,22,94.67,12,24.34,48.33,14,4,Stable,Machine Learning,Medium,0.671,1
LRN00488,Fast Learner,39,29,98.0,15,33.08,65.0,20,7,Improving,Generative AI,Medium,0.841,1
LRN00489,Casual Learner,15,11,57.5,10,5.7,25.0,2,3,Declining,Generative AI,Easy,0.279,0
LRN00490,Consistent Learner,24,21,81.99,11,22.79,40.0,10,11,Improving,Machine Learning,Easy,0.659,1
LRN00491,Fast Learner,48,37,98.0,27,29.94,80.0,18,10,Improving,SQL,Medium,0.898,1
LRN00492,Fast Learner,47,28,98.0,26,32.34,78.33,14,7,Improving,Python,Easy,0.882,1
LRN00493,Casual Learner,20,15,49.14,2,8.92,33.33,0,1,Stable,MLOps,Medium,0.323,0
LRN00494,Fast Learner,51,30,98.0,29,25.21,85.0,14,10,Improving,NLP,Hard,0.837,1
LRN00495,Consistent Learner,33,23,94.2,21,23.9,55.0,5,3,Improving,NLP,Hard,0.712,1
LRN00496,Casual Learner,21,11,62.58,4,11.85,35.0,3,4,Improving,NLP,Medium,0.489,1
LRN00497,Casual Learner,25,13,54.21,9,7.85,41.67,2,4,Declining,NLP,Medium,0.302,0
LRN00498,Casual Learner,15,7,54.41,4,6.79,25.0,2,1,Declining,MLOps,Medium,0.253,0
LRN00499,Casual Learner,23,18,47.53,0,4.52,38.33,5,2,Improving,Python,Easy,0.398,0
LRN00500,Casual Learner,13,6,42.4,4,4.19,21.67,2,2,Improving,Generative AI,Medium,0.344,0
LRN00501,Consistent Learner,25,20,83.9,17,13.92,41.67,12,5,Improving,Python,Hard,0.613,1
LRN00502,Casual Learner,20,15,59.42,6,9.77,33.33,3,1,Improving,Generative AI,Medium,0.47,0
LRN00503,Casual Learner,8,4,50.97,7,3.47,13.33,3,3,Declining,Generative AI,Easy,0.214,0
LRN00504,Consistent Learner,28,24,75.65,23,12.18,46.67,5,7,Improving,Generative AI,Medium,0.628,0
LRN00505,Struggling Learner,11,6,43.76,3,7.69,18.33,2,2,Stable,Generative AI,Medium,0.272,0
LRN00506,Casual Learner,23,17,54.9,8,9.93,38.33,2,5,Stable,MLOps,Easy,0.383,0
LRN00507,Consistent Learner,36,28,78.06,24,11.56,60.0,10,6,Improving,Generative AI,Easy,0.679,1
LRN00508,Casual Learner,11,9,56.2,10,11.55,18.33,0,5,Stable,NLP,Medium,0.355,0
LRN00509,Casual Learner,10,6,59.36,2,11.06,16.67,2,2,Stable,Machine Learning,Medium,0.348,0
LRN00510,Casual Learner,15,9,43.9,1,5.32,25.0,2,0,Improving,Machine Learning,Easy,0.353,0
LRN00511,Struggling Learner,6,3,39.1,1,5.27,10.0,3,0,Stable,MLOps,Easy,0.224,0
LRN00512,Consistent Learner,21,18,73.33,18,11.09,35.0,12,3,Improving,Python,Medium,0.595,1
LRN00513,Casual Learner,17,11,57.2,8,8.17,28.33,5,3,Declining,Python,Medium,0.295,0
LRN00514,Struggling Learner,15,11,31.78,4,1.85,25.0,2,2,Declining,MLOps,Easy,0.135,0
LRN00515,Struggling Learner,2,1,42.51,2,6.89,3.33,1,1,Declining,Machine Learning,Medium,0.149,0
LRN00516,Casual Learner,16,9,52.12,10,7.38,26.67,3,5,Improving,Generative AI,Easy,0.427,0
LRN00517,Casual Learner,25,12,48.31,8,5.77,41.67,3,0,Declining,Python,Medium,0.269,0
LRN00518,Casual Learner,21,16,54.62,10,7.13,35.0,4,1,Improving,MLOps,Easy,0.456,1
LRN00519,Consistent Learner,39,29,70.78,14,10.69,65.0,5,5,Stable,Python,Medium,0.534,0
LRN00520,Casual Learner,8,4,48.87,9,4.03,13.33,4,1,Stable,MLOps,Medium,0.294,0
LRN00521,Struggling Learner,4,2,30.0,1,3.25,6.67,0,1,Stable,NLP,Easy,0.162,0
LRN00522,Fast Learner,42,34,98.0,16,33.74,70.0,10,6,Improving,SQL,Easy,0.829,1
LRN00523,Fast Learner,40,31,98.0,24,33.74,66.67,14,12,Improving,Generative AI,Medium,0.853,1
LRN00524,Fast Learner,57,42,98.0,20,18.64,95.0,19,12,Stable,Machine Learning,Medium,0.794,1
LRN00525,Consistent Learner,23,19,98.0,13,24.8,38.33,14,8,Improving,NLP,Medium,0.75,1
LRN00526,Consistent Learner,26,18,73.83,14,11.69,43.33,15,10,Stable,Python,Medium,0.533,0
LRN00527,Consistent Learner,30,23,91.83,24,19.25,50.0,5,4,Improving,Python,Medium,0.734,1
LRN00528,Struggling Learner,14,11,41.01,2,5.15,23.33,3,1,Stable,Python,Medium,0.261,0
LRN00529,Casual Learner,11,8,42.51,3,6.38,18.33,0,3,Stable,SQL,Hard,0.207,0
LRN00530,Consistent Learner,24,21,83.62,16,16.87,40.0,15,8,Improving,MLOps,Medium,0.673,1
LRN00531,Fast Learner,49,28,98.0,20,25.8,81.67,20,10,Improving,MLOps,Hard,0.824,1
LRN00532,Casual Learner,22,15,59.5,1,10.7,36.67,3,4,Stable,NLP,Easy,0.387,0
LRN00533,Casual Learner,12,10,52.16,6,5.23,20.0,4,1,Improving,Generative AI,Hard,0.348,0
LRN00534,Fast Learner,50,32,98.0,16,30.47,83.33,14,13,Improving,Python,Medium,0.865,1
LRN00535,Casual Learner,5,3,51.95,6,9.24,8.33,1,1,Declining,Python,Medium,0.22,0
LRN00536,Casual Learner,23,18,56.03,0,9.73,38.33,3,3,Stable,Machine Learning,Medium,0.369,0
LRN00537,Fast Learner,55,34,98.0,25,19.2,91.67,16,5,Improving,Generative AI,Medium,0.875,1
LRN00538,Casual Learner,7,4,60.48,5,8.58,11.67,5,0,Stable,Python,Easy,0.35,0
LRN00539,Casual Learner,16,8,58.14,10,6.3,26.67,4,5,Improving,Machine Learning,Easy,0.453,0
LRN00540,Consistent Learner,44,28,80.73,16,18.7,73.33,8,8,Improving,Machine Learning,Easy,0.715,1
LRN00541,Consistent Learner,36,27,83.38,13,17.9,60.0,12,11,Improving,Generative AI,Medium,0.7,1
LRN00542,Casual Learner,7,4,44.43,7,4.7,11.67,0,0,Declining,Python,Easy,0.178,0
LRN00543,Casual Learner,20,10,46.7,3,4.35,33.33,4,5,Stable,SQL,Medium,0.309,0
LRN00544,Casual Learner,5,4,44.43,1,5.62,8.33,0,1,Stable,Generative AI,Medium,0.238,0
LRN00545,Consistent Learner,38,27,98.0,24,19.99,63.33,12,7,Improving,Machine Learning,Easy,0.808,1
LRN00546,Consistent Learner,21,15,75.95,19,12.23,35.0,12,5,Improving,SQL,Hard,0.563,1
LRN00547,Casual Learner,9,6,41.89,1,4.45,15.0,0,2,Stable,SQL,Medium,0.236,0
LRN00548,Consistent Learner,31,22,80.44,24,12.22,51.67,13,5,Improving,NLP,Medium,0.683,1
LRN00549,Struggling Learner,4,2,30.24,5,1.03,6.67,2,2,Declining,Generative AI,Medium,0.091,0
LRN00550,Casual Learner,19,16,45.77,1,6.05,31.67,5,3,Stable,Machine Learning,Easy,0.305,0
LRN00551,Consistent Learner,31,22,70.7,11,11.39,51.67,14,6,Stable,Machine Learning,Easy,0.524,0
LRN00552,Casual Learner,7,4,59.42,6,11.78,11.67,1,3,Declining,MLOps,Medium,0.268,0
LRN00553,Struggling Learner,11,7,37.13,0,3.7,18.33,2,2,Declining,Python,Easy,0.141,0
LRN00554,Casual Learner,18,15,53.69,4,10.23,30.0,1,5,Declining,SQL,Hard,0.219,0
LRN00555,Fast Learner,44,35,98.0,25,26.07,73.33,9,14,Improving,Machine Learning,Medium,0.844,1
LRN00556,Casual Learner,9,6,52.02,6,4.79,15.0,2,4,Stable,Generative AI,Medium,0.301,0
LRN00557,Consistent Learner,20,17,90.44,14,21.87,33.33,9,7,Improving,MLOps,Medium,0.686,1
LRN00558,Fast Learner,57,39,98.0,15,28.96,95.0,9,9,Improving,Machine Learning,Medium,0.87,1
LRN00559,Struggling Learner,15,12,35.16,0,7.82,25.0,2,0,Improving,Machine Learning,Medium,0.319,0
LRN00560,Consistent Learner,21,10,85.95,23,14.09,35.0,15,8,Improving,Python,Medium,0.683,1
LRN00561,Fast Learner,38,32,98.0,20,28.18,63.33,16,10,Improving,Machine Learning,Easy,0.835,1
LRN00562,Consistent Learner,37,26,77.48,14,18.7,61.67,5,5,Improving,Machine Learning,Hard,0.614,1
LRN00563,Consistent Learner,36,27,84.0,16,13.32,60.0,13,12,Stable,MLOps,Medium,0.618,1
LRN00564,Fast Learner,49,33,98.0,18,33.57,81.67,10,5,Improving,NLP,Hard,0.807,1
LRN00565,Casual Learner,15,12,42.25,4,4.55,25.0,0,5,Declining,SQL,Medium,0.186,0
LRN00566,Consistent Learner,22,17,77.93,13,16.37,36.67,6,3,Improving,Python,Easy,0.608,1
LRN00567,Casual Learner,20,12,39.41,4,4.07,33.33,0,0,Improving,Python,Hard,0.298,0
LRN00568,Struggling Learner,5,4,37.96,0,5.69,8.33,0,1,Declining,Machine Learning,Medium,0.126,0
LRN00569,Casual Learner,24,19,52.6,9,5.18,40.0,0,0,Stable,MLOps,Easy,0.358,0
LRN00570,Struggling Learner,0,1,38.52,0,7.82,0.0,1,3,Declining,Python,Easy,0.122,0
LRN00571,Consistent Learner,26,14,81.47,23,17.71,43.33,6,8,Improving,Machine Learning,Medium,0.669,1
LRN00572,Fast Learner,45,33,98.0,27,26.39,75.0,12,12,Declining,NLP,Easy,0.701,1
LRN00573,Struggling Learner,13,7,36.17,0,2.32,21.67,3,2,Declining,Python,Medium,0.141,0
LRN00574,Casual Learner,8,7,53.15,6,4.29,13.33,5,4,Declining,SQL,Easy,0.229,0
LRN00575,Consistent Learner,39,32,94.24,22,22.66,65.0,6,6,Improving,MLOps,Medium,0.783,1
LRN00576,Casual Learner,25,18,57.98,5,11.49,41.67,3,5,Stable,Machine Learning,Easy,0.403,0
LRN00577,Fast Learner,50,39,98.0,19,26.45,83.33,8,6,Improving,Python,Hard,0.796,1
LRN00578,Casual Learner,9,6,50.99,9,5.72,15.0,0,0,Stable,NLP,Easy,0.303,0
LRN00579,Consistent Learner,28,23,70.9,10,18.14,46.67,5,9,Improving,NLP,Medium,0.592,0
LRN00580,Fast Learner,56,39,98.0,24,32.63,93.33,19,7,Stable,NLP,Medium,0.839,1
LRN00581,Consistent Learner,37,31,96.29,25,20.28,61.67,12,11,Improving,NLP,Medium,0.801,1
LRN00582,Casual Learner,14,7,46.09,0,5.88,23.33,4,0,Declining,Generative AI,Easy,0.204,0
LRN00583,Consistent Learner,23,12,83.78,21,16.42,38.33,11,8,Improving,Machine Learning,Medium,0.672,1
LRN00584,Fast Learner,44,27,97.73,20,19.95,73.33,8,13,Stable,Generative AI,Medium,0.726,1
LRN00585,Fast Learner,50,32,98.0,25,28.0,83.33,14,14,Stable,Python,Medium,0.803,1
LRN00586,Consistent Learner,45,27,94.2,20,21.47,75.0,7,12,Improving,MLOps,Hard,0.746,1
LRN00587,Casual Learner,22,19,44.61,4,4.93,36.67,0,2,Improving,MLOps,Hard,0.331,0
LRN00588,Casual Learner,23,15,45.54,1,6.03,38.33,4,4,Declining,MLOps,Hard,0.184,0
LRN00589,Consistent Learner,41,24,85.0,16,18.1,68.33,11,9,Improving,Generative AI,Easy,0.73,1
LRN00590,Casual Learner,10,8,51.87,3,8.19,16.67,5,5,Stable,Generative AI,Hard,0.265,0
LRN00591,Struggling Learner,1,1,38.75,2,4.66,1.67,3,1,Declining,NLP,Medium,0.126,0
LRN00592,Struggling Learner,6,3,39.79,2,6.92,10.0,2,1,Declining,Python,Easy,0.152,0
LRN00593,Casual Learner,14,10,50.24,8,7.18,23.33,3,3,Improving,SQL,Easy,0.406,0
LRN00594,Consistent Learner,37,19,77.52,11,12.64,61.67,12,3,Improving,Machine Learning,Hard,0.604,1
LRN00595,Consistent Learner,31,18,85.32,12,20.08,51.67,11,5,Improving,Python,Medium,0.694,1
LRN00596,Struggling Learner,8,6,30.75,0,4.48,13.33,1,0,Declining,MLOps,Medium,0.102,0
LRN00597,Consistent Learner,33,29,71.0,13,13.27,55.0,7,6,Improving,Generative AI,Easy,0.606,1
LRN00598,Casual Learner,8,4,49.05,6,5.85,13.33,3,5,Declining,SQL,Medium,0.21,0
LRN00599,Casual Learner,5,3,59.82,9,8.81,8.33,0,5,Stable,MLOps,Easy,0.339,0
LRN00600,Consistent Learner,42,35,79.15,13,15.44,70.0,13,6,Stable,NLP,Hard,0.565,1
LRN00601,Consistent Learner,44,33,78.19,16,13.53,73.33,7,10,Stable,NLP,Medium,0.604,1
LRN00602,Fast Learner,59,51,98.0,30,33.99,98.33,19,11,Improving,Python,Hard,0.895,1
LRN00603,Consistent Learner,31,24,87.68,20,16.31,51.67,12,3,Improving,NLP,Medium,0.716,1
LRN00604,Consistent Learner,40,23,74.01,12,14.58,66.67,6,5,Stable,MLOps,Medium,0.562,1
LRN00605,Casual Learner,15,11,52.26,2,7.06,25.0,2,1,Declining,SQL,Easy,0.239,0
LRN00606,Consistent Learner,32,27,90.83,17,24.17,53.33,5,3,Improving,Python,Hard,0.684,1
LRN00607,Casual Learner,10,6,45.96,9,3.45,16.67,3,4,Stable,Generative AI,Easy,0.283,0
LRN00608,Consistent Learner,34,26,90.92,25,22.41,56.67,6,6,Stable,Machine Learning,Easy,0.679,1
LRN00609,Fast Learner,41,23,98.0,24,28.2,68.33,19,15,Stable,Python,Easy,0.783,1
LRN00610,Casual Learner,12,6,56.68,10,6.33,20.0,5,3,Declining,MLOps,Medium,0.275,0
LRN00611,Consistent Learner,33,23,81.88,18,21.04,55.0,6,4,Stable,NLP,Hard,0.562,1
LRN00612,Struggling Learner,1,1,34.17,4,1.04,1.67,3,2,Stable,Generative AI,Easy,0.179,0
LRN00613,Fast Learner,50,31,98.0,29,33.82,83.33,10,6,Improving,Python,Medium,0.89,1
LRN00614,Consistent Learner,28,20,95.94,23,21.22,46.67,9,7,Improving,Machine Learning,Medium,0.76,1
LRN00615,Casual Learner,20,15,54.41,2,9.87,33.33,4,5,Improving,Python,Easy,0.44,0
LRN00616,Consistent Learner,42,28,86.6,13,17.01,70.0,12,3,Improving,NLP,Medium,0.731,1
LRN00617,Struggling Learner,3,2,35.27,1,3.45,5.0,2,1,Declining,Generative AI,Hard,0.058,0
LRN00618,Casual Learner,5,4,52.16,9,7.73,8.33,1,3,Stable,Python,Hard,0.254,0
LRN00619,Casual Learner,8,4,47.83,9,6.55,13.33,0,2,Declining,MLOps,Medium,0.208,0
LRN00620,Consistent Learner,41,36,70.68,11,10.09,68.33,15,12,Stable,MLOps,Hard,0.505,1
LRN00621,Fast Learner,36,28,98.0,24,31.63,60.0,13,5,Improving,Python,Medium,0.838,1
LRN00622,Struggling Learner,12,9,30.0,1,1.62,20.0,1,3,Declining,MLOps,Easy,0.106,0
LRN00623,Casual Learner,14,10,63.12,9,11.13,23.33,1,2,Stable,NLP,Medium,0.394,0
LRN00624,Consistent Learner,39,22,88.23,23,16.35,65.0,10,12,Improving,Generative AI,Medium,0.748,1
LRN00625,Consistent Learner,41,21,97.44,25,20.7,68.33,13,11,Improving,NLP,Medium,0.823,1
LRN00626,Casual Learner,14,10,60.47,8,10.57,23.33,3,2,Declining,Generative AI,Easy,0.303,0
LRN00627,Fast Learner,56,41,98.0,23,30.25,93.33,13,9,Improving,MLOps,Medium,0.901,1
LRN00628,Fast Learner,47,29,98.0,28,18.77,78.33,19,9,Stable,NLP,Medium,0.782,1
LRN00629,Struggling Learner,5,3,30.0,0,2.48,8.33,2,0,Stable,Python,Easy,0.165,0
LRN00630,Casual Learner,24,15,57.84,4,9.53,40.0,4,4,Stable,NLP,Hard,0.343,0
LRN00631,Fast Learner,41,34,98.0,15,19.9,68.33,19,8,Improving,MLOps,Easy,0.811,1
LRN00632,Struggling Learner,6,4,30.0,3,1.6,10.0,1,3,Declining,MLOps,Medium,0.091,0
LRN00633,Consistent Learner,34,28,82.98,16,18.78,56.67,9,12,Improving,Python,Medium,0.695,1
LRN00634,Struggling Learner,15,10,39.1,4,6.16,25.0,2,0,Declining,Generative AI,Hard,0.132,0
LRN00635,Struggling Learner,7,5,37.73,4,6.0,11.67,0,3,Stable,MLOps,Medium,0.224,0
LRN00636,Consistent Learner,40,24,77.62,23,15.2,66.67,5,5,Improving,SQL,Medium,0.687,1
LRN00637,Casual Learner,24,20,63.95,10,10.68,40.0,3,1,Stable,NLP,Hard,0.388,0
LRN00638,Casual Learner,20,12,57.99,2,10.2,33.33,4,1,Stable,SQL,Easy,0.377,0
LRN00639,Consistent Learner,45,26,82.93,25,16.24,75.0,9,6,Improving,Machine Learning,Medium,0.746,1
LRN00640,Casual Learner,21,11,39.8,1,3.29,35.0,2,3,Stable,NLP,Easy,0.268,0
LRN00641,Consistent Learner,21,15,84.07,18,21.55,35.0,7,11,Improving,NLP,Medium,0.666,1
LRN00642,Casual Learner,8,4,53.31,9,10.03,13.33,0,4,Stable,SQL,Hard,0.274,0
LRN00643,Consistent Learner,34,25,90.89,25,21.43,56.67,6,5,Improving,SQL,Medium,0.755,1
LRN00644,Casual Learner,12,8,54.02,7,10.51,20.0,2,2,Stable,NLP,Medium,0.342,0
LRN00645,Fast Learner,59,39,98.0,22,27.0,98.33,10,11,Improving,Generative AI,Medium,0.891,1
LRN00646,Fast Learner,39,24,98.0,17,31.09,65.0,9,10,Improving,Python,Medium,0.819,1
LRN00647,Struggling Learner,4,2,39.59,0,7.32,6.67,2,3,Declining,Machine Learning,Medium,0.141,0
LRN00648,Consistent Learner,28,21,95.23,14,23.5,46.67,11,10,Improving,Generative AI,Medium,0.745,1
LRN00649,Struggling Learner,12,8,35.14,2,6.43,20.0,0,0,Declining,SQL,Medium,0.145,0
LRN00650,Consistent Learner,36,18,95.82,20,18.28,60.0,15,5,Improving,Machine Learning,Easy,0.783,1
LRN00651,Casual Learner,21,15,41.34,0,3.99,35.0,2,2,Improving,MLOps,Hard,0.304,0
LRN00652,Casual Learner,5,3,56.46,3,7.08,8.33,5,4,Stable,Generative AI,Hard,0.265,0
LRN00653,Consistent Learner,41,32,84.81,14,21.77,68.33,11,11,Improving,SQL,Hard,0.686,1
LRN00654,Fast Learner,57,29,98.0,28,25.24,95.0,9,6,Improving,NLP,Easy,0.892,1
LRN00655,Consistent Learner,37,25,86.61,22,17.78,61.67,9,12,Improving,NLP,Medium,0.734,1
LRN00656,Fast Learner,51,43,98.0,29,20.16,85.0,10,13,Improving,NLP,Easy,0.861,1
LRN00657,Casual Learner,8,5,50.32,6,8.41,13.33,0,0,Stable,Python,Medium,0.297,0
LRN00658,Consistent Learner,35,23,72.5,14,10.42,58.33,7,12,Improving,Machine Learning,Easy,0.612,1
LRN00659,Consistent Learner,23,15,74.52,12,18.21,38.33,5,9,Improving,Machine Learning,Medium,0.597,1
LRN00660,Casual Learner,24,16,45.99,2,4.2,40.0,4,5,Stable,MLOps,Medium,0.316,0
LRN00661,Casual Learner,18,9,53.03,6,6.49,30.0,2,4,Stable,Machine Learning,Medium,0.341,0
LRN00662,Casual Learner,23,12,55.4,4,8.67,38.33,4,5,Improving,Generative AI,Medium,0.456,1
LRN00663,Struggling Learner,6,4,37.9,4,6.25,10.0,0,0,Declining,Machine Learning,Medium,0.142,0
LRN00664,Casual Learner,23,15,50.95,8,7.0,38.33,4,2,Declining,Python,Medium,0.281,0
LRN00665,Fast Learner,51,45,98.0,23,23.4,85.0,9,6,Improving,SQL,Easy,0.853,1
LRN00666,Consistent Learner,33,18,88.8,11,20.18,55.0,14,8,Improving,Python,Medium,0.721,1
LRN00667,Consistent Learner,32,19,87.06,13,24.12,53.33,5,6,Improving,Generative AI,Medium,0.706,1
LRN00668,Fast Learner,36,18,98.0,28,23.41,60.0,9,12,Stable,Python,Easy,0.736,1
LRN00669,Casual Learner,12,8,58.16,10,9.87,20.0,1,2,Declining,Generative AI,Easy,0.284,0
LRN00670,Consistent Learner,25,12,98.0,23,21.73,41.67,13,10,Declining,Generative AI,Easy,0.611,1
LRN00671,Fast Learner,50,44,98.0,23,22.65,83.33,18,11,Improving,Generative AI,Easy,0.869,1
LRN00672,Consistent Learner,22,17,84.75,22,14.51,36.67,6,5,Stable,SQL,Medium,0.577,1
LRN00673,Consistent Learner,41,24,98.0,18,24.18,68.33,12,7,Improving,NLP,Hard,0.766,1
LRN00674,Struggling Learner,4,3,37.71,0,5.53,6.67,3,0,Declining,MLOps,Medium,0.129,0
LRN00675,Consistent Learner,45,38,94.19,12,23.15,75.0,13,3,Improving,Python,Medium,0.796,1
LRN00676,Casual Learner,16,10,41.65,0,6.48,26.67,0,3,Improving,MLOps,Easy,0.342,0
LRN00677,Struggling Learner,11,6,33.45,4,2.34,18.33,2,1,Stable,Machine Learning,Medium,0.211,0
LRN00678,Casual Learner,5,4,53.54,10,4.76,8.33,3,0,Stable,Generative AI,Easy,0.308,0
LRN00679,Casual Learner,24,19,47.8,1,8.09,40.0,4,1,Declining,SQL,Hard,0.205,0
LRN00680,Consistent Learner,41,34,73.44,18,10.35,68.33,15,11,Improving,MLOps,Hard,0.617,0
LRN00681,Struggling Learner,13,10,39.23,3,6.91,21.67,2,0,Stable,Python,Hard,0.206,0
LRN00682,Consistent Learner,33,19,78.3,20,17.99,55.0,5,9,Improving,Python,Hard,0.618,1
LRN00683,Casual Learner,7,4,56.44,3,11.25,11.67,1,2,Improving,NLP,Medium,0.405,0
LRN00684,Casual Learner,15,8,51.65,3,10.56,25.0,0,3,Improving,Machine Learning,Medium,0.406,0
LRN00685,Fast Learner,54,39,98.0,18,28.53,90.0,18,12,Improving,Python,Medium,0.889,1
LRN00686,Casual Learner,9,6,45.26,7,3.56,15.0,0,2,Improving,Python,Medium,0.344,0
LRN00687,Consistent Learner,23,18,90.73,23,19.26,38.33,8,12,Improving,NLP,Medium,0.71,1
LRN00688,Casual Learner,15,10,57.17,10,8.86,25.0,0,3,Improving,Python,Medium,0.443,0
LRN00689,Casual Learner,11,6,57.02,2,11.14,18.33,5,4,Declining,NLP,Easy,0.268,0
LRN00690,Fast Learner,39,31,98.0,28,23.3,65.0,16,15,Stable,SQL,Easy,0.763,1
LRN00691,Consistent Learner,31,21,90.88,14,24.55,51.67,5,6,Stable,NLP,Medium,0.644,1
LRN00692,Casual Learner,11,7,56.92,5,10.07,18.33,1,5,Stable,MLOps,Medium,0.342,0
LRN00693,Struggling Learner,9,7,35.8,1,3.93,15.0,0,3,Declining,Python,Medium,0.127,0
LRN00694,Consistent Learner,26,17,84.54,20,13.59,43.33,11,6,Improving,Python,Easy,0.673,1
LRN00695,Fast Learner,44,25,98.0,26,25.49,73.33,8,5,Improving,Machine Learning,Medium,0.842,1
LRN00696,Casual Learner,10,5,47.32,2,4.76,16.67,2,0,Stable,Python,Medium,0.272,0
LRN00697,Consistent Learner,31,26,95.7,15,22.14,51.67,13,12,Improving,SQL,Hard,0.71,1
LRN00698,Fast Learner,52,34,98.0,26,24.43,86.67,13,14,Stable,Generative AI,Medium,0.798,1
LRN00699,Consistent Learner,24,20,83.19,11,14.92,40.0,15,7,Declining,NLP,Easy,0.491,0
LRN00700,Consistent Learner,41,32,88.99,15,19.22,68.33,13,9,Improving,NLP,Medium,0.754,1
LRN00701,Casual Learner,21,15,58.56,7,9.25,35.0,3,2,Declining,MLOps,Easy,0.311,0
LRN00702,Consistent Learner,27,19,88.36,19,15.94,45.0,11,9,Improving,Generative AI,Easy,0.699,1
LRN00703,Consistent Learner,36,26,76.77,11,15.27,60.0,12,11,Improving,NLP,Medium,0.656,1
LRN00704,Consistent Learner,20,12,71.56,17,12.69,33.33,9,4,Stable,Generative AI,Medium,0.499,0
LRN00705,Consistent Learner,27,19,69.15,12,11.48,45.0,10,3,Improving,Machine Learning,Medium,0.576,1
LRN00706,Casual Learner,13,10,54.3,9,4.72,21.67,1,5,Improving,Machine Learning,Easy,0.41,0
LRN00707,Struggling Learner,12,9,44.02,5,6.75,20.0,0,3,Declining,NLP,Easy,0.194,0
LRN00708,Consistent Learner,27,22,89.74,24,17.74,45.0,12,8,Improving,MLOps,Medium,0.727,1
LRN00709,Struggling Learner,0,1,30.0,4,3.62,0.0,1,2,Declining,Machine Learning,Medium,0.08,0
LRN00710,Casual Learner,17,12,58.67,8,9.87,28.33,2,2,Improving,SQL,Easy,0.46,1
LRN00711,Consistent Learner,40,35,91.12,22,21.99,66.67,11,6,Improving,NLP,Easy,0.783,1
LRN00712,Consistent Learner,29,16,79.26,13,11.4,48.33,15,11,Improving,Python,Easy,0.643,1
LRN00713,Struggling Learner,9,4,30.45,2,2.44,15.0,0,3,Stable,NLP,Medium,0.18,0
LRN00714,Fast Learner,48,26,98.0,17,26.13,80.0,14,8,Improving,MLOps,Medium,0.848,1
LRN00715,Casual Learner,14,9,55.35,8,8.29,23.33,5,5,Declining,NLP,Easy,0.277,0
LRN00716,Casual Learner,21,14,49.23,9,5.96,35.0,3,3,Improving,MLOps,Hard,0.373,0
LRN00717,Casual Learner,14,8,50.26,2,6.52,23.33,3,1,Stable,NLP,Hard,0.257,0
LRN00718,Casual Learner,17,10,51.11,0,9.29,28.33,1,1,Improving,Python,Medium,0.4,0
LRN00719,Consistent Learner,35,28,78.7,13,16.17,58.33,10,4,Stable,NLP,Medium,0.584,1
LRN00720,Consistent Learner,34,27,83.26,24,10.4,56.67,11,8,Improving,Python,Easy,0.694,1
LRN00721,Fast Learner,56,29,98.0,30,30.73,93.33,15,6,Stable,NLP,Easy,0.845,1
LRN00722,Casual Learner,10,6,58.37,9,10.55,16.67,0,1,Stable,Python,Medium,0.355,0
LRN00723,Consistent Learner,34,19,77.32,16,15.37,56.67,5,11,Stable,Generative AI,Medium,0.568,1
LRN00724,Struggling Learner,12,6,34.92,3,5.83,20.0,0,0,Stable,SQL,Medium,0.225,0
LRN00725,Fast Learner,48,37,92.04,15,18.48,80.0,13,8,Declining,Python,Medium,0.628,1
LRN00726,Fast Learner,40,28,96.12,18,18.75,66.67,13,10,Improving,Generative AI,Medium,0.789,1
LRN00727,Consistent Learner,23,17,69.64,15,15.35,38.33,5,9,Improving,SQL,Easy,0.574,1
LRN00728,Casual Learner,16,12,45.19,3,3.4,26.67,3,2,Declining,MLOps,Medium,0.204,0
LRN00729,Struggling Learner,5,3,35.67,0,2.76,8.33,2,3,Declining,Machine Learning,Easy,0.111,0
LRN00730,Casual Learner,20,13,44.12,0,3.61,33.33,4,4,Declining,Generative AI,Medium,0.207,0
LRN00731,Consistent Learner,39,31,88.15,13,21.38,65.0,9,6,Improving,Python,Easy,0.735,1
LRN00732,Consistent Learner,32,28,70.04,11,13.07,53.33,8,12,Stable,SQL,Easy,0.515,1
LRN00733,Casual Learner,21,16,56.78,6,10.13,35.0,5,2,Declining,Machine Learning,Easy,0.308,0
LRN00734,Struggling Learner,7,4,36.65,5,6.61,11.67,1,3,Declining,Python,Hard,0.096,0
LRN00735,Fast Learner,55,31,98.0,21,34.86,91.67,10,6,Stable,SQL,Easy,0.805,1
LRN00736,Casual Learner,14,7,42.51,3,4.48,23.33,1,3,Improving,NLP,Hard,0.293,0
LRN00737,Struggling Learner,15,8,31.05,2,1.56,25.0,3,3,Declining,MLOps,Medium,0.128,0
LRN00738,Struggling Learner,15,12,36.02,3,1.14,25.0,3,0,Declining,SQL,Medium,0.151,0
LRN00739,Consistent Learner,29,20,87.84,22,16.8,48.33,13,12,Stable,SQL,Easy,0.639,1
LRN00740,Fast Learner,51,44,98.0,26,30.42,85.0,15,11,Declining,Machine Learning,Medium,0.738,1
LRN00741,Struggling Learner,2,1,30.0,0,3.86,3.33,0,3,Declining,Machine Learning,Medium,0.075,0
LRN00742,Consistent Learner,42,36,84.65,21,17.33,70.0,5,9,Improving,Python,Hard,0.677,1
LRN00743,Casual Learner,5,3,62.26,10,9.28,8.33,1,2,Improving,SQL,Medium,0.437,1
LRN00744,Casual Learner,5,4,45.35,1,4.05,8.33,5,5,Stable,Python,Medium,0.249,0
LRN00745,Consistent Learner,33,25,81.42,19,13.79,55.0,13,11,Improving,NLP,Medium,0.686,1
LRN00746,Struggling Learner,3,2,39.98,2,5.45,5.0,1,2,Stable,Machine Learning,Easy,0.216,0
LRN00747,Consistent Learner,23,17,84.0,23,11.05,38.33,13,9,Improving,Machine Learning,Easy,0.665,1
LRN00748,Consistent Learner,36,20,98.0,24,24.23,60.0,14,6,Improving,SQL,Easy,0.821,1
LRN00749,Consistent Learner,40,21,90.3,13,23.69,66.67,15,5,Improving,Python,Medium,0.771,1
LRN00750,Consistent Learner,41,32,74.68,10,21.41,68.33,5,7,Improving,Python,Easy,0.663,1
LRN00751,Fast Learner,54,43,98.0,23,26.84,90.0,15,12,Improving,MLOps,Hard,0.839,1
LRN00752,Casual Learner,16,14,60.61,6,8.99,26.67,4,0,Declining,Python,Medium,0.302,0
LRN00753,Casual Learner,9,7,46.76,1,3.23,15.0,4,2,Improving,NLP,Medium,0.344,0
LRN00754,Consistent Learner,33,16,84.96,10,19.9,55.0,15,8,Improving,MLOps,Medium,0.703,1
LRN00755,Casual Learner,17,14,56.49,1,9.65,28.33,2,3,Stable,MLOps,Hard,0.301,0
LRN00756,Casual Learner,14,11,55.06,2,8.46,23.33,4,4,Improving,NLP,Medium,0.418,0
LRN00757,Casual Learner,22,19,59.15,7,11.88,36.67,1,3,Stable,SQL,Easy,0.4,0
LRN00758,Casual Learner,7,6,44.49,0,3.95,11.67,1,2,Improving,Machine Learning,Medium,0.319,0
LRN00759,Casual Learner,9,4,66.37,10,11.3,15.0,5,3,Declining,Generative AI,Medium,0.325,0
LRN00760,Casual Learner,17,13,65.75,6,11.19,28.33,5,5,Stable,SQL,Easy,0.418,0
LRN00761,Fast Learner,37,26,98.0,21,23.78,61.67,19,6,Improving,NLP,Medium,0.827,1
LRN00762,Fast Learner,52,42,98.0,27,21.23,86.67,14,10,Stable,SQL,Medium,0.792,1
LRN00763,Consistent Learner,32,26,76.37,24,10.14,53.33,10,5,Improving,MLOps,Medium,0.653,1
LRN00764,Fast Learner,56,34,98.0,16,32.44,93.33,17,10,Improving,MLOps,Medium,0.893,1
LRN00765,Consistent Learner,29,16,90.11,22,20.56,48.33,5,8,Stable,SQL,Medium,0.642,1
LRN00766,Struggling Learner,5,4,43.79,5,7.0,8.33,3,2,Declining,Python,Medium,0.178,0
LRN00767,Casual Learner,16,12,52.35,6,9.82,26.67,0,4,Declining,MLOps,Hard,0.208,0
LRN00768,Fast Learner,59,40,98.0,16,31.45,98.33,19,9,Improving,MLOps,Medium,0.908,1
LRN00769,Consistent Learner,45,24,86.69,10,21.23,75.0,10,12,Stable,NLP,Hard,0.613,1
LRN00770,Casual Learner,6,3,47.45,7,3.86,10.0,1,0,Stable,NLP,Hard,0.218,0
LRN00771,Consistent Learner,21,16,85.62,22,11.78,35.0,12,7,Improving,NLP,Medium,0.663,1
LRN00772,Casual Learner,7,5,60.15,10,10.0,11.67,3,2,Improving,Python,Easy,0.442,0
LRN00773,Casual Learner,21,14,55.27,9,5.02,35.0,4,4,Improving,Generative AI,Easy,0.449,0
LRN00774,Casual Learner,18,9,49.22,2,5.69,30.0,0,2,Declining,SQL,Medium,0.226,0
LRN00775,Consistent Learner,37,30,93.42,25,21.75,61.67,6,11,Stable,MLOps,Easy,0.698,1
LRN00776,Struggling Learner,3,2,35.5,4,2.26,5.0,1,0,Stable,SQL,Medium,0.19,0
LRN00777,Fast Learner,43,30,98.0,16,32.47,71.67,9,6,Improving,NLP,Hard,0.78,1
LRN00778,Consistent Learner,21,14,98.0,19,24.19,35.0,15,11,Improving,Generative AI,Hard,0.71,1
LRN00779,Casual Learner,21,12,44.51,1,4.89,35.0,5,0,Improving,SQL,Hard,0.332,0
LRN00780,Consistent Learner,31,18,78.86,23,14.16,51.67,6,11,Stable,NLP,Medium,0.582,1
LRN00781,Casual Learner,9,5,53.37,1,7.82,15.0,5,5,Stable,MLOps,Medium,0.311,0
LRN00782,Casual Learner,24,15,49.75,2,4.48,40.0,2,3,Improving,Machine Learning,Easy,0.409,0
LRN00783,Consistent Learner,22,17,72.47,12,14.94,36.67,10,8,Stable,Machine Learning,Easy,0.506,0
LRN00784,Struggling Learner,12,8,40.46,0,7.66,20.0,1,2,Improving,Machine Learning,Medium,0.33,0
LRN00785,Casual Learner,24,21,40.63,0,3.89,40.0,1,2,Stable,MLOps,Medium,0.278,0
LRN00786,Casual Learner,17,13,51.47,2,7.29,28.33,2,0,Stable,SQL,Medium,0.323,0
LRN00787,Fast Learner,58,44,98.0,26,28.87,96.67,19,8,Improving,NLP,Hard,0.877,1
LRN00788,Consistent Learner,28,24,92.2,17,24.29,46.67,9,4,Improving,Python,Medium,0.737,1
LRN00789,Consistent Learner,22,15,67.84,11,12.48,36.67,6,7,Stable,NLP,Medium,0.465,1
LRN00790,Fast Learner,50,37,98.0,18,26.76,83.33,14,5,Stable,MLOps,Medium,0.78,1
LRN00791,Consistent Learner,43,38,88.02,11,19.92,71.67,14,10,Stable,Generative AI,Hard,0.62,1
LRN00792,Consistent Learner,24,15,78.99,11,17.71,40.0,11,10,Improving,MLOps,Easy,0.631,1
LRN00793,Casual Learner,8,4,53.2,7,5.61,13.33,2,2,Stable,SQL,Hard,0.258,0
LRN00794,Struggling Learner,1,1,43.38,4,7.55,1.67,3,0,Stable,Machine Learning,Easy,0.242,0
LRN00795,Casual Learner,17,9,48.08,1,6.19,28.33,3,3,Declining,NLP,Easy,0.224,0
LRN00796,Fast Learner,56,34,98.0,30,22.25,93.33,14,10,Improving,Machine Learning,Easy,0.897,1
LRN00797,Casual Learner,10,8,48.28,6,4.26,16.67,0,2,Improving,Machine Learning,Easy,0.361,0
LRN00798,Casual Learner,6,5,42.95,3,4.44,10.0,3,5,Stable,NLP,Medium,0.244,0
LRN00799,Consistent Learner,44,24,98.0,22,21.71,73.33,13,9,Stable,SQL,Easy,0.751,1
LRN00800,Casual Learner,12,9,46.25,5,3.47,20.0,3,4,Improving,NLP,Easy,0.361,0
LRN00801,Casual Learner,21,18,42.7,4,4.68,35.0,0,2,Declining,SQL,Medium,0.208,0
LRN00802,Fast Learner,58,43,98.0,20,26.54,96.67,11,14,Improving,NLP,Easy,0.884,1
LRN00803,Struggling Learner,13,8,30.0,1,1.12,21.67,0,0,Declining,SQL,Easy,0.105,0
LRN00804,Fast Learner,48,30,98.0,24,28.95,80.0,9,9,Stable,SQL,Medium,0.784,1
LRN00805,Fast Learner,36,24,98.0,25,29.23,60.0,11,9,Improving,SQL,Easy,0.833,1
LRN00806,Consistent Learner,23,18,69.98,10,11.45,38.33,15,11,Improving,Machine Learning,Medium,0.574,1
LRN00807,Casual Learner,12,6,50.34,3,8.85,20.0,4,3,Stable,Generative AI,Easy,0.314,0
LRN00808,Struggling Learner,6,5,32.12,3,2.35,10.0,0,0,Stable,NLP,Hard,0.13,0
LRN00809,Casual Learner,6,3,53.4,6,4.15,10.0,4,5,Declining,Generative AI,Hard,0.17,0
LRN00810,Consistent Learner,42,28,80.76,23,11.76,70.0,6,10,Improving,Python,Easy,0.699,1
LRN00811,Struggling Learner,9,7,30.0,4,1.32,15.0,0,1,Declining,Generative AI,Hard,0.05,0
LRN00812,Casual Learner,17,10,51.43,6,8.06,28.33,3,4,Improving,SQL,Medium,0.418,0
LRN00813,Struggling Learner,14,11,35.55,5,4.53,23.33,2,2,Stable,Python,Easy,0.24,0
LRN00814,Consistent Learner,21,17,80.61,18,19.59,35.0,7,7,Declining,SQL,Medium,0.484,0
LRN00815,Consistent Learner,39,23,89.61,20,24.58,65.0,6,11,Stable,Machine Learning,Medium,0.684,1
LRN00816,Casual Learner,16,14,46.93,4,4.97,26.67,1,2,Declining,Generative AI,Easy,0.214,0
LRN00817,Consistent Learner,40,25,76.43,16,13.86,66.67,12,6,Improving,NLP,Easy,0.676,1
LRN00818,Casual Learner,16,9,43.95,7,4.34,26.67,0,3,Declining,SQL,Medium,0.204,0
LRN00819,Fast Learner,44,34,94.42,20,18.36,73.33,10,11,Improving,NLP,Easy,0.791,1
LRN00820,Struggling Learner,3,1,30.11,1,6.07,5.0,0,0,Declining,MLOps,Hard,0.038,0
LRN00821,Casual Learner,13,10,48.12,10,4.28,21.67,4,0,Declining,Generative AI,Medium,0.231,0
LRN00822,Casual Learner,11,6,51.07,9,4.25,18.33,3,1,Improving,Generative AI,Medium,0.392,0
LRN00823,Fast Learner,36,30,98.0,24,19.75,60.0,9,13,Improving,SQL,Easy,0.793,1
LRN00824,Fast Learner,55,38,98.0,27,22.88,91.67,18,6,Improving,Machine Learning,Medium,0.898,1
LRN00825,Fast Learner,37,26,98.0,19,33.22,61.67,10,11,Improving,SQL,Hard,0.77,1
LRN00826,Casual Learner,14,10,51.13,1,6.14,23.33,2,3,Declining,MLOps,Medium,0.225,0
LRN00827,Struggling Learner,4,2,39.48,1,6.44,6.67,2,1,Declining,NLP,Hard,0.09,0
LRN00828,Consistent Learner,43,24,73.72,12,14.18,71.67,10,5,Improving,NLP,Medium,0.659,1
LRN00829,Casual Learner,25,16,52.87,10,6.0,41.67,1,3,Stable,Generative AI,Medium,0.37,0
LRN00830,Fast Learner,57,33,98.0,22,25.17,95.0,19,6,Declining,Python,Medium,0.741,1
LRN00831,Fast Learner,38,23,98.0,26,19.01,63.33,13,7,Stable,NLP,Easy,0.733,1
LRN00832,Fast Learner,39,30,98.0,19,19.99,65.0,14,5,Improving,Python,Medium,0.803,1
LRN00833,Casual Learner,10,5,39.93,5,3.27,16.67,1,0,Declining,NLP,Easy,0.16,0
LRN00834,Casual Learner,21,16,54.27,4,9.29,35.0,3,3,Stable,Python,Easy,0.363,0
LRN00835,Struggling Learner,1,1,33.78,1,5.23,1.67,1,0,Declining,NLP,Medium,0.098,0
LRN00836,Struggling Learner,9,8,37.46,3,5.97,15.0,1,2,Declining,SQL,Medium,0.149,0
LRN00837,Fast Learner,47,32,98.0,17,21.12,78.33,19,12,Improving,NLP,Easy,0.841,1
LRN00838,Casual Learner,11,8,47.41,1,5.43,18.33,0,2,Improving,Machine Learning,Easy,0.351,0
LRN00839,Consistent Learner,20,11,93.71,19,21.35,33.33,8,11,Improving,Python,Hard,0.66,1
LRN00840,Casual Learner,20,10,42.68,5,3.41,33.33,0,2,Improving,NLP,Medium,0.363,0
LRN00841,Consistent Learner,31,26,91.35,13,24.61,51.67,10,9,Improving,SQL,Easy,0.736,1
LRN00842,Consistent Learner,21,11,82.49,14,14.35,35.0,15,10,Declining,SQL,Hard,0.434,1
LRN00843,Casual Learner,10,7,63.14,8,11.94,16.67,4,5,Declining,NLP,Medium,0.309,0
LRN00844,Consistent Learner,33,29,76.77,22,10.6,55.0,8,6,Declining,Generative AI,Medium,0.489,0
LRN00845,Casual Learner,9,6,56.19,4,9.9,15.0,4,0,Improving,Machine Learning,Easy,0.417,0
LRN00846,Consistent Learner,22,19,81.53,24,11.07,36.67,9,10,Improving,SQL,Hard,0.594,1
LRN00847,Consistent Learner,31,26,93.12,22,22.89,51.67,11,12,Improving,Generative AI,Hard,0.715,1
LRN00848,Casual Learner,21,18,49.15,10,7.05,35.0,0,4,Declining,MLOps,Hard,0.211,0
LRN00849,Struggling Learner,9,5,40.09,4,3.63,15.0,3,0,Declining,Machine Learning,Medium,0.161,0
LRN00850,Struggling Learner,14,11,30.0,1,1.76,23.33,0,3,Stable,Machine Learning,Medium,0.19,0
LRN00851,Consistent Learner,43,30,90.4,18,17.14,71.67,12,3,Improving,SQL,Medium,0.765,1
LRN00852,Casual Learner,17,9,44.16,5,3.56,28.33,3,3,Improving,MLOps,Medium,0.368,0
LRN00853,Fast Learner,39,33,98.0,27,19.18,65.0,9,9,Improving,SQL,Medium,0.809,1
LRN00854,Casual Learner,7,3,56.67,6,11.05,11.67,2,2,Stable,NLP,Medium,0.336,0
LRN00855,Struggling Learner,13,9,40.86,5,3.48,21.67,3,0,Stable,MLOps,Medium,0.26,0
LRN00856,Consistent Learner,43,36,91.55,20,21.14,71.67,5,5,Improving,Machine Learning,Easy,0.772,1
LRN00857,Consistent Learner,36,27,92.54,24,20.83,60.0,7,10,Improving,MLOps,Hard,0.717,1
LRN00858,Consistent Learner,25,22,90.04,16,19.01,41.67,10,6,Improving,Python,Medium,0.7,1
LRN00859,Consistent Learner,29,19,81.01,13,17.53,48.33,12,10,Stable,NLP,Medium,0.584,1
LRN00860,Fast Learner,40,29,98.0,26,25.8,66.67,10,13,Improving,MLOps,Medium,0.835,1
LRN00861,Consistent Learner,39,20,82.07,13,24.07,65.0,6,4,Stable,Python,Medium,0.629,1
LRN00862,Struggling Learner,3,2,33.47,4,5.43,5.0,0,2,Declining,Generative AI,Medium,0.109,0
LRN00863,Consistent Learner,23,11,85.74,24,15.26,38.33,11,9,Improving,Machine Learning,Easy,0.685,1
LRN00864,Consistent Learner,45,23,83.82,17,23.64,75.0,5,9,Stable,Generative AI,Hard,0.614,1
LRN00865,Consistent Learner,38,21,98.0,17,24.89,63.33,13,9,Stable,Generative AI,Medium,0.728,1
LRN00866,Consistent Learner,43,29,77.6,20,12.61,71.67,13,5,Stable,Generative AI,Easy,0.62,1
LRN00867,Consistent Learner,44,38,87.25,18,19.41,73.33,13,5,Improving,NLP,Easy,0.764,1
LRN00868,Fast Learner,54,27,98.0,17,30.03,90.0,17,11,Declining,MLOps,Medium,0.729,1
LRN00869,Consistent Learner,27,20,77.93,17,14.45,45.0,11,7,Stable,MLOps,Easy,0.562,1
LRN00870,Struggling Learner,3,1,32.14,4,4.21,5.0,0,0,Stable,Python,Medium,0.179,0
LRN00871,Casual Learner,17,11,44.82,0,3.91,28.33,3,0,Improving,NLP,Medium,0.359,0
LRN00872,Struggling Learner,5,2,30.0,0,2.26,8.33,1,0,Stable,Generative AI,Medium,0.162,0
LRN00873,Consistent Learner,28,20,96.43,16,23.9,46.67,14,3,Stable,SQL,Hard,0.635,1
LRN00874,Consistent Learner,30,18,66.01,12,12.08,50.0,7,7,Improving,MLOps,Medium,0.567,1
LRN00875,Casual Learner,20,11,52.96,6,6.92,33.33,1,2,Declining,Machine Learning,Hard,0.217,0
LRN00876,Casual Learner,23,15,50.07,3,5.8,38.33,5,3,Stable,Machine Learning,Hard,0.292,0
LRN00877,Casual Learner,18,14,47.49,5,4.8,30.0,2,5,Declining,Generative AI,Easy,0.228,0
LRN00878,Casual Learner,25,12,57.33,8,11.55,41.67,2,3,Stable,SQL,Medium,0.406,0
LRN00879,Casual Learner,16,10,40.57,5,4.31,26.67,0,0,Stable,NLP,Medium,0.264,0
LRN00880,Consistent Learner,22,11,80.96,16,15.78,36.67,13,6,Improving,MLOps,Easy,0.645,1
LRN00881,Consistent Learner,44,22,82.93,20,16.53,73.33,8,6,Improving,Machine Learning,Medium,0.728,1
LRN00882,Fast Learner,45,27,98.0,22,28.05,75.0,17,5,Stable,Python,Hard,0.736,1
LRN00883,Casual Learner,17,10,45.16,8,3.33,28.33,4,0,Stable,NLP,Medium,0.302,0
LRN00884,Casual Learner,17,8,45.26,5,3.72,28.33,3,4,Declining,NLP,Hard,0.164,0
LRN00885,Fast Learner,46,23,98.0,18,33.94,76.67,8,8,Improving,Machine Learning,Hard,0.792,1
LRN00886,Consistent Learner,22,19,86.48,21,12.87,36.67,13,3,Improving,Python,Easy,0.674,1
LRN00887,Fast Learner,45,39,98.0,27,29.69,75.0,12,7,Improving,Machine Learning,Hard,0.822,1
LRN00888,Struggling Learner,13,9,38.8,5,5.46,21.67,0,1,Declining,Machine Learning,Medium,0.169,0
LRN00889,Fast Learner,59,49,98.0,17,23.04,98.33,13,13,Improving,SQL,Medium,0.872,1
LRN00890,Consistent Learner,26,14,69.94,16,10.2,43.33,12,9,Improving,Generative AI,Medium,0.588,1
LRN00891,Consistent Learner,29,25,86.03,14,20.63,48.33,13,4,Improving,NLP,Hard,0.652,1
LRN00892,Casual Learner,11,6,49.82,6,3.62,18.33,1,5,Stable,SQL,Medium,0.291,0
LRN00893,Fast Learner,35,24,98.0,20,33.2,58.33,12,5,Improving,Python,Hard,0.771,1
LRN00894,Consistent Learner,24,12,86.76,23,15.95,40.0,13,8,Improving,MLOps,Medium,0.697,1
LRN00895,Fast Learner,41,28,98.0,23,24.85,68.33,16,14,Improving,MLOps,Easy,0.842,1
LRN00896,Fast Learner,36,19,98.0,22,27.78,60.0,9,13,Improving,MLOps,Medium,0.815,1
LRN00897,Consistent Learner,42,26,73.02,16,14.02,70.0,7,6,Improving,MLOps,Easy,0.655,1
LRN00898,Struggling Learner,15,9,34.85,5,6.17,25.0,1,1,Stable,NLP,Easy,0.243,0
LRN00899,Consistent Learner,30,23,73.8,18,10.31,50.0,6,5,Improving,NLP,Medium,0.609,1
LRN00900,Consistent Learner,23,19,71.87,10,10.68,38.33,14,7,Improving,SQL,Medium,0.577,0
LRN00901,Casual Learner,15,11,50.75,5,7.07,25.0,4,2,Stable,Machine Learning,Medium,0.325,0
LRN00902,Consistent Learner,41,31,96.96,25,22.85,68.33,6,7,Improving,NLP,Hard,0.761,1
LRN00903,Fast Learner,50,39,98.0,28,18.53,83.33,13,8,Declining,MLOps,Easy,0.697,1
LRN00904,Casual Learner,22,13,62.63,7,11.09,36.67,4,1,Declining,NLP,Medium,0.341,0
LRN00905,Consistent Learner,26,17,79.08,20,10.62,43.33,14,4,Declining,Machine Learning,Easy,0.486,1
LRN00906,Consistent Learner,41,30,77.85,14,12.21,68.33,13,7,Improving,Machine Learning,Easy,0.678,1
LRN00907,Consistent Learner,26,16,70.57,13,14.25,43.33,5,10,Improving,Python,Easy,0.579,0
LRN00908,Struggling Learner,4,3,39.28,5,7.68,6.67,2,1,Declining,Python,Easy,0.154,0
LRN00909,Struggling Learner,7,4,45.76,5,6.68,11.67,3,3,Declining,Machine Learning,Medium,0.192,0
LRN00910,Consistent Learner,30,18,91.96,14,22.07,50.0,15,6,Improving,Machine Learning,Easy,0.742,1
LRN00911,Casual Learner,22,15,48.72,6,4.65,36.67,0,1,Stable,MLOps,Medium,0.324,0
LRN00912,Consistent Learner,33,16,98.0,24,24.42,55.0,5,11,Improving,SQL,Medium,0.789,1
LRN00913,Consistent Learner,36,19,79.8,19,15.6,60.0,5,9,Improving,Generative AI,Medium,0.674,1
LRN00914,Fast Learner,55,38,98.0,18,19.82,91.67,12,14,Improving,MLOps,Medium,0.848,1
LRN00915,Casual Learner,11,6,61.32,8,7.65,18.33,5,3,Stable,SQL,Medium,0.372,0
LRN00916,Struggling Learner,0,1,35.59,4,6.64,0.0,1,0,Declining,Generative AI,Easy,0.115,0
LRN00917,Consistent Learner,36,23,79.01,11,16.66,60.0,6,7,Stable,Generative AI,Easy,0.575,1
LRN00918,Consistent Learner,41,23,91.77,23,19.26,68.33,7,3,Improving,SQL,Medium,0.773,1
LRN00919,Consistent Learner,35,22,77.28,13,14.35,58.33,14,10,Improving,Python,Medium,0.662,1
LRN00920,Fast Learner,44,27,98.0,27,25.77,73.33,8,14,Stable,Generative AI,Medium,0.766,1
LRN00921,Consistent Learner,24,21,86.41,24,17.02,40.0,9,3,Stable,Generative AI,Easy,0.612,1
LRN00922,Consistent Learner,36,22,73.76,14,10.94,60.0,10,12,Stable,Machine Learning,Medium,0.551,1
LRN00923,Struggling Learner,2,1,43.88,5,7.41,3.33,3,3,Stable,MLOps,Hard,0.2,0
LRN00924,Consistent Learner,24,19,90.78,21,20.47,40.0,14,12,Improving,MLOps,Easy,0.728,1
LRN00925,Fast Learner,56,30,98.0,22,26.1,93.33,20,8,Stable,NLP,Medium,0.823,1
LRN00926,Fast Learner,54,36,98.0,16,22.26,90.0,19,6,Improving,Python,Hard,0.815,1
LRN00927,Casual Learner,17,9,50.42,10,4.2,28.33,4,4,Stable,Machine Learning,Easy,0.334,0
LRN00928,Consistent Learner,36,18,90.99,16,22.13,60.0,6,12,Improving,Python,Hard,0.691,1
LRN00929,Consistent Learner,33,25,85.96,12,18.52,55.0,10,5,Stable,Generative AI,Medium,0.616,1
LRN00930,Casual Learner,20,16,56.88,5,7.51,33.33,4,4,Stable,MLOps,Medium,0.371,0
LRN00931,Fast Learner,60,35,98.0,18,26.79,100.0,9,12,Improving,SQL,Hard,0.831,1
LRN00932,Casual Learner,17,9,51.45,1,9.33,28.33,1,2,Declining,Generative AI,Medium,0.244,0
LRN00933,Fast Learner,57,29,98.0,30,33.16,95.0,12,15,Improving,Machine Learning,Hard,0.871,1
LRN00934,Consistent Learner,43,22,77.9,11,14.94,71.67,8,10,Stable,MLOps,Hard,0.543,1
LRN00935,Consistent Learner,22,19,90.38,12,24.25,36.67,13,10,Improving,Python,Medium,0.705,1
LRN00936,Consistent Learner,35,17,77.75,17,14.55,58.33,5,3,Improving,Generative AI,Hard,0.603,1
LRN00937,Casual Learner,22,12,55.52,6,7.34,36.67,3,5,Stable,Python,Medium,0.371,0
LRN00938,Struggling Learner,11,6,30.41,2,3.46,18.33,3,0,Improving,NLP,Medium,0.278,0
LRN00939,Casual Learner,23,18,40.38,0,3.41,38.33,5,1,Improving,SQL,Easy,0.362,0
LRN00940,Casual Learner,12,8,54.4,2,11.98,20.0,4,3,Improving,Machine Learning,Hard,0.37,0
LRN00941,Casual Learner,16,9,55.39,3,11.08,26.67,3,5,Stable,MLOps,Easy,0.355,0
LRN00942,Consistent Learner,37,28,80.35,11,17.55,61.67,10,9,Improving,SQL,Hard,0.628,1
LRN00943,Consistent Learner,29,22,87.77,16,21.13,48.33,6,8,Improving,SQL,Medium,0.7,1
LRN00944,Consistent Learner,23,16,65.38,11,10.32,38.33,9,7,Declining,Python,Easy,0.377,0
LRN00945,Consistent Learner,32,20,76.25,11,15.77,53.33,8,6,Improving,MLOps,Medium,0.632,1
LRN00946,Consistent Learner,20,11,89.85,20,23.65,33.33,9,12,Stable,Generative AI,Medium,0.626,1
LRN00947,Casual Learner,6,5,57.37,8,10.27,10.0,3,5,Declining,Generative AI,Medium,0.261,0
LRN00948,Casual Learner,21,18,47.89,6,5.34,35.0,3,5,Declining,Machine Learning,Medium,0.247,0
LRN00949,Fast Learner,42,27,98.0,24,31.11,70.0,13,14,Improving,MLOps,Easy,0.858,1
LRN00950,Casual Learner,5,4,56.35,9,4.12,8.33,5,2,Stable,Python,Medium,0.32,0
LRN00951,Struggling Learner,15,7,41.68,4,5.46,25.0,1,3,Stable,Generative AI,Medium,0.269,0
LRN00952,Consistent Learner,28,15,91.04,18,21.49,46.67,9,10,Improving,Generative AI,Medium,0.725,1
LRN00953,Casual Learner,10,5,60.11,7,9.16,16.67,4,2,Improving,MLOps,Hard,0.393,1
LRN00954,Fast Learner,46,29,98.0,16,27.19,76.67,17,8,Improving,Generative AI,Easy,0.85,1
LRN00955,Casual Learner,18,9,48.13,6,3.64,30.0,2,1,Stable,NLP,Hard,0.26,0
LRN00956,Struggling Learner,9,5,32.13,1,5.35,15.0,2,0,Declining,Python,Medium,0.12,0
LRN00957,Consistent Learner,44,36,86.02,21,21.13,73.33,8,9,Stable,NLP,Medium,0.68,1
LRN00958,Struggling Learner,7,5,38.61,4,4.96,11.67,3,0,Improving,NLP,Medium,0.312,0
LRN00959,Consistent Learner,26,15,93.89,19,22.54,43.33,8,8,Improving,NLP,Medium,0.735,1
LRN00960,Casual Learner,19,12,56.05,6,9.6,31.67,2,0,Declining,MLOps,Medium,0.289,0
LRN00961,Casual Learner,12,9,51.46,2,8.12,20.0,4,1,Stable,SQL,Medium,0.314,0
LRN00962,Consistent Learner,23,16,83.26,23,11.22,38.33,13,5,Stable,SQL,Hard,0.533,0
LRN00963,Fast Learner,43,23,98.0,30,31.01,71.67,19,6,Improving,MLOps,Easy,0.892,1
LRN00964,Consistent Learner,36,23,98.0,23,23.78,60.0,10,5,Stable,Python,Medium,0.727,1
LRN00965,Consistent Learner,39,34,82.18,11,19.25,65.0,6,8,Improving,MLOps,Hard,0.638,1
LRN00966,Consistent Learner,24,17,81.1,12,21.0,40.0,7,3,Improving,NLP,Medium,0.644,1
LRN00967,Casual Learner,13,9,49.44,1,11.5,21.67,1,2,Stable,Generative AI,Medium,0.309,0
LRN00968,Consistent Learner,30,24,79.29,15,15.76,50.0,7,3,Declining,SQL,Medium,0.487,0
LRN00969,Struggling Learner,10,6,30.0,2,1.7,16.67,1,0,Stable,SQL,Easy,0.182,0
LRN00970,Struggling Learner,3,1,42.53,5,7.47,5.0,2,1,Declining,SQL,Easy,0.165,0
LRN00971,Struggling Learner,6,3,32.85,0,1.05,10.0,2,1,Declining,NLP,Medium,0.096,0
LRN00972,Consistent Learner,23,16,83.18,13,20.74,38.33,12,9,Improving,Machine Learning,Medium,0.665,1
LRN00973,Consistent Learner,22,12,84.1,17,21.16,36.67,6,8,Improving,MLOps,Medium,0.663,1
LRN00974,Casual Learner,15,13,57.19,0,11.03,25.0,3,0,Stable,Generative AI,Medium,0.352,0
LRN00975,Fast Learner,55,35,98.0,22,28.66,91.67,10,14,Improving,Machine Learning,Medium,0.884,1
LRN00976,Fast Learner,50,44,98.0,21,22.8,83.33,18,6,Stable,Python,Medium,0.785,1
LRN00977,Casual Learner,10,7,44.17,4,3.35,16.67,4,3,Stable,Generative AI,Medium,0.264,0
LRN00978,Consistent Learner,27,19,98.0,25,23.13,45.0,12,9,Improving,SQL,Easy,0.785,1
LRN00979,Casual Learner,14,10,48.72,7,6.78,23.33,2,1,Stable,Machine Learning,Medium,0.312,0
LRN00980,Consistent Learner,24,15,95.56,25,21.61,40.0,12,12,Improving,Generative AI,Easy,0.759,1
LRN00981,Consistent Learner,37,24,98.0,18,21.58,61.67,15,8,Improving,Machine Learning,Hard,0.752,1
LRN00982,Casual Learner,15,9,50.61,0,8.73,25.0,2,3,Improving,SQL,Medium,0.392,0
LRN00983,Struggling Learner,10,8,30.0,4,1.9,16.67,0,0,Declining,Machine Learning,Medium,0.105,0
LRN00984,Casual Learner,21,17,48.6,8,4.89,35.0,1,1,Declining,Machine Learning,Hard,0.199,0
LRN00985,Consistent Learner,26,21,83.09,17,18.29,43.33,5,3,Improving,Generative AI,Medium,0.659,1
LRN00986,Fast Learner,44,35,98.0,22,18.41,73.33,8,9,Improving,NLP,Easy,0.808,1
LRN00987,Consistent Learner,22,17,75.04,23,11.15,36.67,5,3,Stable,Python,Medium,0.522,1
LRN00988,Fast Learner,54,43,98.0,25,32.61,90.0,14,13,Improving,Python,Easy,0.903,1
LRN00989,Consistent Learner,29,17,81.01,17,16.44,48.33,11,11,Stable,Generative AI,Easy,0.589,0
LRN00990,Consistent Learner,32,23,87.86,13,24.27,53.33,12,6,Stable,NLP,Medium,0.648,1
LRN00991,Casual Learner,15,10,46.52,10,4.29,25.0,0,0,Declining,Generative AI,Easy,0.22,0
LRN00992,Casual Learner,20,16,52.19,9,7.71,33.33,1,0,Stable,Machine Learning,Hard,0.304,0
LRN00993,Casual Learner,24,14,47.41,0,6.66,40.0,2,5,Stable,NLP,Medium,0.321,0
LRN00994,Consistent Learner,42,32,74.62,12,17.24,70.0,6,9,Stable,SQL,Medium,0.58,0
LRN00995,Fast Learner,38,28,98.0,28,18.66,63.33,15,7,Improving,Generative AI,Medium,0.822,1
LRN00996,Fast Learner,44,32,98.0,23,30.24,73.33,16,10,Improving,SQL,Easy,0.869,1
LRN00997,Casual Learner,16,9,50.71,4,7.67,26.67,3,3,Declining,SQL,Easy,0.245,0
LRN00998,Consistent Learner,30,26,76.42,14,16.24,50.0,12,4,Stable,SQL,Medium,0.565,1
LRN00999,Consistent Learner,21,15,85.3,15,19.37,35.0,6,8,Improving,Python,Hard,0.603,1
LRN01000,Casual Learner,18,14,56.73,4,8.26,30.0,2,4,Stable,MLOps,Medium,0.358,0
LRN01001,Fast Learner,58,31,98.0,20,21.68,96.67,12,14,Improving,NLP,Medium,0.87,1
LRN01002,Casual Learner,13,7,59.28,9,11.7,21.67,5,3,Improving,SQL,Easy,0.466,1
LRN01003,Fast Learner,40,34,98.0,15,26.08,66.67,13,6,Improving,NLP,Medium,0.814,1
LRN01004,Consistent Learner,44,34,78.69,22,11.76,73.33,11,9,Stable,Machine Learning,Medium,0.626,1
LRN01005,Casual Learner,10,8,60.57,4,11.51,16.67,5,1,Stable,Machine Learning,Medium,0.367,0
LRN01006,Consistent Learner,31,24,78.74,21,12.67,51.67,12,8,Improving,SQL,Medium,0.666,1
LRN01007,Casual Learner,5,2,47.85,5,4.76,8.33,4,1,Improving,Machine Learning,Hard,0.301,0
LRN01008,Fast Learner,43,28,98.0,23,18.57,71.67,18,12,Stable,Machine Learning,Medium,0.753,1
LRN01009,Casual Learner,20,11,66.16,10,11.98,33.33,3,3,Stable,Generative AI,Hard,0.388,0
LRN01010,Fast Learner,57,38,98.0,20,20.6,95.0,10,6,Improving,MLOps,Medium,0.858,1
LRN01011,Struggling Learner,8,6,41.11,1,7.88,13.33,0,2,Stable,MLOps,Easy,0.241,0
LRN01012,Casual Learner,16,13,58.87,10,7.65,26.67,3,3,Improving,Generative AI,Easy,0.458,0
LRN01013,Fast Learner,36,23,98.0,21,22.68,60.0,19,13,Stable,Python,Medium,0.74,1
LRN01014,Fast Learner,49,26,98.0,17,27.66,81.67,17,12,Improving,Python,Easy,0.864,1
LRN01015,Struggling Learner,5,2,39.62,1,6.52,8.33,2,3,Stable,MLOps,Medium,0.224,0
LRN01016,Fast Learner,59,46,98.0,24,30.55,98.33,8,11,Improving,Machine Learning,Medium,0.902,1
LRN01017,Consistent Learner,26,15,77.18,19,12.66,43.33,9,10,Improving,Machine Learning,Medium,0.629,1
LRN01018,Casual Learner,10,7,47.0,9,3.33,16.67,3,1,Declining,Machine Learning,Medium,0.207,0
LRN01019,Consistent Learner,30,24,83.12,18,20.49,50.0,6,11,Improving,Python,Hard,0.635,1
LRN01020,Casual Learner,20,14,51.97,9,4.26,33.33,2,2,Declining,Machine Learning,Medium,0.264,0
LRN01021,Struggling Learner,0,1,30.0,3,2.11,0.0,2,2,Declining,Machine Learning,Easy,0.075,0
LRN01022,Casual Learner,19,14,61.93,7,10.28,31.67,4,4,Stable,SQL,Easy,0.405,0
LRN01023,Consistent Learner,41,22,74.28,11,16.02,68.33,8,11,Improving,Generative AI,Medium,0.654,1
LRN01024,Consistent Learner,29,16,93.68,16,23.3,48.33,14,5,Declining,Python,Medium,0.594,1
LRN01025,Casual Learner,19,10,54.28,7,6.56,31.67,0,5,Stable,Python,Easy,0.348,0
LRN01026,Consistent Learner,43,24,72.81,21,13.67,71.67,5,10,Improving,NLP,Medium,0.665,1
LRN01027,Casual Learner,19,11,56.89,1,9.36,31.67,3,1,Stable,Machine Learning,Hard,0.311,0
LRN01028,Casual Learner,18,12,56.36,8,8.37,30.0,0,2,Stable,SQL,Hard,0.313,0
LRN01029,Consistent Learner,31,24,82.39,10,15.1,51.67,14,12,Improving,SQL,Medium,0.666,1
LRN01030,Consistent Learner,22,13,78.41,15,15.09,36.67,11,5,Stable,Python,Easy,0.544,1
LRN01031,Fast Learner,47,30,98.0,18,29.6,78.33,15,6,Improving,NLP,Hard,0.812,1
LRN01032,Consistent Learner,38,28,86.81,24,17.6,63.33,5,10,Improving,Python,Medium,0.732,1
LRN01033,Casual Learner,24,19,61.72,7,10.26,40.0,4,2,Declining,Machine Learning,Easy,0.341,0
LRN01034,Consistent Learner,44,27,78.87,12,15.75,73.33,7,3,Improving,SQL,Medium,0.684,1
LRN01035,Struggling Learner,13,11,30.0,2,1.34,21.67,0,0,Improving,Generative AI,Medium,0.268,0
LRN01036,Consistent Learner,29,16,85.52,10,21.5,48.33,13,7,Improving,Machine Learning,Easy,0.692,1
LRN01037,Fast Learner,58,30,98.0,27,18.62,96.67,11,7,Stable,MLOps,Medium,0.796,1
LRN01038,Consistent Learner,34,23,86.57,17,20.33,56.67,13,12,Improving,SQL,Medium,0.729,1
LRN01039,Casual Learner,8,6,46.48,1,6.44,13.33,2,5,Improving,MLOps,Easy,0.345,0
LRN01040,Struggling Learner,13,9,39.63,1,7.76,21.67,2,2,Declining,MLOps,Medium,0.175,0
LRN01041,Consistent Learner,44,30,87.21,18,24.03,73.33,7,7,Improving,SQL,Medium,0.765,1
LRN01042,Consistent Learner,20,13,89.8,14,21.73,33.33,9,7,Improving,Python,Easy,0.683,1
LRN01043,Consistent Learner,22,16,93.84,24,19.17,36.67,14,9,Improving,Generative AI,Easy,0.739,1
LRN01044,Consistent Learner,34,26,82.34,25,12.28,56.67,8,11,Improving,Python,Medium,0.691,1
LRN01045,Fast Learner,50,39,98.0,26,27.54,83.33,9,8,Improving,Machine Learning,Medium,0.871,1
LRN01046,Fast Learner,53,35,98.0,26,20.83,88.33,17,11,Stable,Machine Learning,Medium,0.799,1
LRN01047,Consistent Learner,37,21,73.68,13,11.98,61.67,6,9,Improving,SQL,Hard,0.575,1
LRN01048,Struggling Learner,12,10,32.56,2,4.85,20.0,1,3,Declining,MLOps,Easy,0.131,0
LRN01049,Struggling Learner,10,8,37.62,4,4.52,16.67,3,1,Declining,NLP,Easy,0.156,0
LRN01050,Consistent Learner,20,15,84.77,20,17.99,33.33,12,5,Improving,NLP,Hard,0.621,1
LRN01051,Casual Learner,24,21,54.32,9,5.02,40.0,4,4,Declining,Python,Medium,0.295,0
LRN01052,Casual Learner,20,14,55.64,5,9.16,33.33,0,5,Stable,Generative AI,Hard,0.311,0
LRN01053,Fast Learner,46,40,98.0,22,30.29,76.67,10,12,Improving,Machine Learning,Easy,0.858,1
LRN01054,Casual Learner,19,15,57.44,9,5.21,31.67,3,1,Stable,Python,Hard,0.321,0
LRN01055,Struggling Learner,5,3,34.89,5,2.71,8.33,0,0,Declining,Generative AI,Hard,0.066,0
LRN01056,Fast Learner,48,36,98.0,18,34.28,80.0,19,14,Improving,NLP,Hard,0.826,1
LRN01057,Casual Learner,6,4,58.18,8,6.27,10.0,5,5,Improving,Machine Learning,Medium,0.417,0
LRN01058,Casual Learner,10,8,57.2,10,6.3,16.67,2,1,Improving,Python,Medium,0.423,0
LRN01059,Consistent Learner,42,25,82.21,17,17.37,70.0,9,8,Stable,MLOps,Easy,0.636,1
LRN01060,Fast Learner,39,33,98.0,24,20.52,65.0,8,8,Stable,Machine Learning,Hard,0.673,1
LRN01061,Casual Learner,20,15,60.88,10,9.42,33.33,2,1,Improving,Machine Learning,Hard,0.434,0
LRN01062,Consistent Learner,26,15,89.13,14,18.75,43.33,14,3,Stable,Generative AI,Medium,0.623,1
LRN01063,Fast Learner,46,29,98.0,25,28.95,76.67,16,10,Improving,Generative AI,Medium,0.878,1
LRN01064,Consistent Learner,41,23,91.01,20,24.2,68.33,8,7,Improving,MLOps,Medium,0.78,1
LRN01065,Consistent Learner,34,27,81.15,10,18.54,56.67,13,6,Improving,MLOps,Easy,0.679,1
LRN01066,Fast Learner,52,35,98.0,17,34.35,86.67,20,5,Improving,MLOps,Easy,0.89,1
LRN01067,Struggling Learner,7,6,34.7,3,5.83,11.67,1,0,Stable,MLOps,Easy,0.209,0
LRN01068,Fast Learner,39,23,98.0,16,26.88,65.0,11,8,Improving,Python,Medium,0.811,1
LRN01069,Consistent Learner,40,21,74.02,25,11.1,66.67,6,10,Improving,SQL,Medium,0.665,1
LRN01070,Fast Learner,48,38,98.0,18,32.64,80.0,19,12,Stable,Generative AI,Medium,0.796,1
LRN01071,Consistent Learner,33,20,96.86,25,19.02,55.0,15,5,Improving,MLOps,Easy,0.793,1
LRN01072,Consistent Learner,28,15,96.52,19,20.17,46.67,15,10,Improving,Python,Medium,0.763,1
LRN01073,Consistent Learner,25,13,89.54,23,12.68,41.67,15,7,Improving,MLOps,Medium,0.707,1
LRN01074,Casual Learner,12,9,50.3,8,4.92,20.0,2,2,Stable,Generative AI,Easy,0.309,0
LRN01075,Consistent Learner,26,19,83.8,15,21.5,43.33,7,12,Improving,NLP,Medium,0.673,1
LRN01076,Casual Learner,13,8,46.55,4,5.06,21.67,3,2,Declining,MLOps,Medium,0.208,0
LRN01077,Casual Learner,18,11,47.43,6,3.05,30.0,0,3,Declining,Machine Learning,Easy,0.22,0
LRN01078,Consistent Learner,42,28,75.88,21,13.84,70.0,5,8,Improving,MLOps,Easy,0.676,1
LRN01079,Consistent Learner,28,22,76.72,17,11.6,46.67,7,8,Improving,Python,Medium,0.62,1
LRN01080,Struggling Learner,15,8,36.42,4,2.75,25.0,3,0,Stable,Machine Learning,Medium,0.241,0
LRN01081,Consistent Learner,43,31,77.11,23,11.11,71.67,7,5,Improving,NLP,Easy,0.686,1
LRN01082,Casual Learner,13,7,57.41,4,8.01,21.67,5,0,Declining,MLOps,Medium,0.272,0
LRN01083,Struggling Learner,14,9,35.65,1,6.23,23.33,1,2,Stable,MLOps,Hard,0.183,0
LRN01084,Casual Learner,5,3,51.96,10,4.26,8.33,3,3,Improving,Generative AI,Easy,0.379,1
LRN01085,Consistent Learner,38,31,80.26,11,16.56,63.33,13,8,Improving,MLOps,Easy,0.685,1
LRN01086,Fast Learner,52,43,98.0,20,31.27,86.67,20,13,Stable,Generative AI,Medium,0.818,1
LRN01087,Fast Learner,56,47,98.0,23,25.33,93.33,15,12,Improving,Machine Learning,Easy,0.891,1
LRN01088,Consistent Learner,36,26,85.54,23,21.72,60.0,5,9,Stable,Python,Easy,0.651,1
LRN01089,Fast Learner,42,31,98.0,25,27.93,70.0,16,12,Stable,Machine Learning,Hard,0.731,1
LRN01090,Casual Learner,11,5,54.47,3,9.96,18.33,2,1,Declining,Python,Medium,0.248,0
LRN01091,Struggling Learner,10,6,36.58,1,7.09,16.67,1,1,Stable,SQL,Medium,0.227,0
LRN01092,Struggling Learner,14,11,33.73,3,1.86,23.33,0,3,Stable,Python,Medium,0.213,0
LRN01093,Consistent Learner,32,22,79.86,13,18.85,53.33,6,5,Improving,SQL,Medium,0.659,1
LRN01094,Consistent Learner,39,22,79.87,20,15.38,65.0,11,6,Improving,NLP,Easy,0.702,1
LRN01095,Consistent Learner,20,12,91.31,23,15.7,33.33,11,4,Stable,NLP,Hard,0.569,1
LRN01096,Consistent Learner,42,36,78.05,22,11.27,70.0,12,3,Improving,Machine Learning,Easy,0.697,1
LRN01097,Fast Learner,35,28,95.07,19,20.18,58.33,10,12,Stable,MLOps,Medium,0.687,1
LRN01098,Consistent Learner,25,19,86.24,15,16.29,41.67,13,5,Improving,Python,Medium,0.678,1
LRN01099,Consistent Learner,32,16,86.33,18,19.38,53.33,14,8,Improving,NLP,Easy,0.723,1
LRN01100,Struggling Learner,1,1,34.75,4,4.78,1.67,1,1,Stable,NLP,Hard,0.139,0
LRN01101,Consistent Learner,33,27,89.77,24,22.84,55.0,7,12,Improving,Machine Learning,Easy,0.752,1
LRN01102,Consistent Learner,39,31,89.76,13,20.03,65.0,12,10,Improving,SQL,Medium,0.745,1
LRN01103,Fast Learner,56,34,98.0,18,19.4,93.33,19,11,Improving,Machine Learning,Easy,0.868,1
LRN01104,Consistent Learner,34,22,87.35,18,20.03,56.67,7,8,Improving,Python,Medium,0.719,1
LRN01105,Casual Learner,11,5,56.57,0,11.82,18.33,1,5,Improving,Machine Learning,Easy,0.413,0
LRN01106,Struggling Learner,6,5,38.53,4,5.4,10.0,3,3,Stable,NLP,Easy,0.23,0
LRN01107,Casual Learner,15,12,47.33,2,6.04,25.0,2,2,Stable,MLOps,Easy,0.293,0
LRN01108,Casual Learner,13,6,47.49,5,3.57,21.67,3,5,Improving,NLP,Hard,0.32,0
LRN01109,Casual Learner,9,6,61.59,4,10.86,15.0,3,3,Declining,Generative AI,Easy,0.282,0
LRN01110,Struggling Learner,6,3,35.33,5,1.99,10.0,1,0,Declining,SQL,Medium,0.121,0
LRN01111,Fast Learner,52,29,98.0,22,24.17,86.67,19,13,Improving,MLOps,Medium,0.881,1
LRN01112,Casual Learner,9,5,61.29,9,7.87,15.0,3,1,Declining,Machine Learning,Medium,0.284,0
LRN01113,Consistent Learner,35,18,81.91,14,17.02,58.33,9,3,Improving,SQL,Hard,0.632,1
LRN01114,Struggling Learner,1,1,38.78,1,6.29,1.67,1,3,Declining,SQL,Medium,0.124,0
LRN01115,Consistent Learner,38,33,74.31,21,12.9,63.33,6,6,Stable,Python,Medium,0.575,1
LRN01116,Casual Learner,11,5,51.46,10,6.99,18.33,2,2,Stable,Python,Medium,0.323,0
LRN01117,Consistent Learner,34,23,74.53,13,14.48,56.67,13,12,Declining,MLOps,Medium,0.484,0
LRN01118,Struggling Learner,12,8,33.58,2,6.87,20.0,0,3,Declining,NLP,Medium,0.139,0
LRN01119,Fast Learner,58,40,98.0,26,28.26,96.67,11,15,Improving,Python,Medium,0.905,1
LRN01120,Consistent Learner,43,27,96.05,18,20.99,71.67,15,11,Improving,Machine Learning,Easy,0.811,1
LRN01121,Casual Learner,12,9,49.45,3,8.27,20.0,4,3,Declining,MLOps,Medium,0.228,0
LRN01122,Casual Learner,24,17,58.11,10,7.67,40.0,3,0,Declining,Python,Medium,0.321,0
LRN01123,Casual Learner,16,12,52.63,9,8.22,26.67,3,3,Stable,NLP,Hard,0.299,0
LRN01124,Consistent Learner,32,18,97.0,23,22.2,53.33,15,3,Improving,Machine Learning,Easy,0.796,1
LRN01125,Casual Learner,19,12,60.7,4,10.64,31.67,2,5,Improving,NLP,Medium,0.468,0
LRN01126,Casual Learner,25,20,46.03,2,5.37,41.67,1,4,Stable,NLP,Medium,0.316,0
LRN01127,Fast Learner,50,35,98.0,25,32.56,83.33,13,14,Declining,Machine Learning,Hard,0.677,1
LRN01128,Casual Learner,25,14,53.71,9,6.65,41.67,3,5,Improving,MLOps,Medium,0.459,0
LRN01129,Consistent Learner,31,16,88.8,15,21.32,51.67,10,3,Stable,MLOps,Medium,0.639,1
LRN01130,Casual Learner,10,5,47.55,1,6.58,16.67,1,0,Declining,NLP,Hard,0.144,0
LRN01131,Consistent Learner,31,23,86.63,22,15.95,51.67,6,7,Improving,SQL,Medium,0.7,1
LRN01132,Consistent Learner,41,34,95.97,10,24.89,68.33,12,6,Improving,SQL,Medium,0.788,1
LRN01133,Fast Learner,44,36,98.0,15,22.14,73.33,17,12,Improving,Generative AI,Easy,0.824,1
LRN01134,Consistent Learner,32,26,87.45,22,19.41,53.33,9,8,Improving,SQL,Medium,0.726,1
LRN01135,Struggling Learner,4,2,38.95,5,3.25,6.67,1,1,Declining,MLOps,Medium,0.135,0
LRN01136,Casual Learner,24,18,51.62,5,5.05,40.0,5,5,Declining,NLP,Easy,0.275,0
LRN01137,Consistent Learner,34,17,84.47,23,17.46,56.67,6,5,Improving,Machine Learning,Medium,0.708,1
LRN01138,Fast Learner,46,40,98.0,23,19.11,76.67,17,9,Stable,NLP,Medium,0.762,1
LRN01139,Fast Learner,47,36,98.0,29,21.66,78.33,12,13,Improving,Generative AI,Hard,0.807,1
LRN01140,Consistent Learner,41,32,82.39,10,18.8,68.33,14,3,Improving,Python,Medium,0.712,1
LRN01141,Casual Learner,11,5,55.25,9,5.24,18.33,1,1,Declining,Machine Learning,Easy,0.249,0
LRN01142,Casual Learner,17,9,58.1,6,10.24,28.33,5,3,Improving,Machine Learning,Easy,0.461,0
LRN01143,Consistent Learner,22,14,80.42,22,12.77,36.67,8,6,Improving,NLP,Medium,0.636,1
LRN01144,Fast Learner,54,29,97.57,16,19.04,90.0,18,10,Declining,Python,Easy,0.69,1
LRN01145,Fast Learner,53,39,98.0,17,27.58,88.33,10,8,Improving,Machine Learning,Easy,0.86,1
LRN01146,Fast Learner,46,32,98.0,29,27.76,76.67,19,7,Improving,Generative AI,Easy,0.892,1
LRN01147,Struggling Learner,3,1,35.18,2,6.65,5.0,2,0,Declining,Python,Medium,0.121,0
LRN01148,Struggling Learner,10,8,44.73,5,7.56,16.67,3,3,Improving,SQL,Medium,0.361,0
LRN01149,Casual Learner,11,9,56.23,0,10.15,18.33,2,0,Declining,MLOps,Medium,0.249,0
LRN01150,Fast Learner,51,37,98.0,25,19.55,85.0,16,14,Improving,Generative AI,Medium,0.863,1
LRN01151,Fast Learner,59,38,98.0,28,21.37,98.33,14,11,Improving,Machine Learning,Medium,0.899,1
LRN01152,Consistent Learner,45,25,83.73,11,21.56,75.0,13,3,Stable,MLOps,Hard,0.61,1
LRN01153,Casual Learner,6,3,53.15,0,7.81,10.0,2,3,Improving,MLOps,Hard,0.32,0
LRN01154,Consistent Learner,25,17,74.3,11,17.63,41.67,8,4,Improving,Machine Learning,Easy,0.606,1
LRN01155,Consistent Learner,40,34,78.66,11,19.2,66.67,11,6,Improving,SQL,Medium,0.688,1
LRN01156,Consistent Learner,25,12,91.23,17,24.81,41.67,10,9,Improving,MLOps,Easy,0.727,1
LRN01157,Casual Learner,25,16,51.28,10,5.79,41.67,5,2,Declining,NLP,Easy,0.293,0
LRN01158,Casual Learner,20,13,49.38,0,5.28,33.33,5,5,Stable,MLOps,Medium,0.319,0
LRN01159,Fast Learner,40,28,98.0,30,33.34,66.67,9,7,Stable,MLOps,Medium,0.777,1
LRN01160,Consistent Learner,29,19,80.06,18,14.27,48.33,6,4,Improving,Python,Medium,0.647,1
LRN01161,Fast Learner,36,18,98.0,18,25.97,60.0,9,8,Improving,MLOps,Hard,0.748,1
LRN01162,Casual Learner,19,14,58.7,7,9.65,31.67,4,0,Declining,SQL,Medium,0.308,0
LRN01163,Fast Learner,39,26,98.0,23,23.8,65.0,10,10,Improving,NLP,Easy,0.817,1
LRN01164,Fast Learner,40,20,98.0,25,28.66,66.67,18,12,Stable,Generative AI,Medium,0.782,1
LRN01165,Fast Learner,45,32,98.0,17,18.96,75.0,14,13,Improving,Machine Learning,Medium,0.815,1
LRN01166,Fast Learner,42,34,98.0,15,18.1,70.0,17,5,Improving,SQL,Medium,0.804,1
LRN01167,Consistent Learner,20,12,98.0,25,19.73,33.33,14,9,Improving,MLOps,Easy,0.755,1
LRN01168,Consistent Learner,40,34,79.48,14,16.82,66.67,12,11,Improving,MLOps,Easy,0.694,1
LRN01169,Struggling Learner,5,2,32.66,0,3.58,8.33,3,2,Declining,Generative AI,Hard,0.053,0
LRN01170,Fast Learner,55,37,98.0,27,24.0,91.67,14,11,Declining,NLP,Medium,0.731,1
LRN01171,Consistent Learner,43,31,87.2,17,17.95,71.67,8,6,Stable,Generative AI,Medium,0.661,1
LRN01172,Struggling Learner,13,7,30.0,2,3.62,21.67,1,3,Declining,Machine Learning,Hard,0.068,0
LRN01173,Struggling Learner,13,9,34.01,1,1.36,21.67,2,1,Declining,NLP,Easy,0.129,0
LRN01174,Casual Learner,10,7,55.54,10,5.46,16.67,4,1,Declining,SQL,Medium,0.258,0
LRN01175,Struggling Learner,4,3,41.58,3,6.34,6.67,2,0,Improving,Python,Hard,0.265,0
LRN01176,Consistent Learner,22,19,79.12,21,14.7,36.67,8,5,Improving,Generative AI,Hard,0.584,1
LRN01177,Casual Learner,20,10,48.09,2,6.05,33.33,2,2,Declining,SQL,Easy,0.234,0
LRN01178,Struggling Learner,13,10,38.1,4,2.11,21.67,3,2,Declining,MLOps,Hard,0.11,0
LRN01179,Fast Learner,36,24,98.0,27,20.31,60.0,15,11,Improving,Machine Learning,Hard,0.768,1
LRN01180,Fast Learner,35,29,98.0,26,34.5,58.33,13,6,Improving,Machine Learning,Medium,0.839,1
LRN01181,Fast Learner,60,37,98.0,21,34.33,100.0,18,10,Stable,Machine Learning,Medium,0.842,1
LRN01182,Fast Learner,53,30,98.0,20,25.1,88.33,13,9,Improving,Python,Medium,0.867,1
LRN01183,Fast Learner,42,26,98.0,23,29.91,70.0,15,11,Declining,MLOps,Medium,0.7,1
LRN01184,Casual Learner,9,6,56.5,9,10.85,15.0,0,5,Improving,NLP,Medium,0.424,0
LRN01185,Casual Learner,17,13,49.45,8,6.02,28.33,3,3,Stable,Machine Learning,Medium,0.328,0
LRN01186,Consistent Learner,34,28,97.73,12,23.78,56.67,15,8,Improving,SQL,Hard,0.732,1
LRN01187,Fast Learner,46,38,98.0,22,19.1,76.67,20,6,Improving,Machine Learning,Hard,0.797,1
LRN01188,Fast Learner,55,44,98.0,29,34.42,91.67,18,10,Improving,MLOps,Easy,0.927,1
LRN01189,Struggling Learner,5,4,30.0,0,1.64,8.33,0,3,Improving,Python,Medium,0.237,0
LRN01190,Fast Learner,41,28,98.0,30,30.04,68.33,17,7,Improving,Python,Medium,0.88,1
LRN01191,Fast Learner,41,32,98.0,21,22.48,68.33,19,6,Improving,Machine Learning,Medium,0.836,1
LRN01192,Consistent Learner,38,22,84.29,23,14.45,63.33,13,7,Improving,SQL,Medium,0.728,1
LRN01193,Struggling Learner,8,4,30.0,1,2.97,13.33,0,0,Declining,Generative AI,Medium,0.094,0
LRN01194,Casual Learner,19,13,51.83,10,3.11,31.67,0,2,Stable,MLOps,Medium,0.334,0
LRN01195,Casual Learner,15,9,52.88,7,7.06,25.0,2,3,Stable,MLOps,Easy,0.335,0
LRN01196,Fast Learner,46,31,98.0,29,24.97,76.67,13,11,Improving,SQL,Medium,0.867,1
LRN01197,Struggling Learner,4,2,37.42,3,6.52,6.67,1,3,Declining,SQL,Easy,0.134,0
LRN01198,Consistent Learner,20,11,78.08,14,15.87,33.33,9,8,Improving,Generative AI,Easy,0.611,1
LRN01199,Casual Learner,20,10,54.26,2,6.9,33.33,3,5,Improving,Machine Learning,Medium,0.427,0
LRN01200,Fast Learner,51,25,98.0,21,34.04,85.0,14,12,Improving,MLOps,Medium,0.882,1
LRN01201,Casual Learner,24,15,48.13,4,4.16,40.0,2,5,Improving,Generative AI,Hard,0.356,0
LRN01202,Consistent Learner,33,24,82.76,20,13.69,55.0,8,8,Improving,Machine Learning,Medium,0.681,1
LRN01203,Consistent Learner,26,23,97.08,20,23.53,43.33,15,12,Improving,SQL,Hard,0.723,1
LRN01204,Casual Learner,5,3,43.04,1,5.82,8.33,3,1,Stable,Generative AI,Hard,0.19,0
LRN01205,Casual Learner,7,3,53.25,3,7.05,11.67,2,5,Improving,SQL,Easy,0.379,0
LRN01206,Consistent Learner,39,27,78.3,14,17.24,65.0,9,8,Stable,SQL,Hard,0.55,1
LRN01207,Struggling Learner,3,1,30.0,0,3.07,5.0,1,2,Declining,Python,Easy,0.078,0
LRN01208,Consistent Learner,20,13,92.56,23,19.77,33.33,6,8,Improving,MLOps,Medium,0.705,1
LRN01209,Consistent Learner,30,17,78.69,18,11.62,50.0,12,7,Improving,Generative AI,Easy,0.651,1
LRN01210,Fast Learner,45,37,98.0,26,27.39,75.0,10,10,Improving,NLP,Medium,0.857,1
LRN01211,Consistent Learner,44,35,70.37,19,10.52,73.33,10,12,Improving,MLOps,Medium,0.654,1
LRN01212,Fast Learner,37,32,98.0,18,20.38,61.67,16,7,Stable,Machine Learning,Medium,0.72,1
LRN01213,Casual Learner,20,15,47.47,0,6.61,33.33,4,3,Improving,Python,Hard,0.342,0
LRN01214,Fast Learner,43,31,98.0,16,21.87,71.67,18,15,Stable,SQL,Medium,0.745,1
LRN01215,Casual Learner,9,5,60.14,2,11.59,15.0,4,2,Stable,Python,Medium,0.355,0
LRN01216,Fast Learner,57,41,98.0,17,29.85,95.0,8,8,Improving,Python,Medium,0.876,1
LRN01217,Struggling Learner,5,3,30.21,1,3.78,8.33,0,2,Stable,SQL,Medium,0.168,0
LRN01218,Fast Learner,43,29,98.0,24,24.67,71.67,15,5,Improving,NLP,Easy,0.848,1
LRN01219,Consistent Learner,23,18,84.7,16,21.14,38.33,8,12,Improving,SQL,Hard,0.621,1
LRN01220,Consistent Learner,21,12,86.01,17,19.72,35.0,14,7,Improving,SQL,Hard,0.633,1
LRN01221,Struggling Learner,12,10,38.96,3,6.04,20.0,3,1,Declining,MLOps,Hard,0.121,0
LRN01222,Casual Learner,5,4,62.51,9,10.67,8.33,0,0,Stable,NLP,Medium,0.358,0
LRN01223,Fast Learner,46,24,98.0,21,21.66,76.67,14,10,Improving,Python,Hard,0.788,1
LRN01224,Consistent Learner,45,38,98.0,13,23.72,75.0,15,3,Improving,Python,Easy,0.822,1
LRN01225,Struggling Learner,8,6,32.57,5,2.89,13.33,3,0,Improving,MLOps,Medium,0.284,0
LRN01226,Consistent Learner,34,25,84.47,10,16.19,56.67,14,3,Stable,MLOps,Easy,0.609,1
LRN01227,Casual Learner,5,3,46.88,3,9.04,8.33,1,5,Stable,Generative AI,Hard,0.218,0
LRN01228,Struggling Learner,15,9,39.8,5,6.54,25.0,0,2,Declining,NLP,Medium,0.184,0
LRN01229,Struggling Learner,4,2,34.69,5,3.24,6.67,2,3,Declining,Machine Learning,Medium,0.119,0
LRN01230,Casual Learner,20,10,52.75,6,9.08,33.33,2,3,Improving,Machine Learning,Medium,0.435,0
LRN01231,Consistent Learner,41,35,76.32,11,12.46,68.33,10,11,Improving,Machine Learning,Medium,0.656,1
LRN01232,Fast Learner,60,31,98.0,21,27.75,100.0,19,11,Improving,Generative AI,Medium,0.917,1
LRN01233,Casual Learner,13,7,63.11,10,11.41,21.67,1,5,Stable,Python,Medium,0.395,0
LRN01234,Consistent Learner,32,20,85.65,22,17.85,53.33,8,12,Stable,Python,Easy,0.63,1
LRN01235,Fast Learner,57,48,98.0,21,33.22,95.0,19,5,Stable,NLP,Easy,0.834,1
LRN01236,Struggling Learner,7,6,33.85,2,6.29,11.67,1,0,Improving,Machine Learning,Easy,0.284,0
LRN01237,Casual Learner,7,6,47.62,7,3.6,11.67,0,3,Improving,Generative AI,Medium,0.348,0
LRN01238,Consistent Learner,33,24,98.0,25,19.29,55.0,15,12,Declining,NLP,Medium,0.639,0
LRN01239,Casual Learner,17,12,56.97,1,9.78,28.33,3,5,Declining,MLOps,Medium,0.276,0
LRN01240,Fast Learner,50,35,98.0,17,30.9,83.33,15,9,Stable,MLOps,Medium,0.79,1
LRN01241,Consistent Learner,30,18,82.7,25,13.62,50.0,5,8,Stable,SQL,Medium,0.597,0
LRN01242,Casual Learner,23,12,51.56,0,10.76,38.33,4,3,Improving,Generative AI,Medium,0.435,1
LRN01243,Casual Learner,6,4,52.24,1,5.28,10.0,5,4,Improving,SQL,Easy,0.368,0
LRN01244,Consistent Learner,41,28,65.34,12,12.32,68.33,8,10,Stable,MLOps,Hard,0.474,1
LRN01245,Fast Learner,40,32,98.0,30,21.8,66.67,11,12,Improving,SQL,Easy,0.835,1
LRN01246,Struggling Learner,0,1,39.38,2,4.07,0.0,3,0,Stable,Generative AI,Easy,0.204,0
LRN01247,Consistent Learner,37,22,85.28,12,20.53,61.67,6,4,Improving,NLP,Medium,0.703,1
LRN01248,Struggling Learner,4,3,30.0,1,1.85,6.67,0,1,Declining,Machine Learning,Medium,0.077,0
LRN01249,Struggling Learner,5,2,30.62,0,5.07,8.33,0,1,Declining,NLP,Easy,0.091,0
LRN01250,Casual Learner,8,4,57.19,4,7.72,13.33,4,4,Improving,SQL,Hard,0.36,0
LRN01251,Fast Learner,50,32,98.0,21,26.13,83.33,9,7,Improving,Python,Easy,0.853,1
LRN01252,Consistent Learner,44,26,76.26,12,11.02,73.33,14,5,Stable,Machine Learning,Hard,0.544,1
LRN01253,Consistent Learner,44,25,87.88,20,16.48,73.33,11,3,Improving,NLP,Medium,0.758,1
LRN01254,Casual Learner,9,7,56.42,8,7.31,15.0,3,5,Improving,Generative AI,Easy,0.417,0
LRN01255,Consistent Learner,20,12,74.22,12,16.26,33.33,7,3,Improving,Machine Learning,Medium,0.584,1
LRN01256,Consistent Learner,29,18,98.0,25,22.83,48.33,13,10,Improving,MLOps,Medium,0.793,1
LRN01257,Casual Learner,23,16,43.78,5,4.24,38.33,0,5,Stable,MLOps,Easy,0.301,0
LRN01258,Struggling Learner,9,7,36.0,1,5.16,15.0,2,2,Stable,Machine Learning,Easy,0.217,0
LRN01259,Casual Learner,13,7,53.49,6,5.38,21.67,5,5,Declining,MLOps,Easy,0.25,0
LRN01260,Consistent Learner,37,26,82.21,16,18.29,61.67,12,12,Stable,Machine Learning,Medium,0.627,1
LRN01261,Casual Learner,15,8,52.51,10,4.65,25.0,3,2,Improving,Generative AI,Medium,0.416,0
LRN01262,Consistent Learner,22,11,81.87,22,13.79,36.67,13,9,Stable,NLP,Medium,0.579,1
LRN01263,Casual Learner,13,6,51.38,6,7.6,21.67,1,2,Declining,Generative AI,Easy,0.238,0
LRN01264,Consistent Learner,24,20,73.15,21,12.72,40.0,5,3,Improving,Machine Learning,Easy,0.6,0
LRN01265,Casual Learner,18,9,52.24,10,4.84,30.0,4,0,Stable,Machine Learning,Easy,0.348,0
LRN01266,Consistent Learner,39,32,85.46,18,18.56,65.0,13,8,Improving,Machine Learning,Medium,0.737,1
LRN01267,Struggling Learner,12,6,34.24,4,2.42,20.0,0,1,Declining,Machine Learning,Hard,0.083,0
LRN01268,Consistent Learner,33,28,90.95,24,13.31,55.0,14,5,Improving,Python,Easy,0.743,1
LRN01269,Casual Learner,24,12,53.29,7,10.65,40.0,1,1,Declining,NLP,Easy,0.296,0
LRN01270,Struggling Learner,12,8,32.99,2,1.16,20.0,1,3,Stable,Python,Medium,0.2,0
LRN01271,Casual Learner,24,17,50.36,2,4.85,40.0,5,0,Stable,NLP,Easy,0.341,0
LRN01272,Consistent Learner,27,22,94.19,17,20.72,45.0,11,12,Improving,Generative AI,Easy,0.736,1
LRN01273,Consistent Learner,45,22,75.66,21,10.33,75.0,10,9,Improving,NLP,Easy,0.686,1
LRN01274,Consistent Learner,31,17,98.0,18,23.67,51.67,12,5,Improving,Generative AI,Medium,0.781,1
LRN01275,Fast Learner,47,25,98.0,22,24.2,78.33,9,7,Improving,Python,Medium,0.839,1
LRN01276,Fast Learner,39,25,98.0,23,32.59,65.0,10,8,Improving,Python,Medium,0.837,1
LRN01277,Casual Learner,10,5,54.77,7,5.59,16.67,3,1,Improving,MLOps,Easy,0.405,0
LRN01278,Consistent Learner,45,36,77.45,13,12.68,75.0,12,11,Improving,SQL,Easy,0.685,1
LRN01279,Struggling Learner,8,4,30.0,0,4.59,13.33,0,3,Stable,SQL,Easy,0.177,0
LRN01280,Consistent Learner,45,35,82.82,17,14.19,75.0,12,5,Improving,Generative AI,Medium,0.725,1
LRN01281,Consistent Learner,20,14,92.22,25,14.31,33.33,15,9,Stable,NLP,Hard,0.584,1
LRN01282,Consistent Learner,39,34,85.36,22,18.66,65.0,9,11,Stable,SQL,Hard,0.607,1
LRN01283,Casual Learner,16,10,53.26,1,10.58,26.67,4,3,Improving,NLP,Easy,0.421,0
LRN01284,Consistent Learner,40,30,96.7,24,21.26,66.67,14,5,Improving,Python,Hard,0.768,1
LRN01285,Consistent Learner,32,21,87.85,24,17.0,53.33,10,6,Improving,SQL,Hard,0.678,1
LRN01286,Consistent Learner,21,11,86.93,22,15.26,35.0,15,9,Stable,Generative AI,Medium,0.608,1
LRN01287,Struggling Learner,15,13,30.0,2,1.47,25.0,1,2,Declining,SQL,Medium,0.118,0
LRN01288,Fast Learner,51,33,98.0,26,21.72,85.0,8,12,Improving,Generative AI,Medium,0.853,1
LRN01289,Casual Learner,23,18,44.83,7,4.11,38.33,3,3,Declining,MLOps,Medium,0.238,0
LRN01290,Struggling Learner,4,3,41.85,3,7.53,6.67,2,3,Stable,SQL,Easy,0.24,0
LRN01291,Consistent Learner,21,14,62.23,10,10.66,35.0,7,6,Stable,SQL,Medium,0.43,0
LRN01292,Struggling Learner,6,3,30.0,0,1.0,10.0,1,0,Improving,NLP,Hard,0.191,0
LRN01293,Casual Learner,8,6,46.7,7,3.72,13.33,2,4,Stable,Machine Learning,Medium,0.273,0
LRN01294,Struggling Learner,10,8,38.41,2,5.42,16.67,1,2,Stable,Python,Medium,0.232,0
LRN01295,Struggling Learner,9,7,36.44,5,4.49,15.0,3,0,Declining,Python,Hard,0.1,0
LRN01296,Casual Learner,12,10,58.46,3,10.93,20.0,3,1,Stable,NLP,Medium,0.355,0
LRN01297,Consistent Learner,22,17,93.22,25,13.64,36.67,15,4,Improving,NLP,Hard,0.672,1
LRN01298,Consistent Learner,20,11,83.5,21,15.01,33.33,6,7,Improving,NLP,Medium,0.643,1
LRN01299,Casual Learner,14,10,47.12,2,5.19,23.33,2,1,Declining,Python,Easy,0.206,0
LRN01300,Fast Learner,52,29,98.0,17,25.29,86.67,20,15,Improving,Python,Easy,0.874,1
LRN01301,Consistent Learner,41,21,97.61,21,23.77,68.33,15,12,Improving,Python,Easy,0.829,1
LRN01302,Struggling Learner,0,1,36.73,1,6.75,0.0,1,3,Stable,Machine Learning,Medium,0.193,0
LRN01303,Casual Learner,14,7,53.33,7,4.25,23.33,4,2,Stable,NLP,Medium,0.329,0
LRN01304,Fast Learner,45,28,98.0,30,29.31,75.0,20,12,Improving,MLOps,Hard,0.849,1
LRN01305,Struggling Learner,9,5,31.75,1,5.66,15.0,1,3,Improving,Generative AI,Hard,0.227,0
LRN01306,Struggling Learner,4,3,30.66,0,2.05,6.67,2,2,Declining,NLP,Medium,0.083,0
LRN01307,Casual Learner,22,18,58.61,4,9.56,36.67,5,1,Stable,NLP,Easy,0.392,0
LRN01308,Fast Learner,60,45,98.0,20,22.29,100.0,15,12,Stable,Machine Learning,Medium,0.806,1
LRN01309,Casual Learner,18,9,62.92,9,8.93,30.0,5,1,Declining,NLP,Easy,0.329,0
LRN01310,Consistent Learner,21,14,92.97,17,23.26,35.0,13,12,Improving,SQL,Medium,0.724,1
LRN01311,Casual Learner,15,8,58.82,5,10.2,25.0,2,0,Declining,SQL,Easy,0.287,0
LRN01312,Casual Learner,21,15,52.71,6,5.46,35.0,4,4,Stable,MLOps,Hard,0.301,0
LRN01313,Casual Learner,22,13,48.09,7,5.61,36.67,0,2,Stable,Python,Medium,0.327,0
LRN01314,Struggling Learner,7,4,44.21,4,7.46,11.67,1,3,Declining,SQL,Medium,0.18,0
LRN01315,Consistent Learner,20,11,72.96,11,17.96,33.33,8,10,Improving,Python,Hard,0.534,0
LRN01316,Casual Learner,22,17,57.19,0,11.46,36.67,4,5,Stable,Generative AI,Medium,0.379,0
LRN01317,Casual Learner,22,19,50.52,4,8.95,36.67,0,1,Declining,SQL,Medium,0.261,0
LRN01318,Casual Learner,7,3,53.35,3,5.96,11.67,3,0,Declining,SQL,Medium,0.219,0
LRN01319,Consistent Learner,33,26,73.48,15,13.06,55.0,10,4,Declining,MLOps,Medium,0.469,0
LRN01320,Struggling Learner,3,2,39.3,0,6.97,5.0,1,0,Declining,SQL,Easy,0.133,0
LRN01321,Fast Learner,59,40,98.0,29,32.2,98.33,16,6,Stable,Machine Learning,Medium,0.855,1
LRN01322,Consistent Learner,26,21,84.1,18,18.18,43.33,5,12,Improving,Python,Easy,0.666,1
LRN01323,Consistent Learner,42,21,98.0,25,18.02,70.0,15,8,Stable,NLP,Easy,0.745,1
LRN01324,Casual Learner,11,8,55.94,9,4.51,18.33,5,3,Improving,MLOps,Easy,0.42,0
LRN01325,Struggling Learner,15,11,34.44,3,4.9,25.0,3,2,Improving,NLP,Easy,0.317,0
LRN01326,Fast Learner,56,49,98.0,25,33.88,93.33,14,5,Improving,Python,Medium,0.909,1
LRN01327,Fast Learner,39,32,98.0,25,26.05,65.0,9,14,Improving,SQL,Medium,0.827,1
LRN01328,Consistent Learner,23,17,83.09,19,10.82,38.33,15,5,Declining,Machine Learning,Medium,0.495,0
LRN01329,Fast Learner,51,33,98.0,30,24.18,85.0,12,9,Improving,SQL,Medium,0.882,1
LRN01330,Struggling Learner,3,1,30.0,0,3.54,5.0,2,2,Declining,Generative AI,Hard,0.032,0
LRN01331,Consistent Learner,44,37,84.14,12,18.25,73.33,13,12,Stable,MLOps,Easy,0.651,1
LRN01332,Casual Learner,6,3,50.92,6,5.81,10.0,0,5,Improving,Python,Hard,0.315,0
LRN01333,Fast Learner,50,27,98.0,26,18.72,83.33,14,13,Stable,SQL,Easy,0.774,1
LRN01334,Casual Learner,23,15,56.55,1,9.31,38.33,5,0,Improving,MLOps,Hard,0.407,1
LRN01335,Consistent Learner,33,23,74.5,18,10.08,55.0,14,6,Improving,Generative AI,Medium,0.642,1
LRN01336,Consistent Learner,31,18,85.23,23,12.04,51.67,14,7,Stable,MLOps,Medium,0.623,1
LRN01337,Consistent Learner,23,16,83.17,16,16.08,38.33,9,5,Improving,MLOps,Easy,0.65,1
LRN01338,Consistent Learner,27,14,87.04,12,21.17,45.0,15,9,Declining,Generative AI,Easy,0.542,0
LRN01339,Fast Learner,57,38,94.92,18,18.23,95.0,13,8,Improving,Python,Hard,0.788,1
LRN01340,Consistent Learner,41,34,83.33,18,17.78,68.33,12,6,Improving,SQL,Hard,0.679,1
LRN01341,Casual Learner,20,12,51.33,4,7.4,33.33,3,0,Improving,Python,Medium,0.42,0
LRN01342,Consistent Learner,23,13,91.82,14,23.22,38.33,9,7,Improving,Generative AI,Easy,0.707,1
LRN01343,Consistent Learner,27,16,85.11,18,16.74,45.0,12,9,Improving,SQL,Easy,0.687,1
LRN01344,Consistent Learner,27,21,89.02,14,24.8,45.0,6,7,Improving,Machine Learning,Hard,0.656,1
LRN01345,Consistent Learner,32,19,65.5,13,10.3,53.33,8,7,Declining,Generative AI,Hard,0.36,0
LRN01346,Struggling Learner,5,4,34.56,4,5.39,8.33,0,1,Declining,Generative AI,Medium,0.121,0
LRN01347,Consistent Learner,25,19,75.26,19,11.63,41.67,11,7,Improving,NLP,Medium,0.619,1
LRN01348,Casual Learner,16,13,48.24,7,3.86,26.67,4,1,Declining,Machine Learning,Medium,0.232,0
LRN01349,Consistent Learner,27,19,69.46,10,16.46,45.0,6,4,Improving,Python,Easy,0.579,1
LRN01350,Struggling Learner,2,1,30.62,4,1.72,3.33,3,1,Stable,Python,Easy,0.168,0
LRN01351,Consistent Learner,28,17,88.24,24,19.65,46.67,8,4,Improving,Machine Learning,Medium,0.72,1
LRN01352,Casual Learner,12,9,48.85,4,3.4,20.0,4,1,Improving,NLP,Hard,0.322,0
LRN01353,Consistent Learner,30,15,80.42,17,11.5,50.0,14,7,Stable,NLP,Medium,0.581,0
LRN01354,Casual Learner,25,14,53.59,10,8.15,41.67,2,1,Declining,MLOps,Easy,0.303,0
LRN01355,Fast Learner,44,24,98.0,29,25.83,73.33,11,14,Stable,SQL,Medium,0.779,1
LRN01356,Casual Learner,18,11,39.99,1,4.39,30.0,1,3,Improving,SQL,Medium,0.34,0
LRN01357,Fast Learner,59,32,95.91,17,20.68,98.33,10,11,Stable,Machine Learning,Medium,0.768,1
LRN01358,Struggling Learner,10,6,38.62,1,7.2,16.67,1,3,Declining,Machine Learning,Medium,0.156,0
LRN01359,Struggling Learner,0,1,36.61,2,2.37,0.0,3,3,Stable,MLOps,Easy,0.185,0
LRN01360,Casual Learner,22,14,58.22,1,11.55,36.67,4,3,Declining,SQL,Easy,0.306,0
LRN01361,Struggling Learner,4,2,30.0,0,2.68,6.67,0,1,Declining,Python,Easy,0.077,0
LRN01362,Fast Learner,40,32,98.0,30,18.75,66.67,11,7,Improving,Generative AI,Easy,0.824,1
LRN01363,Consistent Learner,40,30,94.03,20,18.2,66.67,12,5,Improving,Python,Medium,0.78,1
LRN01364,Casual Learner,5,2,53.57,0,10.77,8.33,0,2,Stable,Python,Easy,0.294,0
LRN01365,Struggling Learner,3,2,38.59,4,4.07,5.0,2,0,Declining,MLOps,Easy,0.133,0
LRN01366,Consistent Learner,23,12,91.64,19,21.92,38.33,9,7,Improving,MLOps,Medium,0.715,1
LRN01367,Consistent Learner,44,32,67.25,15,11.15,73.33,9,11,Improving,Python,Medium,0.629,1
LRN01368,Fast Learner,36,22,98.0,23,18.05,60.0,11,11,Improving,Generative AI,Easy,0.79,1
LRN01369,Consistent Learner,23,13,72.82,14,13.54,38.33,9,11,Improving,Machine Learning,Medium,0.589,0
LRN01370,Casual Learner,6,3,48.54,0,7.97,10.0,5,3,Stable,Generative AI,Medium,0.277,0
LRN01371,Casual Learner,5,2,57.13,10,9.95,8.33,4,1,Declining,Python,Hard,0.214,0
LRN01372,Consistent Learner,37,32,88.13,10,23.73,61.67,9,7,Improving,NLP,Medium,0.728,1
LRN01373,Consistent Learner,32,21,88.08,16,20.77,53.33,13,4,Improving,SQL,Medium,0.727,1
LRN01374,Consistent Learner,25,14,84.27,19,17.83,41.67,11,7,Improving,MLOps,Easy,0.68,1
LRN01375,Casual Learner,18,12,42.8,4,4.92,30.0,2,0,Stable,MLOps,Medium,0.285,0
LRN01376,Casual Learner,14,11,54.31,0,10.8,23.33,1,3,Stable,Generative AI,Medium,0.33,0
LRN01377,Struggling Learner,0,1,36.42,3,5.68,0.0,3,2,Stable,Generative AI,Hard,0.148,0
LRN01378,Struggling Learner,0,1,40.58,5,6.4,0.0,0,2,Declining,Machine Learning,Medium,0.137,0
LRN01379,Consistent Learner,42,32,67.46,20,10.92,70.0,5,7,Stable,SQL,Easy,0.546,0
LRN01380,Struggling Learner,11,9,30.0,4,2.36,18.33,2,2,Declining,SQL,Hard,0.065,0
LRN01381,Casual Learner,19,14,47.99,1,7.74,31.67,4,0,Stable,MLOps,Medium,0.318,0
LRN01382,Fast Learner,55,46,98.0,22,23.49,91.67,8,11,Declining,Generative AI,Medium,0.701,1
LRN01383,Struggling Learner,12,6,30.25,4,1.67,20.0,3,0,Declining,Python,Medium,0.12,0
LRN01384,Consistent Learner,37,23,69.45,10,11.92,61.67,8,9,Improving,MLOps,Easy,0.602,1
LRN01385,Fast Learner,58,33,98.0,15,33.43,96.67,17,15,Stable,SQL,Hard,0.767,1
LRN01386,Casual Learner,8,4,60.78,10,10.84,13.33,4,2,Improving,Generative AI,Medium,0.453,1
LRN01387,Casual Learner,18,13,41.11,2,4.75,30.0,1,4,Improving,Machine Learning,Medium,0.349,0
LRN01388,Fast Learner,36,25,98.0,24,29.82,60.0,10,13,Improving,Machine Learning,Medium,0.829,1
LRN01389,Consistent Learner,35,24,95.31,23,24.03,58.33,11,3,Stable,NLP,Medium,0.714,1
LRN01390,Fast Learner,41,26,98.0,16,32.87,68.33,16,8,Improving,Python,Medium,0.84,1
LRN01391,Fast Learner,58,34,98.0,20,21.62,96.67,20,8,Improving,NLP,Medium,0.89,1
LRN01392,Casual Learner,20,15,52.68,7,8.64,33.33,3,4,Improving,Generative AI,Hard,0.389,0
LRN01393,Struggling Learner,3,2,30.67,4,2.69,5.0,0,3,Stable,MLOps,Hard,0.118,0
LRN01394,Consistent Learner,33,24,74.38,17,10.69,55.0,15,8,Improving,Machine Learning,Medium,0.643,1
LRN01395,Casual Learner,6,3,55.04,9,7.57,10.0,4,5,Stable,Python,Medium,0.327,0
LRN01396,Consistent Learner,45,37,88.42,23,12.48,75.0,14,12,Improving,Generative AI,Medium,0.766,1
LRN01397,Casual Learner,19,13,47.57,8,3.81,31.67,2,1,Stable,Generative AI,Easy,0.316,0
LRN01398,Fast Learner,35,28,98.0,24,31.13,58.33,17,14,Declining,SQL,Easy,0.684,1
LRN01399,Casual Learner,12,8,52.38,2,5.65,20.0,3,3,Improving,Generative AI,Medium,0.387,1
LRN01400,Consistent Learner,32,24,90.24,24,19.6,53.33,11,3,Improving,Generative AI,Hard,0.7,1
LRN01401,Consistent Learner,27,23,87.83,21,14.89,45.0,15,6,Improving,Generative AI,Medium,0.708,1
LRN01402,Struggling Learner,0,1,38.98,3,7.28,0.0,0,1,Declining,Python,Medium,0.128,0
LRN01403,Fast Learner,53,32,98.0,19,30.97,88.33,14,15,Improving,NLP,Medium,0.883,1
LRN01404,Struggling Learner,6,4,33.61,3,1.1,10.0,3,0,Stable,SQL,Hard,0.14,0
LRN01405,Consistent Learner,44,31,71.01,16,11.8,73.33,9,9,Stable,Machine Learning,Hard,0.521,0
LRN01406,Struggling Learner,0,1,40.42,1,6.83,0.0,3,1,Declining,Generative AI,Medium,0.135,0
LRN01407,Fast Learner,36,19,98.0,27,19.99,60.0,16,8,Stable,Machine Learning,Hard,0.69,1
LRN01408,Fast Learner,37,22,98.0,16,24.38,61.67,17,15,Improving,MLOps,Medium,0.811,1
LRN01409,Casual Learner,25,16,52.88,9,7.7,41.67,3,5,Declining,SQL,Medium,0.298,0
LRN01410,Struggling Learner,14,7,39.88,2,4.1,23.33,3,1,Declining,MLOps,Medium,0.173,0
LRN01411,Casual Learner,24,19,44.87,0,4.23,40.0,4,0,Stable,NLP,Hard,0.256,0
LRN01412,Struggling Learner,2,1,37.92,2,6.38,3.33,0,3,Stable,SQL,Easy,0.204,0
LRN01413,Fast Learner,39,22,98.0,25,34.22,65.0,13,7,Improving,NLP,Medium,0.85,1
LRN01414,Fast Learner,40,20,98.0,17,29.53,66.67,17,7,Stable,SQL,Hard,0.711,1
LRN01415,Consistent Learner,34,19,87.33,21,17.44,56.67,11,4,Stable,Generative AI,Easy,0.648,1
LRN01416,Fast Learner,40,33,98.0,25,32.7,66.67,8,7,Improving,Python,Medium,0.841,1
LRN01417,Fast Learner,49,33,98.0,23,21.48,81.67,9,11,Improving,NLP,Medium,0.84,1
LRN01418,Consistent Learner,25,21,81.13,15,11.13,41.67,15,4,Improving,SQL,Easy,0.643,1
LRN01419,Consistent Learner,33,22,83.24,20,12.57,55.0,12,12,Stable,SQL,Hard,0.56,1
LRN01420,Struggling Learner,5,3,37.23,2,4.8,8.33,3,0,Declining,MLOps,Easy,0.133,0
LRN01421,Casual Learner,25,17,48.9,10,6.86,41.67,0,3,Declining,NLP,Easy,0.273,0
LRN01422,Casual Learner,9,5,49.35,0,10.74,15.0,2,0,Stable,SQL,Easy,0.293,0
LRN01423,Consistent Learner,25,12,81.39,22,11.29,41.67,15,8,Declining,Python,Medium,0.503,0
LRN01424,Fast Learner,37,20,98.0,20,26.89,61.67,9,14,Declining,Generative AI,Hard,0.6,1
LRN01425,Consistent Learner,41,29,89.88,23,14.03,68.33,14,12,Stable,SQL,Easy,0.684,1
LRN01426,Struggling Learner,1,1,42.37,5,7.66,1.67,1,3,Declining,Generative AI,Hard,0.105,0
LRN01427,Consistent Learner,39,23,80.22,12,15.07,65.0,15,4,Improving,NLP,Hard,0.641,1
LRN01428,Fast Learner,55,47,98.0,26,25.5,91.67,10,8,Improving,SQL,Medium,0.884,1
LRN01429,Fast Learner,54,47,98.0,27,25.68,90.0,20,6,Improving,NLP,Medium,0.909,1
LRN01430,Consistent Learner,24,18,95.92,23,22.86,40.0,13,10,Stable,Machine Learning,Medium,0.682,1
LRN01431,Struggling Learner,1,1,36.66,4,6.53,1.67,2,0,Declining,SQL,Medium,0.126,0
LRN01432,Struggling Learner,11,8,40.23,3,6.29,18.33,3,2,Improving,Python,Easy,0.334,0
LRN01433,Fast Learner,58,33,98.0,26,23.82,96.67,12,9,Improving,NLP,Easy,0.893,1
LRN01434,Casual Learner,14,10,51.3,3,4.67,23.33,5,1,Declining,NLP,Hard,0.184,0
LRN01435,Struggling Learner,3,2,36.83,1,3.38,5.0,2,0,Stable,Machine Learning,Medium,0.195,0
LRN01436,Fast Learner,45,26,98.0,20,24.61,75.0,14,14,Improving,Generative AI,Medium,0.841,1
LRN01437,Consistent Learner,36,18,80.45,22,11.59,60.0,10,8,Improving,NLP,Hard,0.634,1
LRN01438,Fast Learner,45,22,98.0,24,30.85,75.0,12,8,Improving,MLOps,Hard,0.815,1
LRN01439,Fast Learner,38,22,98.0,30,33.54,63.33,10,5,Improving,SQL,Easy,0.853,1
LRN01440,Casual Learner,11,7,45.69,1,6.55,18.33,2,2,Stable,Python,Easy,0.272,0
LRN01441,Casual Learner,11,5,63.62,7,10.36,18.33,5,4,Stable,Machine Learning,Easy,0.389,1
LRN01442,Consistent Learner,24,12,82.72,13,20.46,40.0,9,4,Improving,Generative AI,Medium,0.658,1
LRN01443,Casual Learner,21,17,52.06,0,7.26,35.0,4,5,Improving,Machine Learning,Easy,0.418,1
LRN01444,Consistent Learner,44,31,80.27,15,15.22,73.33,7,8,Stable,NLP,Easy,0.616,1
LRN01445,Casual Learner,21,12,57.94,7,6.74,35.0,4,3,Improving,MLOps,Medium,0.462,0
LRN01446,Casual Learner,13,8,53.95,5,7.87,21.67,5,4,Declining,MLOps,Hard,0.208,0
LRN01447,Consistent Learner,29,25,82.61,13,24.37,48.33,6,9,Stable,Python,Hard,0.549,0
LRN01448,Casual Learner,16,8,57.19,9,8.75,26.67,5,1,Stable,Python,Medium,0.376,0
LRN01449,Fast Learner,35,20,98.0,30,23.51,58.33,8,13,Improving,SQL,Medium,0.816,1
LRN01450,Consistent Learner,36,26,91.48,22,17.87,60.0,11,12,Improving,MLOps,Hard,0.707,1
LRN01451,Consistent Learner,40,22,91.51,19,21.83,66.67,15,9,Improving,Generative AI,Hard,0.736,1
LRN01452,Struggling Learner,9,7,32.67,0,2.46,15.0,1,1,Stable,SQL,Easy,0.188,0
LRN01453,Consistent Learner,24,17,86.86,10,23.18,40.0,15,7,Stable,Python,Medium,0.612,1
LRN01454,Consistent Learner,26,18,97.01,24,20.76,43.33,10,3,Improving,MLOps,Easy,0.761,1
LRN01455,Casual Learner,16,14,52.4,5,7.32,26.67,2,5,Improving,SQL,Medium,0.412,1
LRN01456,Struggling Learner,10,8,31.23,0,2.0,16.67,3,3,Declining,NLP,Easy,0.108,0
LRN01457,Casual Learner,8,6,46.8,2,8.81,13.33,0,3,Declining,MLOps,Easy,0.192,0
LRN01458,Casual Learner,10,5,54.98,0,11.61,16.67,2,1,Stable,Generative AI,Easy,0.324,0
LRN01459,Fast Learner,38,20,98.0,25,30.46,63.33,18,14,Improving,SQL,Easy,0.859,1
LRN01460,Casual Learner,12,8,55.54,8,10.1,20.0,1,2,Stable,NLP,Medium,0.347,0
LRN01461,Casual Learner,20,17,49.77,6,4.97,33.33,2,1,Improving,Machine Learning,Medium,0.408,1
LRN01462,Consistent Learner,42,34,92.72,15,20.88,70.0,12,12,Improving,SQL,Medium,0.777,1
LRN01463,Fast Learner,45,38,98.0,29,22.19,75.0,20,13,Improving,MLOps,Hard,0.822,1
LRN01464,Casual Learner,22,12,62.69,8,11.51,36.67,1,1,Declining,Python,Easy,0.338,0
LRN01465,Casual Learner,6,3,49.04,2,7.93,10.0,0,0,Stable,MLOps,Hard,0.222,0
LRN01466,Consistent Learner,38,24,79.03,16,16.58,63.33,10,11,Improving,Python,Medium,0.685,1
LRN01467,Casual Learner,6,5,48.68,4,4.82,10.0,2,1,Declining,Generative AI,Medium,0.191,0
LRN01468,Consistent Learner,25,18,82.24,12,24.31,41.67,5,5,Stable,Generative AI,Medium,0.579,1
LRN01469,Fast Learner,41,34,98.0,21,26.13,68.33,8,14,Improving,NLP,Easy,0.821,1
LRN01470,Consistent Learner,39,29,95.18,14,24.51,65.0,11,3,Improving,SQL,Easy,0.785,1
LRN01471,Casual Learner,19,10,56.65,10,6.69,31.67,1,0,Stable,Python,Easy,0.37,0
LRN01472,Fast Learner,40,31,98.0,16,18.71,66.67,15,7,Stable,NLP,Hard,0.667,1
LRN01473,Casual Learner,11,7,45.18,9,3.33,18.33,1,3,Improving,SQL,Medium,0.358,0
LRN01474,Casual Learner,21,11,40.23,4,3.93,35.0,1,0,Stable,NLP,Medium,0.277,0
LRN01475,Consistent Learner,20,14,84.03,20,18.65,33.33,7,5,Improving,Generative AI,Easy,0.658,1
LRN01476,Struggling Learner,11,8,34.77,0,6.05,18.33,0,1,Stable,MLOps,Medium,0.213,0
LRN01477,Casual Learner,12,6,58.63,1,11.72,20.0,1,2,Stable,Generative AI,Medium,0.348,0
LRN01478,Struggling Learner,6,3,41.89,2,6.92,10.0,0,1,Declining,NLP,Easy,0.157,0
LRN01479,Consistent Learner,37,27,75.67,11,17.42,61.67,7,12,Stable,Python,Medium,0.569,1
LRN01480,Fast Learner,42,36,98.0,24,20.21,70.0,16,15,Improving,SQL,Hard,0.782,1
LRN01481,Casual Learner,12,6,47.33,4,9.31,20.0,0,1,Stable,NLP,Hard,0.245,0
LRN01482,Casual Learner,19,12,52.18,4,6.32,31.67,4,0,Declining,Machine Learning,Medium,0.26,0
LRN01483,Fast Learner,42,28,96.83,18,22.27,70.0,10,9,Improving,Python,Medium,0.803,1
LRN01484,Consistent Learner,21,11,83.75,23,13.11,35.0,13,6,Stable,Python,Medium,0.584,1
LRN01485,Fast Learner,35,19,98.0,26,26.79,58.33,15,6,Stable,Machine Learning,Medium,0.754,1
LRN01486,Fast Learner,36,24,98.0,18,24.95,60.0,11,5,Improving,Python,Hard,0.75,1
LRN01487,Struggling Learner,8,4,32.13,1,4.44,13.33,3,1,Improving,NLP,Easy,0.276,0
LRN01488,Consistent Learner,31,21,88.1,23,16.7,51.67,14,7,Improving,Machine Learning,Easy,0.732,1
LRN01489,Struggling Learner,6,5,40.27,1,5.25,10.0,3,2,Declining,SQL,Easy,0.149,0
LRN01490,Consistent Learner,24,12,87.9,25,20.49,40.0,5,3,Improving,Python,Medium,0.703,1
LRN01491,Casual Learner,7,4,52.61,0,10.16,11.67,3,4,Declining,Python,Easy,0.221,0
LRN01492,Casual Learner,22,15,58.27,8,9.91,36.67,0,5,Declining,MLOps,Easy,0.31,0
LRN01493,Consistent Learner,42,31,68.0,15,10.99,70.0,5,7,Stable,Machine Learning,Medium,0.535,1
LRN01494,Consistent Learner,32,24,98.0,25,21.75,53.33,15,6,Improving,MLOps,Easy,0.804,1
LRN01495,Casual Learner,14,8,43.54,6,3.92,23.33,0,1,Improving,NLP,Medium,0.352,0
LRN01496,Casual Learner,15,13,54.0,3,6.93,25.0,5,5,Stable,Generative AI,Medium,0.337,0
LRN01497,Casual Learner,5,4,49.06,4,3.6,8.33,1,3,Improving,SQL,Medium,0.343,0
LRN01498,Casual Learner,22,11,48.28,1,10.6,36.67,0,3,Stable,Python,Medium,0.329,0
LRN01499,Consistent Learner,37,28,90.54,12,24.16,61.67,8,8,Improving,Generative AI,Medium,0.743,1
LRN01500,Casual Learner,9,7,55.49,1,11.08,15.0,3,0,Stable,Machine Learning,Hard,0.277,0
LRN01501,Casual Learner,7,4,55.81,6,11.73,11.67,2,2,Improving,Machine Learning,Medium,0.415,0
LRN01502,Consistent Learner,34,24,95.1,21,24.59,56.67,12,3,Improving,Generative AI,Easy,0.789,1
LRN01503,Consistent Learner,22,15,85.84,15,22.43,36.67,8,9,Improving,MLOps,Medium,0.674,1
LRN01504,Consistent Learner,35,26,86.47,18,20.12,58.33,7,12,Improving,NLP,Medium,0.718,1
LRN01505,Struggling Learner,15,11,32.57,0,5.65,25.0,2,0,Stable,Python,Medium,0.22,0
LRN01506,Consistent Learner,21,12,84.96,17,17.42,35.0,7,10,Improving,Generative AI,Easy,0.653,1
LRN01507,Consistent Learner,44,33,98.0,22,23.97,73.33,7,7,Stable,MLOps,Medium,0.744,1
LRN01508,Consistent Learner,37,18,82.13,18,13.73,61.67,14,9,Improving,Python,Medium,0.702,1
LRN01509,Consistent Learner,32,26,81.67,21,12.14,53.33,14,6,Improving,SQL,Easy,0.686,1
LRN01510,Struggling Learner,7,5,30.0,3,2.86,11.67,1,0,Stable,NLP,Easy,0.178,0
LRN01511,Consistent Learner,39,32,81.75,23,18.64,65.0,5,12,Improving,Python,Medium,0.714,1
LRN01512,Casual Learner,16,14,63.86,9,8.95,26.67,5,1,Declining,Python,Easy,0.327,0
LRN01513,Consistent Learner,20,12,75.9,17,15.13,33.33,5,7,Improving,MLOps,Easy,0.596,0
LRN01514,Struggling Learner,8,4,33.65,3,6.25,13.33,1,2,Stable,Python,Hard,0.159,0
LRN01515,Consistent Learner,45,36,85.6,22,18.51,75.0,6,10,Stable,MLOps,Easy,0.671,1
LRN01516,Casual Learner,24,17,62.23,8,7.84,40.0,5,0,Declining,NLP,Medium,0.34,0
LRN01517,Fast Learner,37,30,98.0,28,25.53,61.67,16,6,Improving,NLP,Medium,0.844,1
LRN01518,Consistent Learner,39,30,91.62,17,19.95,65.0,14,9,Improving,Generative AI,Medium,0.769,1
LRN01519,Struggling Learner,2,1,30.43,4,3.29,3.33,2,2,Stable,SQL,Medium,0.17,0
LRN01520,Fast Learner,56,47,98.0,26,31.28,93.33,11,11,Improving,NLP,Easy,0.904,1
LRN01521,Fast Learner,54,33,98.0,27,27.14,90.0,11,11,Stable,SQL,Easy,0.811,1
LRN01522,Consistent Learner,39,19,77.32,25,10.84,65.0,5,3,Improving,SQL,Easy,0.673,1
LRN01523,Consistent Learner,21,17,86.51,22,14.4,35.0,11,7,Improving,NLP,Medium,0.673,1
LRN01524,Consistent Learner,33,22,70.64,10,13.93,55.0,9,8,Stable,Machine Learning,Medium,0.523,0
LRN01525,Consistent Learner,29,23,83.37,17,21.52,48.33,8,11,Improving,Machine Learning,Easy,0.689,1
LRN01526,Consistent Learner,24,18,86.66,15,22.81,40.0,11,8,Improving,Machine Learning,Medium,0.694,1
LRN01527,Struggling Learner,0,1,36.68,5,5.86,0.0,3,1,Stable,SQL,Hard,0.155,0
LRN01528,Consistent Learner,35,19,91.87,25,20.41,58.33,9,9,Improving,Python,Easy,0.767,1
LRN01529,Casual Learner,8,6,50.34,8,3.83,13.33,2,4,Declining,Python,Medium,0.212,0
LRN01530,Fast Learner,50,44,98.0,27,28.01,83.33,15,12,Stable,SQL,Medium,0.811,1
LRN01531,Consistent Learner,45,40,94.47,18,23.46,75.0,12,5,Improving,SQL,Medium,0.811,1
LRN01532,Fast Learner,38,22,98.0,16,33.63,63.33,11,13,Stable,Machine Learning,Easy,0.738,1
LRN01533,Casual Learner,17,12,62.33,8,10.8,28.33,0,3,Stable,Machine Learning,Hard,0.344,0
LRN01534,Fast Learner,39,33,98.0,22,20.1,65.0,16,10,Stable,Machine Learning,Easy,0.737,1
LRN01535,Consistent Learner,29,18,89.84,19,19.79,48.33,15,10,Improving,Python,Easy,0.735,1
LRN01536,Fast Learner,57,42,98.0,24,34.74,95.0,20,13,Declining,MLOps,Hard,0.715,1
LRN01537,Struggling Learner,14,10,35.85,3,4.07,23.33,1,1,Declining,SQL,Medium,0.152,0
LRN01538,Struggling Learner,12,9,37.94,0,5.8,20.0,3,2,Improving,Python,Medium,0.318,0
LRN01539,Consistent Learner,21,15,75.96,16,13.82,35.0,5,9,Improving,MLOps,Medium,0.593,1
LRN01540,Consistent Learner,27,13,83.36,17,14.97,45.0,9,3,Stable,MLOps,Medium,0.583,1
LRN01541,Casual Learner,17,14,57.07,8,6.96,28.33,2,4,Stable,SQL,Easy,0.363,0
LRN01542,Casual Learner,16,9,48.18,6,5.35,26.67,0,4,Stable,Python,Medium,0.304,0
LRN01543,Consistent Learner,45,26,84.89,10,18.29,75.0,15,8,Improving,NLP,Hard,0.687,1
LRN01544,Consistent Learner,37,26,94.1,23,21.03,61.67,14,11,Stable,MLOps,Medium,0.713,1
LRN01545,Struggling Learner,15,9,35.57,1,5.05,25.0,3,0,Stable,NLP,Easy,0.237,0
LRN01546,Struggling Learner,12,10,39.88,1,5.97,20.0,2,1,Declining,Generative AI,Medium,0.167,0
LRN01547,Consistent Learner,45,31,75.14,13,11.55,75.0,15,11,Stable,Generative AI,Easy,0.599,1
LRN01548,Struggling Learner,1,1,33.52,4,5.98,1.67,1,1,Stable,SQL,Easy,0.187,0
LRN01549,Fast Learner,57,31,98.0,29,26.87,95.0,14,11,Improving,MLOps,Medium,0.913,1
LRN01550,Struggling Learner,15,12,30.9,0,6.0,25.0,0,0,Stable,Python,Easy,0.209,0
LRN01551,Consistent Learner,37,27,81.86,20,14.34,61.67,15,6,Improving,Python,Medium,0.71,1
LRN01552,Casual Learner,22,14,57.18,3,8.77,36.67,2,2,Stable,MLOps,Medium,0.373,0
LRN01553,Fast Learner,59,51,98.0,29,34.91,98.33,20,11,Stable,Machine Learning,Hard,0.815,1
LRN01554,Casual Learner,19,9,54.09,5,10.51,31.67,0,5,Declining,NLP,Medium,0.275,0
LRN01555,Fast Learner,55,43,98.0,26,24.68,91.67,12,6,Stable,SQL,Hard,0.756,1
LRN01556,Consistent Learner,30,15,80.41,18,11.51,50.0,14,10,Improving,Generative AI,Medium,0.663,1
LRN01557,Consistent Learner,29,21,90.82,22,18.31,48.33,13,12,Improving,NLP,Medium,0.738,1
LRN01558,Consistent Learner,37,33,85.3,13,18.33,61.67,12,11,Improving,Generative AI,Easy,0.713,1
LRN01559,Casual Learner,18,12,46.31,7,4.63,30.0,0,4,Stable,SQL,Easy,0.302,0
LRN01560,Fast Learner,57,40,98.0,26,30.99,95.0,15,15,Stable,NLP,Easy,0.838,1
LRN01561,Casual Learner,5,4,61.61,9,9.85,8.33,2,1,Stable,Generative AI,Medium,0.356,0
LRN01562,Consistent Learner,34,23,78.49,12,14.36,56.67,15,5,Improving,Python,Easy,0.664,1
LRN01563,Casual Learner,22,16,50.25,1,4.3,36.67,4,5,Stable,SQL,Easy,0.326,0
LRN01564,Consistent Learner,36,28,85.59,24,18.81,60.0,5,7,Stable,Python,Hard,0.594,1
LRN01565,Consistent Learner,35,28,82.82,11,22.5,58.33,10,9,Stable,SQL,Easy,0.619,1
LRN01566,Consistent Learner,20,15,75.68,10,20.65,33.33,5,4,Stable,Machine Learning,Medium,0.515,1
LRN01567,Consistent Learner,26,18,98.0,18,22.41,43.33,12,5,Improving,MLOps,Hard,0.71,1
LRN01568,Fast Learner,50,39,98.0,20,26.84,83.33,10,9,Improving,NLP,Easy,0.855,1
LRN01569,Consistent Learner,45,23,84.69,10,21.59,75.0,12,4,Improving,MLOps,Medium,0.74,1
LRN01570,Fast Learner,46,41,98.0,20,34.57,76.67,15,6,Improving,NLP,Easy,0.865,1
LRN01571,Casual Learner,12,6,53.32,7,11.52,20.0,0,4,Stable,NLP,Medium,0.337,0
LRN01572,Fast Learner,50,40,98.0,17,22.36,83.33,16,14,Improving,Machine Learning,Easy,0.848,1
LRN01573,Casual Learner,21,12,60.2,9,7.21,35.0,4,4,Stable,Generative AI,Easy,0.399,1
LRN01574,Casual Learner,18,12,51.6,1,10.53,30.0,4,5,Stable,Machine Learning,Hard,0.29,0
LRN01575,Struggling Learner,2,1,30.0,2,1.25,3.33,0,1,Declining,SQL,Medium,0.071,0
LRN01576,Struggling Learner,6,3,45.13,5,7.8,10.0,2,3,Declining,Machine Learning,Hard,0.137,0
LRN01577,Consistent Learner,32,21,93.18,23,22.93,53.33,5,9,Improving,MLOps,Hard,0.706,1
LRN01578,Struggling Learner,6,3,39.66,1,4.83,10.0,2,1,Declining,Machine Learning,Medium,0.142,0
LRN01579,Fast Learner,45,29,98.0,29,18.9,75.0,12,5,Improving,Python,Medium,0.841,1
LRN01580,Consistent Learner,25,17,85.34,10,20.94,41.67,14,3,Stable,Python,Easy,0.599,1
LRN01581,Consistent Learner,20,17,87.55,13,19.99,33.33,8,4,Improving,Generative AI,Hard,0.612,0
LRN01582,Struggling Learner,0,1,34.32,2,2.0,0.0,3,3,Stable,Python,Medium,0.174,0
LRN01583,Struggling Learner,10,8,40.61,2,6.72,16.67,0,1,Declining,SQL,Medium,0.164,0
LRN01584,Casual Learner,23,19,46.92,0,6.22,38.33,0,1,Stable,Python,Easy,0.309,0
LRN01585,Consistent Learner,43,25,98.0,21,23.96,71.67,15,12,Improving,Python,Medium,0.838,1
LRN01586,Casual Learner,8,5,48.62,3,9.88,13.33,1,3,Stable,MLOps,Medium,0.289,0
LRN01587,Fast Learner,42,37,98.0,17,29.33,70.0,8,5,Improving,SQL,Hard,0.774,1
LRN01588,Fast Learner,57,36,98.0,18,33.25,95.0,8,9,Stable,NLP,Easy,0.799,1
LRN01589,Struggling Learner,9,7,37.08,4,1.45,15.0,2,0,Stable,Generative AI,Medium,0.217,0
LRN01590,Consistent Learner,31,19,85.16,17,21.4,51.67,10,12,Improving,Python,Easy,0.708,1
LRN01591,Casual Learner,23,15,46.52,0,3.12,38.33,3,4,Declining,Python,Easy,0.224,0
LRN01592,Consistent Learner,28,16,77.19,17,10.66,46.67,12,11,Stable,SQL,Medium,0.552,1
LRN01593,Consistent Learner,38,19,89.63,21,20.48,63.33,8,3,Improving,SQL,Medium,0.754,1
LRN01594,Fast Learner,46,41,98.0,17,32.08,76.67,15,8,Improving,NLP,Easy,0.857,1
LRN01595,Consistent Learner,25,19,85.09,15,18.73,41.67,15,12,Stable,Machine Learning,Medium,0.606,0
LRN01596,Fast Learner,60,50,97.28,16,18.54,100.0,18,11,Improving,MLOps,Medium,0.867,1
LRN01597,Struggling Learner,8,5,30.0,1,2.7,13.33,0,0,Declining,Generative AI,Hard,0.043,0
LRN01598,Casual Learner,19,12,58.38,9,6.01,31.67,4,4,Declining,Python,Easy,0.3,0
LRN01599,Casual Learner,14,9,45.7,0,4.51,23.33,1,1,Improving,Python,Hard,0.3,0
LRN01600,Consistent Learner,36,30,81.35,18,12.8,60.0,12,10,Improving,NLP,Easy,0.687,1
LRN01601,Casual Learner,12,6,57.54,8,9.42,20.0,0,1,Improving,MLOps,Medium,0.432,0
LRN01602,Fast Learner,46,39,98.0,18,33.42,76.67,16,14,Improving,Generative AI,Easy,0.862,1
LRN01603,Fast Learner,48,34,98.0,26,21.59,80.0,13,13,Stable,Generative AI,Medium,0.775,1
LRN01604,Consistent Learner,42,21,90.34,22,20.36,70.0,13,11,Declining,Machine Learning,Hard,0.576,1
LRN01605,Casual Learner,24,17,52.03,1,10.72,40.0,4,3,Declining,NLP,Hard,0.233,0
LRN01606,Consistent Learner,29,16,94.13,13,22.99,48.33,13,5,Improving,Python,Easy,0.744,1
LRN01607,Consistent Learner,24,12,79.86,17,19.38,40.0,7,5,Improving,Machine Learning,Medium,0.647,1
LRN01608,Struggling Learner,3,2,32.05,2,1.46,5.0,1,0,Declining,SQL,Easy,0.087,0
LRN01609,Fast Learner,57,44,98.0,22,29.83,95.0,10,7,Stable,SQL,Medium,0.814,1
LRN01610,Consistent Learner,26,17,77.7,14,10.62,43.33,13,4,Improving,NLP,Easy,0.622,1
LRN01611,Casual Learner,16,10,55.81,9,9.44,26.67,1,3,Declining,Python,Medium,0.282,0
LRN01612,Casual Learner,5,3,58.63,9,8.87,8.33,0,3,Declining,Python,Medium,0.254,0
LRN01613,Casual Learner,10,8,49.95,8,8.24,16.67,1,0,Improving,MLOps,Medium,0.389,0
LRN01614,Casual Learner,17,14,48.09,9,4.46,28.33,0,1,Improving,Python,Medium,0.392,0
LRN01615,Consistent Learner,33,21,98.0,22,22.62,55.0,12,3,Stable,Python,Medium,0.715,1
LRN01616,Consistent Learner,21,16,79.53,19,14.55,35.0,9,7,Improving,SQL,Medium,0.63,1
LRN01617,Fast Learner,42,31,98.0,26,27.65,70.0,8,9,Improving,SQL,Hard,0.792,1
LRN01618,Consistent Learner,23,18,72.94,14,11.33,38.33,9,6,Stable,MLOps,Medium,0.502,1
LRN01619,Casual Learner,13,10,55.25,1,9.06,21.67,5,4,Declining,Generative AI,Medium,0.257,0
LRN01620,Casual Learner,24,18,52.97,9,3.88,40.0,3,1,Declining,MLOps,Easy,0.283,0
LRN01621,Casual Learner,13,11,52.88,8,4.99,21.67,2,1,Declining,Machine Learning,Hard,0.194,0
LRN01622,Fast Learner,46,27,98.0,26,29.33,76.67,16,8,Improving,Python,Hard,0.831,1
LRN01623,Fast Learner,46,29,98.0,30,32.42,76.67,14,5,Improving,NLP,Medium,0.889,1
LRN01624,Casual Learner,13,10,56.75,7,7.49,21.67,3,4,Declining,MLOps,Medium,0.27,0
LRN01625,Casual Learner,11,7,54.38,3,6.24,18.33,3,2,Improving,NLP,Hard,0.348,0
LRN01626,Consistent Learner,45,23,70.76,16,10.95,75.0,9,5,Improving,Generative AI,Medium,0.65,1
LRN01627,Consistent Learner,39,32,94.39,19,23.76,65.0,13,4,Improving,SQL,Medium,0.797,1
LRN01628,Casual Learner,17,14,47.47,7,5.72,28.33,1,0,Stable,Machine Learning,Easy,0.311,0
LRN01629,Casual Learner,8,4,49.56,6,5.39,13.33,0,2,Improving,Generative AI,Medium,0.364,0
LRN01630,Struggling Learner,13,7,41.57,2,6.72,21.67,2,2,Declining,NLP,Easy,0.183,0
LRN01631,Consistent Learner,41,28,90.34,10,23.56,68.33,13,4,Improving,SQL,Easy,0.761,1
LRN01632,Consistent Learner,37,21,86.61,18,16.7,61.67,10,5,Improving,MLOps,Hard,0.672,1
LRN01633,Struggling Learner,14,7,32.87,5,2.82,23.33,3,0,Declining,MLOps,Hard,0.095,0
LRN01634,Casual Learner,18,12,49.08,2,10.17,30.0,1,3,Stable,MLOps,Medium,0.323,0
LRN01635,Consistent Learner,23,20,79.86,11,14.18,38.33,15,3,Improving,SQL,Hard,0.58,1
LRN01636,Fast Learner,46,39,98.0,16,23.53,76.67,8,5,Improving,MLOps,Easy,0.815,1
LRN01637,Consistent Learner,41,20,85.26,16,22.7,68.33,6,9,Declining,MLOps,Medium,0.574,1
LRN01638,Consistent Learner,32,27,79.29,12,17.94,53.33,12,5,Improving,Generative AI,Medium,0.665,1
LRN01639,Consistent Learner,32,23,75.87,10,12.64,53.33,14,5,Improving,SQL,Medium,0.632,1
LRN01640,Struggling Learner,11,6,36.59,5,6.79,18.33,1,1,Declining,NLP,Easy,0.16,0
LRN01641,Struggling Learner,5,4,30.0,2,1.01,8.33,3,1,Stable,NLP,Easy,0.168,0
LRN01642,Fast Learner,47,24,98.0,16,19.56,78.33,16,12,Improving,Python,Medium,0.826,1
LRN01643,Casual Learner,11,6,44.41,1,6.43,18.33,0,3,Stable,Generative AI,Easy,0.261,0
LRN01644,Casual Learner,25,20,57.29,1,11.66,41.67,3,5,Declining,Machine Learning,Medium,0.31,0
LRN01645,Consistent Learner,26,15,82.7,18,14.86,43.33,7,5,Improving,MLOps,Hard,0.604,0
LRN01646,Fast Learner,57,35,98.0,18,26.64,95.0,20,14,Improving,MLOps,Hard,0.848,1
LRN01647,Casual Learner,25,16,55.98,2,10.74,41.67,5,2,Declining,Generative AI,Hard,0.259,0
LRN01648,Consistent Learner,21,17,94.8,17,23.5,35.0,15,10,Stable,Python,Medium,0.658,1
LRN01649,Casual Learner,20,15,42.91,3,5.48,33.33,0,3,Stable,Machine Learning,Medium,0.286,0
LRN01650,Consistent Learner,20,11,88.4,12,23.33,33.33,8,9,Improving,Machine Learning,Medium,0.674,1
LRN01651,Casual Learner,20,15,56.08,6,8.91,33.33,0,2,Improving,Machine Learning,Easy,0.445,0
LRN01652,Fast Learner,55,49,98.0,26,29.21,91.67,9,11,Improving,MLOps,Medium,0.894,1
LRN01653,Fast Learner,56,41,98.0,27,19.55,93.33,17,8,Improving,SQL,Easy,0.887,1
LRN01654,Casual Learner,5,2,49.85,6,5.28,8.33,1,5,Stable,Python,Easy,0.277,0
LRN01655,Fast Learner,37,31,98.0,22,33.99,61.67,20,11,Improving,Generative AI,Medium,0.853,1
LRN01656,Casual Learner,21,14,47.45,1,7.27,35.0,1,3,Improving,Generative AI,Hard,0.343,0
LRN01657,Consistent Learner,32,24,88.62,10,20.12,53.33,12,8,Improving,NLP,Medium,0.709,1
LRN01658,Consistent Learner,40,29,94.76,19,24.04,66.67,8,4,Improving,Machine Learning,Easy,0.791,1
LRN01659,Casual Learner,23,12,47.18,2,8.73,38.33,1,0,Stable,Machine Learning,Hard,0.276,0
LRN01660,Consistent Learner,32,26,81.77,19,14.08,53.33,14,10,Improving,Python,Easy,0.687,1
LRN01661,Casual Learner,17,11,52.51,8,5.76,28.33,5,3,Stable,NLP,Hard,0.296,0
LRN01662,Fast Learner,41,24,98.0,26,24.56,68.33,14,5,Improving,SQL,Medium,0.844,1
LRN01663,Consistent Learner,21,14,85.81,22,18.83,35.0,9,12,Improving,Python,Easy,0.68,1
LRN01664,Casual Learner,9,5,54.83,6,8.12,15.0,1,2,Stable,MLOps,Easy,0.322,0
LRN01665,Fast Learner,51,34,98.0,28,20.74,85.0,18,8,Improving,Machine Learning,Medium,0.88,1
LRN01666,Casual Learner,22,14,56.26,5,10.56,36.67,4,3,Stable,SQL,Easy,0.385,0
LRN01667,Consistent Learner,29,23,88.12,19,21.18,48.33,9,4,Improving,Generative AI,Hard,0.667,1
LRN01668,Casual Learner,12,8,53.02,4,10.5,20.0,2,4,Declining,NLP,Easy,0.249,0
LRN01669,Casual Learner,22,13,43.41,3,4.54,36.67,0,4,Stable,NLP,Medium,0.292,0
LRN01670,Casual Learner,22,11,54.75,8,8.78,36.67,4,2,Declining,Generative AI,Medium,0.3,0
LRN01671,Fast Learner,50,42,98.0,30,30.95,83.33,13,9,Improving,MLOps,Medium,0.9,1
LRN01672,Consistent Learner,45,22,76.89,14,18.78,75.0,5,6,Improving,Machine Learning,Medium,0.688,1
LRN01673,Casual Learner,12,10,44.12,0,8.1,20.0,1,5,Declining,SQL,Medium,0.188,0
LRN01674,Struggling Learner,11,6,36.33,4,4.7,18.33,3,1,Declining,NLP,Hard,0.104,0
LRN01675,Consistent Learner,45,35,70.5,16,11.18,75.0,6,7,Improving,MLOps,Medium,0.642,1
LRN01676,Fast Learner,42,25,98.0,26,33.89,70.0,8,8,Stable,SQL,Hard,0.72,1
LRN01677,Fast Learner,42,25,98.0,29,21.31,70.0,12,7,Improving,Machine Learning,Easy,0.839,1
LRN01678,Casual Learner,21,17,62.41,10,9.67,35.0,5,3,Improving,Generative AI,Medium,0.502,1
LRN01679,Casual Learner,9,7,49.61,4,8.12,15.0,3,4,Declining,Python,Medium,0.218,0
LRN01680,Consistent Learner,29,18,76.46,18,10.97,48.33,8,3,Improving,SQL,Medium,0.625,1
LRN01681,Consistent Learner,21,13,77.46,18,12.45,35.0,11,9,Improving,SQL,Easy,0.616,1
LRN01682,Struggling Learner,7,4,32.41,0,1.07,11.67,1,2,Stable,Python,Easy,0.175,0
LRN01683,Consistent Learner,34,27,82.47,13,16.61,56.67,15,9,Stable,NLP,Hard,0.562,0
LRN01684,Consistent Learner,39,22,82.43,20,15.21,65.0,8,3,Improving,Python,Hard,0.655,1
LRN01685,Consistent Learner,38,22,84.88,18,18.34,63.33,12,5,Stable,SQL,Easy,0.648,1
LRN01686,Consistent Learner,45,35,81.06,10,18.72,75.0,6,10,Improving,SQL,Easy,0.699,1
LRN01687,Fast Learner,58,39,98.0,23,25.03,96.67,18,13,Improving,NLP,Medium,0.904,1
LRN01688,Consistent Learner,28,18,80.81,15,16.21,46.67,9,3,Improving,NLP,Easy,0.654,1
LRN01689,Casual Learner,15,9,43.43,1,7.55,25.0,1,1,Declining,MLOps,Medium,0.196,0
LRN01690,Consistent Learner,42,25,71.01,14,13.82,70.0,8,10,Improving,Python,Medium,0.643,1
LRN01691,Fast Learner,36,21,98.0,29,20.03,60.0,16,5,Improving,NLP,Hard,0.775,1
LRN01692,Fast Learner,37,28,98.0,16,25.73,61.67,15,9,Stable,Generative AI,Easy,0.73,1
LRN01693,Struggling Learner,8,5,33.12,1,5.86,13.33,2,0,Stable,NLP,Hard,0.153,0
LRN01694,Consistent Learner,37,31,73.22,15,16.82,61.67,5,8,Improving,SQL,Medium,0.641,1
LRN01695,Casual Learner,23,18,52.08,6,10.91,38.33,1,1,Stable,SQL,Easy,0.366,0
LRN01696,Consistent Learner,20,14,86.86,25,14.57,33.33,13,12,Improving,Python,Hard,0.635,0
LRN01697,Consistent Learner,41,33,78.83,21,15.66,68.33,6,12,Stable,NLP,Medium,0.615,1
LRN01698,Struggling Learner,12,10,36.86,5,3.99,20.0,1,1,Stable,SQL,Easy,0.235,0
LRN01699,Consistent Learner,30,16,88.07,15,21.92,50.0,10,12,Stable,Machine Learning,Medium,0.634,1
LRN01700,Casual Learner,5,2,57.89,9,8.89,8.33,5,1,Improving,NLP,Easy,0.423,0
LRN01701,Consistent Learner,44,26,91.44,22,19.97,73.33,8,9,Stable,MLOps,Medium,0.703,1
LRN01702,Casual Learner,10,7,46.11,6,3.38,16.67,0,2,Improving,MLOps,Medium,0.348,0
LRN01703,Consistent Learner,23,16,71.83,11,13.35,38.33,5,7,Improving,SQL,Easy,0.566,1
LRN01704,Fast Learner,39,25,98.0,20,19.6,65.0,20,6,Improving,Python,Medium,0.82,1
LRN01705,Struggling Learner,13,7,37.15,3,4.75,21.67,2,0,Declining,Machine Learning,Medium,0.159,0
LRN01706,Consistent Learner,29,16,83.66,10,21.25,48.33,5,9,Stable,NLP,Medium,0.583,1
LRN01707,Consistent Learner,30,18,96.52,22,17.81,50.0,15,9,Stable,MLOps,Easy,0.69,1
LRN01708,Fast Learner,44,34,98.0,18,29.19,73.33,17,7,Improving,Python,Easy,0.855,1
LRN01709,Casual Learner,6,3,57.06,9,5.56,10.0,2,4,Improving,NLP,Hard,0.354,0
LRN01710,Casual Learner,8,6,49.68,9,3.81,13.33,3,1,Stable,Generative AI,Easy,0.294,0
LRN01711,Fast Learner,40,20,98.0,21,26.73,66.67,9,13,Improving,NLP,Easy,0.822,1
LRN01712,Fast Learner,35,25,98.0,26,19.06,58.33,11,7,Improving,Python,Easy,0.798,1
LRN01713,Consistent Learner,25,21,81.91,17,14.05,41.67,13,3,Improving,NLP,Hard,0.607,1
LRN01714,Casual Learner,23,15,51.83,0,9.91,38.33,0,3,Improving,NLP,Medium,0.423,1
LRN01715,Struggling Learner,5,2,38.7,1,6.91,8.33,3,1,Declining,Python,Medium,0.144,0
LRN01716,Struggling Learner,12,8,30.0,3,2.24,20.0,0,1,Declining,Python,Hard,0.06,0
LRN01717,Casual Learner,10,5,50.85,3,4.81,16.67,5,4,Declining,MLOps,Hard,0.169,0
LRN01718,Fast Learner,58,36,98.0,17,28.2,96.67,16,12,Stable,MLOps,Easy,0.814,1
LRN01719,Consistent Learner,32,26,67.51,11,11.42,53.33,11,8,Improving,Generative AI,Medium,0.585,1
LRN01720,Casual Learner,12,8,62.56,9,9.93,20.0,1,3,Improving,Generative AI,Medium,0.461,0
LRN01721,Casual Learner,23,17,58.42,10,10.68,38.33,1,4,Stable,MLOps,Medium,0.404,1
LRN01722,Casual Learner,9,7,54.56,6,9.31,15.0,2,5,Stable,SQL,Medium,0.328,0
LRN01723,Casual Learner,9,6,48.72,3,5.91,15.0,2,4,Declining,Machine Learning,Medium,0.202,0
LRN01724,Casual Learner,25,21,58.99,7,8.73,41.67,5,2,Stable,NLP,Easy,0.409,0
LRN01725,Casual Learner,18,13,47.37,4,6.81,30.0,0,3,Improving,Python,Medium,0.387,0
LRN01726,Consistent Learner,41,34,89.35,21,17.47,68.33,15,12,Improving,Generative AI,Easy,0.77,1
LRN01727,Consistent Learner,29,24,79.12,24,11.69,48.33,8,7,Improving,SQL,Medium,0.656,1
LRN01728,Casual Learner,8,4,57.66,4,11.98,13.33,4,4,Improving,Generative AI,Easy,0.427,0
LRN01729,Casual Learner,5,2,41.91,2,5.94,8.33,0,0,Stable,NLP,Medium,0.23,0
LRN01730,Struggling Learner,0,1,33.96,1,6.88,0.0,2,2,Stable,Generative AI,Hard,0.133,0
LRN01731,Fast Learner,56,42,98.0,25,31.68,93.33,15,9,Improving,Generative AI,Medium,0.912,1
LRN01732,Struggling Learner,3,1,40.21,3,4.87,5.0,1,0,Declining,Python,Easy,0.138,0
LRN01733,Casual Learner,17,14,57.34,6,9.84,28.33,0,4,Stable,SQL,Easy,0.363,1
LRN01734,Consistent Learner,29,24,83.97,18,11.46,48.33,14,6,Improving,Machine Learning,Medium,0.676,1
LRN01735,Consistent Learner,35,24,88.68,10,23.71,58.33,15,4,Stable,Python,Easy,0.659,1
LRN01736,Consistent Learner,31,18,82.85,13,23.33,51.67,5,6,Stable,Machine Learning,Easy,0.601,1
LRN01737,Fast Learner,50,43,98.0,25,22.66,83.33,14,13,Stable,SQL,Medium,0.785,1
LRN01738,Fast Learner,59,43,98.0,25,20.14,98.33,13,14,Improving,NLP,Medium,0.884,1
LRN01739,Struggling Learner,3,2,36.87,2,5.26,5.0,1,1,Stable,Python,Easy,0.201,0
LRN01740,Struggling Learner,9,6,38.99,5,4.79,15.0,2,2,Stable,Python,Hard,0.19,0
LRN01741,Consistent Learner,30,18,64.51,12,10.09,50.0,7,7,Improving,MLOps,Hard,0.503,1
LRN01742,Fast Learner,58,50,98.0,19,22.24,96.67,18,7,Improving,MLOps,Medium,0.884,1
LRN01743,Casual Learner,9,6,54.06,7,8.7,15.0,3,1,Stable,MLOps,Easy,0.328,0
LRN01744,Consistent Learner,41,30,77.58,20,14.82,68.33,7,5,Improving,Machine Learning,Easy,0.686,1
LRN01745,Fast Learner,38,28,98.0,25,34.62,63.33,15,10,Improving,Python,Medium,0.852,1
LRN01746,Consistent Learner,39,23,79.39,24,11.39,65.0,12,7,Improving,SQL,Medium,0.699,1
LRN01747,Consistent Learner,36,19,87.87,19,20.98,60.0,6,10,Stable,Generative AI,Medium,0.651,1
LRN01748,Casual Learner,24,16,42.45,5,4.83,40.0,1,3,Improving,Generative AI,Easy,0.383,0
LRN01749,Casual Learner,11,9,53.61,10,5.16,18.33,4,4,Improving,NLP,Medium,0.412,1
LRN01750,Casual Learner,22,15,39.82,2,3.61,36.67,3,4,Declining,NLP,Easy,0.197,0
LRN01751,Consistent Learner,23,19,82.24,19,16.68,38.33,11,8,Improving,SQL,Medium,0.661,1
LRN01752,Consistent Learner,23,17,77.8,13,17.68,38.33,10,9,Improving,NLP,Medium,0.625,1
LRN01753,Consistent Learner,32,28,98.0,22,24.0,53.33,14,4,Stable,SQL,Medium,0.721,1
LRN01754,Struggling Learner,13,10,30.0,2,2.83,21.67,0,0,Declining,Generative AI,Medium,0.113,0
LRN01755,Fast Learner,42,32,98.0,25,32.16,70.0,10,6,Improving,Generative AI,Easy,0.853,1
LRN01756,Casual Learner,17,12,57.63,8,5.49,28.33,4,2,Declining,Generative AI,Medium,0.286,0
LRN01757,Consistent Learner,37,27,98.0,21,23.66,61.67,12,8,Stable,SQL,Hard,0.679,1
LRN01758,Casual Learner,6,4,47.73,1,4.61,10.0,3,5,Stable,MLOps,Hard,0.21,0
LRN01759,Casual Learner,14,12,53.06,3,7.76,23.33,5,4,Improving,Python,Hard,0.362,0
LRN01760,Consistent Learner,28,18,91.93,13,23.88,46.67,9,6,Improving,NLP,Hard,0.674,1
LRN01761,Fast Learner,41,26,98.0,21,28.85,68.33,16,13,Improving,Python,Medium,0.85,1
LRN01762,Struggling Learner,2,1,32.16,2,2.93,3.33,0,0,Declining,MLOps,Medium,0.086,0
LRN01763,Casual Learner,19,10,51.23,0,7.21,31.67,2,2,Declining,Generative AI,Easy,0.243,0
LRN01764,Consistent Learner,40,32,98.0,20,22.44,66.67,13,11,Improving,MLOps,Easy,0.815,1
LRN01765,Consistent Learner,24,17,81.42,10,20.1,40.0,6,4,Improving,SQL,Hard,0.585,1
LRN01766,Struggling Learner,15,8,37.76,5,3.15,25.0,2,2,Improving,Python,Medium,0.329,0
LRN01767,Consistent Learner,23,14,87.94,13,22.83,38.33,5,7,Improving,MLOps,Medium,0.676,1
LRN01768,Struggling Learner,15,7,33.86,3,2.44,25.0,1,3,Declining,Generative AI,Medium,0.141,0
LRN01769,Consistent Learner,45,32,90.17,10,19.28,75.0,15,8,Declining,NLP,Easy,0.604,1
LRN01770,Consistent Learner,41,24,81.32,20,13.69,68.33,11,9,Improving,Machine Learning,Medium,0.709,1
LRN01771,Consistent Learner,27,22,85.25,11,15.89,45.0,15,5,Improving,SQL,Medium,0.673,1
LRN01772,Consistent Learner,33,21,97.42,22,24.95,55.0,11,3,Improving,Python,Medium,0.798,1
LRN01773,Fast Learner,57,42,98.0,17,29.61,95.0,8,6,Declining,Machine Learning,Medium,0.715,1
LRN01774,Consistent Learner,40,35,98.0,23,23.79,66.67,9,3,Improving,MLOps,Medium,0.817,1
LRN01775,Consistent Learner,26,15,68.53,14,10.12,43.33,12,9,Stable,Python,Easy,0.496,0
LRN01776,Consistent Learner,23,18,92.37,17,17.93,38.33,14,8,Improving,Generative AI,Medium,0.712,1
LRN01777,Consistent Learner,42,23,87.98,10,21.34,70.0,14,5,Stable,Generative AI,Medium,0.669,1
LRN01778,Struggling Learner,11,7,36.5,5,1.78,18.33,1,2,Stable,NLP,Easy,0.223,0
LRN01779,Fast Learner,55,44,98.0,18,34.45,91.67,20,6,Stable,MLOps,Medium,0.822,1
LRN01780,Consistent Learner,26,15,84.29,12,18.86,43.33,13,10,Improving,Machine Learning,Hard,0.623,1
LRN01781,Consistent Learner,32,26,83.13,25,14.26,53.33,12,3,Stable,Generative AI,Easy,0.625,1
LRN01782,Struggling Learner,11,6,31.5,5,2.35,18.33,3,0,Stable,Machine Learning,Medium,0.207,0
LRN01783,Struggling Learner,2,1,37.32,1,5.59,3.33,1,0,Stable,NLP,Easy,0.198,0
LRN01784,Consistent Learner,20,10,81.02,25,10.85,33.33,14,7,Improving,SQL,Hard,0.599,1
LRN01785,Fast Learner,50,43,98.0,24,30.15,83.33,9,15,Improving,NLP,Easy,0.874,1
LRN01786,Casual Learner,9,5,53.12,4,9.7,15.0,4,3,Improving,NLP,Hard,0.352,0
LRN01787,Fast Learner,35,18,98.0,21,22.51,58.33,10,11,Improving,Python,Easy,0.794,1
LRN01788,Consistent Learner,42,23,77.18,11,15.72,70.0,12,3,Improving,SQL,Easy,0.679,1
LRN01789,Casual Learner,6,4,48.33,3,8.35,10.0,3,3,Stable,NLP,Hard,0.231,0
LRN01790,Fast Learner,49,26,98.0,25,26.09,81.67,8,5,Improving,Generative AI,Hard,0.808,1
LRN01791,Consistent Learner,39,22,73.62,16,16.92,65.0,5,10,Improving,NLP,Medium,0.653,1
LRN01792,Consistent Learner,22,12,94.08,25,19.83,36.67,7,5,Improving,MLOps,Medium,0.727,1
LRN01793,Casual Learner,20,13,41.26,2,4.0,33.33,4,0,Improving,SQL,Medium,0.361,1
LRN01794,Fast Learner,42,24,98.0,24,30.91,70.0,20,7,Improving,Python,Easy,0.875,1
LRN01795,Struggling Learner,8,4,38.46,1,6.29,13.33,0,2,Declining,NLP,Hard,0.093,0
LRN01796,Fast Learner,56,33,98.0,26,21.1,93.33,13,6,Improving,MLOps,Medium,0.88,1
LRN01797,Casual Learner,5,4,64.77,10,11.73,8.33,1,2,Stable,Generative AI,Medium,0.376,0
LRN01798,Fast Learner,38,27,98.0,18,27.77,63.33,13,13,Improving,NLP,Medium,0.821,1
LRN01799,Casual Learner,14,9,57.77,8,9.59,23.33,3,2,Declining,Generative AI,Medium,0.287,0
LRN01800,Consistent Learner,21,12,93.04,18,23.62,35.0,9,10,Improving,MLOps,Medium,0.718,1
LRN01801,Casual Learner,23,12,46.11,4,3.29,38.33,4,4,Improving,NLP,Medium,0.396,0
LRN01802,Consistent Learner,44,38,94.06,16,23.41,73.33,11,12,Stable,Machine Learning,Hard,0.668,1
LRN01803,Consistent Learner,33,18,77.33,11,14.06,55.0,13,5,Improving,Machine Learning,Easy,0.647,1
LRN01804,Casual Learner,5,3,46.13,2,4.51,8.33,1,5,Declining,Python,Medium,0.167,0
LRN01805,Struggling Learner,6,3,30.0,0,1.01,10.0,0,3,Declining,NLP,Medium,0.078,0
LRN01806,Casual Learner,5,2,53.46,9,7.65,8.33,4,0,Declining,Python,Medium,0.237,0
LRN01807,Fast Learner,53,41,98.0,19,30.8,88.33,11,7,Improving,Generative AI,Medium,0.876,1
LRN01808,Casual Learner,19,9,59.64,9,9.66,31.67,0,3,Stable,Generative AI,Hard,0.338,0
LRN01809,Struggling Learner,13,6,31.07,2,4.36,21.67,3,1,Declining,Generative AI,Medium,0.131,0
LRN01810,Consistent Learner,23,20,94.67,17,23.35,38.33,12,4,Improving,Python,Medium,0.736,1
LRN01811,Consistent Learner,28,15,76.4,14,14.95,46.67,14,7,Improving,MLOps,Easy,0.639,1
LRN01812,Consistent Learner,27,16,83.58,23,14.17,45.0,5,10,Improving,Machine Learning,Easy,0.667,1
LRN01813,Consistent Learner,32,16,71.8,14,16.48,53.33,5,4,Stable,MLOps,Easy,0.535,0
LRN01814,Casual Learner,7,4,50.77,2,9.2,11.67,1,5,Declining,Machine Learning,Hard,0.16,0
LRN01815,Struggling Learner,4,2,30.0,2,1.24,6.67,0,3,Stable,SQL,Medium,0.158,0
LRN01816,Struggling Learner,13,6,30.32,1,3.18,21.67,2,3,Stable,Python,Hard,0.148,0
LRN01817,Fast Learner,57,49,98.0,18,23.64,95.0,18,11,Stable,Machine Learning,Medium,0.803,1
LRN01818,Casual Learner,17,12,38.24,0,4.03,28.33,0,3,Improving,NLP,Easy,0.322,0
LRN01819,Casual Learner,21,16,44.69,1,4.29,35.0,0,0,Improving,SQL,Medium,0.368,1
LRN01820,Casual Learner,7,6,50.3,2,6.16,11.67,0,5,Declining,Python,Medium,0.196,0
LRN01821,Casual Learner,12,9,62.11,4,11.6,20.0,2,3,Stable,SQL,Hard,0.324,0
LRN01822,Consistent Learner,27,14,90.15,19,22.78,45.0,11,3,Improving,Machine Learning,Medium,0.73,1
LRN01823,Casual Learner,11,6,56.91,4,11.68,18.33,3,1,Declining,Python,Medium,0.27,0
LRN01824,Fast Learner,45,39,98.0,19,30.87,75.0,15,15,Declining,Generative AI,Medium,0.699,1
LRN01825,Casual Learner,16,9,53.55,6,11.39,26.67,1,1,Declining,NLP,Hard,0.221,0
LRN01826,Consistent Learner,36,24,98.0,18,22.84,60.0,14,7,Improving,Generative AI,Easy,0.8,1
LRN01827,Fast Learner,48,29,98.0,18,34.57,80.0,20,13,Declining,SQL,Easy,0.719,1
LRN01828,Consistent Learner,26,18,86.5,19,14.61,43.33,11,9,Improving,Machine Learning,Medium,0.683,1
LRN01829,Consistent Learner,43,31,84.62,15,21.27,71.67,10,7,Declining,MLOps,Medium,0.58,1
LRN01830,Casual Learner,7,5,57.89,1,9.9,11.67,5,5,Stable,Python,Medium,0.332,0
LRN01831,Fast Learner,56,43,98.0,24,25.29,93.33,11,10,Improving,Generative AI,Hard,0.833,1
LRN01832,Consistent Learner,28,25,92.35,23,18.8,46.67,13,3,Stable,Python,Medium,0.665,1
LRN01833,Fast Learner,36,20,98.0,20,21.09,60.0,13,9,Improving,MLOps,Easy,0.797,1
LRN01834,Fast Learner,47,32,98.0,28,18.87,78.33,8,8,Stable,Generative AI,Medium,0.755,1
LRN01835,Consistent Learner,21,14,93.97,16,24.99,35.0,6,12,Improving,Python,Easy,0.714,1
LRN01836,Fast Learner,35,18,98.0,30,21.57,58.33,9,8,Stable,Generative AI,Hard,0.682,1
LRN01837,Casual Learner,6,5,51.89,1,10.03,10.0,5,3,Declining,Machine Learning,Medium,0.222,0
LRN01838,Casual Learner,6,4,55.9,4,9.5,10.0,0,4,Stable,Generative AI,Medium,0.314,0
LRN01839,Fast Learner,38,24,98.0,29,19.31,63.33,13,8,Improving,NLP,Hard,0.772,1
LRN01840,Casual Learner,19,15,50.24,0,7.7,31.67,3,1,Improving,SQL,Medium,0.403,1
LRN01841,Fast Learner,35,24,98.0,18,27.39,58.33,20,14,Improving,SQL,Medium,0.827,1
LRN01842,Casual Learner,17,9,46.88,7,5.26,28.33,0,4,Improving,NLP,Hard,0.334,0
LRN01843,Fast Learner,35,26,98.0,24,21.1,58.33,16,5,Improving,Machine Learning,Medium,0.812,1
LRN01844,Fast Learner,40,23,98.0,24,29.07,66.67,11,7,Improving,Python,Medium,0.843,1
LRN01845,Struggling Learner,12,9,31.69,3,4.86,20.0,2,3,Declining,MLOps,Medium,0.132,0
LRN01846,Casual Learner,8,7,55.75,5,5.21,13.33,5,5,Improving,Python,Medium,0.401,1
LRN01847,Struggling Learner,4,2,31.92,0,3.72,6.67,3,0,Declining,MLOps,Medium,0.097,0
LRN01848,Casual Learner,14,11,56.13,1,10.64,23.33,4,4,Improving,Machine Learning,Medium,0.427,0
LRN01849,Fast Learner,38,32,98.0,17,30.56,63.33,8,10,Improving,Python,Medium,0.813,1
LRN01850,Casual Learner,22,17,56.06,4,11.9,36.67,3,5,Declining,Generative AI,Hard,0.253,0
LRN01851,Consistent Learner,22,19,62.68,10,10.05,36.67,6,7,Stable,SQL,Medium,0.431,1
LRN01852,Casual Learner,18,10,52.02,1,10.7,30.0,2,3,Declining,Python,Easy,0.257,0
LRN01853,Struggling Learner,15,11,33.51,0,3.31,25.0,1,1,Declining,Python,Medium,0.134,0
LRN01854,Consistent Learner,40,31,71.71,24,10.68,66.67,7,6,Improving,Machine Learning,Medium,0.653,1
LRN01855,Struggling Learner,8,4,31.69,3,3.96,13.33,3,1,Stable,NLP,Easy,0.198,0
LRN01856,Consistent Learner,31,22,87.96,18,15.76,51.67,15,10,Improving,MLOps,Medium,0.717,1
LRN01857,Consistent Learner,29,17,82.05,10,24.68,48.33,7,10,Improving,Machine Learning,Medium,0.672,1
LRN01858,Consistent Learner,25,19,85.79,20,18.44,41.67,9,9,Improving,NLP,Easy,0.687,1
LRN01859,Consistent Learner,21,10,88.12,23,16.73,35.0,9,5,Improving,SQL,Easy,0.686,1
LRN01860,Struggling Learner,6,4,36.29,1,7.6,10.0,3,3,Declining,SQL,Hard,0.089,0
LRN01861,Consistent Learner,35,28,95.74,23,19.11,58.33,15,3,Stable,NLP,Medium,0.71,1
LRN01862,Fast Learner,45,28,98.0,22,31.26,75.0,12,5,Improving,Generative AI,Medium,0.86,1
LRN01863,Casual Learner,7,4,57.59,5,11.61,11.67,4,3,Improving,SQL,Medium,0.425,0
LRN01864,Consistent Learner,21,13,93.16,24,21.05,35.0,12,8,Stable,Generative AI,Medium,0.653,1
LRN01865,Casual Learner,21,17,49.8,2,5.34,35.0,3,1,Improving,MLOps,Easy,0.405,0
LRN01866,Fast Learner,55,45,98.0,18,20.5,91.67,9,6,Improving,NLP,Medium,0.843,1
LRN01867,Consistent Learner,33,28,73.92,19,12.47,55.0,7,12,Improving,Generative AI,Medium,0.632,1
LRN01868,Fast Learner,40,23,98.0,28,33.98,66.67,17,5,Improving,Python,Hard,0.822,1
LRN01869,Struggling Learner,0,1,33.29,2,1.67,0.0,1,3,Improving,Generative AI,Easy,0.243,0
LRN01870,Consistent Learner,44,38,68.09,16,10.29,73.33,6,9,Stable,Machine Learning,Medium,0.545,1
LRN01871,Consistent Learner,26,15,81.69,23,13.13,43.33,12,5,Improving,Python,Hard,0.619,1
LRN01872,Casual Learner,19,13,55.93,3,6.9,31.67,4,0,Improving,NLP,Medium,0.436,0
LRN01873,Fast Learner,46,27,98.0,25,28.47,76.67,9,14,Improving,MLOps,Easy,0.858,1
LRN01874,Fast Learner,37,23,98.0,18,20.72,61.67,14,8,Declining,Generative AI,Hard,0.586,0
LRN01875,Casual Learner,18,12,52.07,10,7.07,30.0,2,1,Stable,Machine Learning,Hard,0.3,0
LRN01876,Consistent Learner,43,33,85.46,21,19.4,71.67,5,10,Improving,Machine Learning,Hard,0.691,1
LRN01877,Consistent Learner,31,22,82.91,10,21.3,51.67,7,3,Stable,Generative AI,Hard,0.542,1
LRN01878,Casual Learner,10,8,42.0,1,4.68,16.67,2,2,Improving,Machine Learning,Medium,0.326,0
LRN01879,Casual Learner,10,5,51.6,5,11.09,16.67,1,1,Improving,Machine Learning,Easy,0.398,0
LRN01880,Consistent Learner,40,29,91.71,21,22.08,66.67,5,4,Declining,Machine Learning,Medium,0.608,1
LRN01881,Struggling Learner,7,5,43.03,4,6.99,11.67,2,1,Stable,SQL,Easy,0.256,0
LRN01882,Struggling Learner,13,9,33.49,4,1.93,21.67,0,2,Declining,SQL,Easy,0.131,0
LRN01883,Casual Learner,13,10,50.43,9,3.81,21.67,0,3,Stable,Generative AI,Medium,0.307,0
LRN01884,Fast Learner,39,20,98.0,30,22.13,65.0,14,8,Improving,Machine Learning,Easy,0.84,1
LRN01885,Consistent Learner,39,28,98.0,18,21.62,65.0,15,4,Improving,Python,Medium,0.809,1
LRN01886,Consistent Learner,42,33,80.44,25,13.44,70.0,10,6,Improving,Machine Learning,Medium,0.718,1
LRN01887,Struggling Learner,12,10,30.0,0,2.76,20.0,1,0,Declining,SQL,Easy,0.107,0
LRN01888,Fast Learner,58,35,98.0,23,32.95,96.67,13,7,Stable,Python,Medium,0.828,1
LRN01889,Consistent Learner,20,10,80.15,18,14.77,33.33,8,5,Improving,MLOps,Hard,0.575,1
LRN01890,Consistent Learner,38,28,75.94,14,16.91,63.33,9,10,Improving,Machine Learning,Hard,0.615,1
LRN01891,Fast Learner,52,32,98.0,23,22.02,86.67,18,15,Stable,Generative AI,Easy,0.794,1
LRN01892,Fast Learner,59,41,98.0,30,27.23,98.33,8,11,Improving,SQL,Hard,0.858,1
LRN01893,Casual Learner,22,19,44.56,1,6.87,36.67,2,4,Stable,Generative AI,Medium,0.304,0
LRN01894,Consistent Learner,36,20,88.39,21,15.0,60.0,13,11,Improving,Machine Learning,Medium,0.736,1
LRN01895,Consistent Learner,32,21,83.7,10,21.83,53.33,13,7,Improving,SQL,Medium,0.695,1
LRN01896,Struggling Learner,10,7,33.67,0,6.16,16.67,3,1,Declining,Python,Medium,0.133,0
LRN01897,Consistent Learner,45,30,89.36,22,19.96,75.0,7,7,Improving,Machine Learning,Hard,0.725,1
LRN01898,Fast Learner,40,24,98.0,22,31.48,66.67,12,6,Improving,Python,Medium,0.843,1
LRN01899,Consistent Learner,42,21,85.26,14,16.65,70.0,11,9,Stable,Python,Hard,0.594,1
LRN01900,Fast Learner,37,18,98.0,24,26.11,61.67,18,5,Improving,MLOps,Medium,0.84,1
LRN01901,Consistent Learner,44,27,72.45,15,13.01,73.33,7,5,Improving,Generative AI,Easy,0.654,1
LRN01902,Casual Learner,18,12,55.2,8,11.69,30.0,1,3,Stable,NLP,Easy,0.371,0
LRN01903,Consistent Learner,21,12,87.45,23,17.11,35.0,7,9,Stable,Machine Learning,Easy,0.599,1
LRN01904,Consistent Learner,25,20,79.89,23,13.0,41.67,6,10,Stable,MLOps,Easy,0.563,1
LRN01905,Struggling Learner,13,10,38.15,5,1.8,21.67,2,2,Stable,SQL,Medium,0.239,0
LRN01906,Consistent Learner,29,19,77.8,16,11.74,48.33,12,5,Improving,Machine Learning,Medium,0.639,1
LRN01907,Struggling Learner,1,1,32.63,5,3.95,1.67,1,2,Declining,Machine Learning,Hard,0.049,0
LRN01908,Consistent Learner,30,25,75.9,24,11.5,50.0,5,4,Improving,SQL,Easy,0.636,1
LRN01909,Fast Learner,40,24,98.0,22,22.88,66.67,15,9,Stable,SQL,Easy,0.747,1
LRN01910,Casual Learner,11,7,57.27,6,7.51,18.33,4,2,Improving,Machine Learning,Hard,0.375,0
LRN01911,Consistent Learner,27,19,77.42,14,15.68,45.0,11,11,Improving,SQL,Medium,0.635,1
LRN01912,Consistent Learner,40,23,74.62,10,10.18,66.67,14,8,Improving,Machine Learning,Medium,0.645,1
LRN01913,Fast Learner,47,34,98.0,22,30.34,78.33,13,14,Improving,SQL,Medium,0.869,1
LRN01914,Casual Learner,6,4,54.05,10,5.74,10.0,5,3,Stable,Generative AI,Easy,0.322,0
LRN01915,Fast Learner,58,49,98.0,29,24.38,96.67,18,10,Improving,NLP,Easy,0.918,1
LRN01916,Casual Learner,17,10,51.51,1,7.98,28.33,2,5,Stable,Generative AI,Medium,0.323,0
LRN01917,Struggling Learner,4,2,36.32,5,4.17,6.67,1,0,Stable,MLOps,Medium,0.207,0
LRN01918,Casual Learner,5,4,46.9,3,5.61,8.33,2,3,Stable,Python,Easy,0.259,0
LRN01919,Consistent Learner,33,21,85.57,17,18.88,55.0,8,3,Improving,Python,Hard,0.653,1
LRN01920,Casual Learner,8,4,48.5,2,7.93,13.33,1,5,Declining,Generative AI,Medium,0.199,0
LRN01921,Casual Learner,21,13,57.23,10,7.07,35.0,4,3,Stable,Generative AI,Hard,0.338,0
LRN01922,Consistent Learner,26,20,85.72,16,18.59,43.33,9,5,Stable,Generative AI,Medium,0.6,1
LRN01923,Fast Learner,45,33,98.0,25,31.58,75.0,8,15,Improving,Python,Medium,0.858,1
LRN01924,Casual Learner,22,17,49.03,1,6.8,36.67,4,3,Stable,SQL,Easy,0.329,0
LRN01925,Fast Learner,59,51,98.0,15,20.77,98.33,15,8,Improving,Generative AI,Hard,0.814,1
LRN01926,Struggling Learner,5,3,40.41,4,4.43,8.33,1,3,Declining,SQL,Medium,0.146,0
LRN01927,Struggling Learner,0,1,33.43,2,4.74,0.0,2,1,Improving,MLOps,Medium,0.257,0
LRN01928,Struggling Learner,7,4,42.51,0,7.81,11.67,1,2,Declining,Python,Easy,0.163,0
LRN01929,Casual Learner,18,9,52.37,6,7.05,30.0,4,1,Stable,SQL,Easy,0.345,0
LRN01930,Casual Learner,10,8,58.97,4,11.63,16.67,1,4,Improving,SQL,Hard,0.381,0
LRN01931,Casual Learner,7,4,55.79,8,7.19,11.67,0,3,Improving,MLOps,Medium,0.4,0
LRN01932,Casual Learner,8,6,58.33,10,6.09,13.33,4,4,Declining,Python,Medium,0.266,0
LRN01933,Struggling Learner,4,2,44.36,5,7.31,6.67,0,2,Declining,Python,Medium,0.171,0
LRN01934,Struggling Learner,13,7,35.96,0,5.42,21.67,3,0,Declining,Generative AI,Medium,0.151,0
LRN01935,Struggling Learner,14,10,31.39,1,2.12,23.33,1,3,Declining,Machine Learning,Hard,0.07,0
LRN01936,Struggling Learner,0,1,35.97,4,4.2,0.0,2,1,Stable,Python,Medium,0.192,0
LRN01937,Struggling Learner,3,2,35.51,3,6.03,5.0,0,1,Stable,Generative AI,Easy,0.198,0
LRN01938,Fast Learner,54,48,98.0,16,20.04,90.0,18,7,Improving,Machine Learning,Easy,0.855,1
LRN01939,Casual Learner,17,10,54.33,2,8.67,28.33,5,2,Declining,NLP,Hard,0.218,0
LRN01940,Fast Learner,58,44,98.0,19,23.02,96.67,12,7,Improving,Python,Medium,0.872,1
LRN01941,Fast Learner,42,30,98.0,22,25.79,70.0,8,7,Improving,MLOps,Easy,0.826,1
LRN01942,Casual Learner,19,11,47.06,4,3.01,31.67,1,3,Declining,Machine Learning,Easy,0.218,0
LRN01943,Casual Learner,18,14,51.15,1,5.3,30.0,5,4,Declining,Machine Learning,Medium,0.243,0
LRN01944,Struggling Learner,8,5,41.59,4,6.88,13.33,1,0,Declining,NLP,Easy,0.17,0
LRN01945,Struggling Learner,12,8,31.33,1,3.88,20.0,1,1,Declining,Generative AI,Medium,0.119,0
LRN01946,Consistent Learner,38,27,80.9,21,11.11,63.33,14,7,Stable,MLOps,Hard,0.569,0
LRN01947,Fast Learner,43,38,98.0,27,21.16,71.67,10,7,Improving,NLP,Medium,0.832,1
LRN01948,Consistent Learner,38,24,87.18,15,18.75,63.33,8,8,Stable,Generative AI,Medium,0.641,1
LRN01949,Struggling Learner,7,5,34.3,4,2.51,11.67,3,3,Declining,Generative AI,Easy,0.124,0
LRN01950,Consistent Learner,29,15,83.31,18,11.82,48.33,13,5,Stable,Generative AI,Hard,0.541,0
LRN01951,Consistent Learner,36,23,77.98,12,21.19,60.0,7,5,Stable,Machine Learning,Easy,0.591,1
LRN01952,Casual Learner,19,15,52.93,2,11.37,31.67,4,5,Declining,MLOps,Medium,0.275,0
LRN01953,Fast Learner,44,24,98.0,17,30.43,73.33,11,9,Stable,NLP,Medium,0.76,1
LRN01954,Casual Learner,20,13,50.36,9,4.19,33.33,4,4,Stable,Machine Learning,Easy,0.341,0
LRN01955,Struggling Learner,4,2,30.0,0,3.08,6.67,2,1,Stable,SQL,Easy,0.164,0
LRN01956,Struggling Learner,13,7,39.07,0,5.26,21.67,2,3,Declining,Generative AI,Hard,0.112,0
LRN01957,Fast Learner,46,31,98.0,19,24.84,76.67,8,6,Improving,Python,Medium,0.828,1
LRN01958,Fast Learner,51,40,98.0,25,25.32,85.0,15,7,Stable,Machine Learning,Hard,0.75,1
LRN01959,Consistent Learner,29,17,73.47,13,17.36,48.33,7,8,Improving,MLOps,Medium,0.617,1
LRN01960,Fast Learner,36,20,98.0,30,26.44,60.0,11,15,Declining,Python,Easy,0.677,1
LRN01961,Casual Learner,10,8,61.08,2,11.69,16.67,5,2,Stable,MLOps,Easy,0.365,0
LRN01962,Consistent Learner,26,21,84.76,16,16.89,43.33,9,5,Improving,NLP,Easy,0.67,1
LRN01963,Casual Learner,20,13,51.71,7,6.88,33.33,5,4,Improving,Python,Hard,0.383,0
LRN01964,Casual Learner,20,16,50.78,1,6.72,33.33,4,0,Declining,MLOps,Medium,0.25,0
LRN01965,Consistent Learner,35,22,87.02,15,20.43,58.33,13,12,Improving,Machine Learning,Easy,0.729,1
LRN01966,Casual Learner,16,12,54.46,5,7.58,26.67,2,4,Declining,Machine Learning,Hard,0.212,0
LRN01967,Consistent Learner,45,34,92.15,21,19.29,75.0,8,12,Improving,NLP,Hard,0.735,1
LRN01968,Consistent Learner,38,32,67.8,10,13.69,63.33,9,8,Improving,Python,Hard,0.557,0
LRN01969,Struggling Learner,4,2,30.51,4,2.25,6.67,0,1,Stable,MLOps,Medium,0.169,0
LRN01970,Consistent Learner,37,28,90.72,18,18.32,61.67,15,3,Improving,NLP,Medium,0.758,1
LRN01971,Consistent Learner,32,27,89.58,23,14.24,53.33,14,6,Improving,NLP,Easy,0.734,1
LRN01972,Fast Learner,49,42,98.0,15,23.1,81.67,16,13,Stable,NLP,Easy,0.761,1
LRN01973,Casual Learner,20,10,58.29,0,11.93,33.33,4,1,Improving,MLOps,Medium,0.459,0
LRN01974,Casual Learner,25,13,57.36,4,10.97,41.67,1,0,Declining,NLP,Medium,0.311,0
LRN01975,Consistent Learner,37,30,72.83,11,15.08,61.67,10,5,Improving,Python,Medium,0.636,1
LRN01976,Consistent Learner,34,21,87.28,15,21.98,56.67,7,3,Improving,Python,Medium,0.717,1
LRN01977,Consistent Learner,28,24,81.12,11,14.44,46.67,13,5,Improving,Python,Easy,0.648,1
LRN01978,Casual Learner,23,15,53.0,3,6.05,38.33,4,2,Declining,NLP,Easy,0.273,0
LRN01979,Consistent Learner,42,24,84.31,22,21.38,70.0,5,8,Stable,Python,Medium,0.662,1
LRN01980,Fast Learner,50,43,98.0,29,31.82,83.33,8,8,Improving,Python,Medium,0.885,1
LRN01981,Consistent Learner,33,26,93.83,21,22.44,55.0,5,5,Improving,MLOps,Medium,0.756,1
LRN01982,Casual Learner,23,16,52.01,3,4.09,38.33,4,0,Improving,MLOps,Easy,0.422,0
LRN01983,Consistent Learner,20,16,85.59,20,19.12,33.33,7,6,Improving,NLP,Medium,0.666,1
LRN01984,Struggling Learner,5,2,40.31,0,7.78,8.33,0,3,Declining,NLP,Hard,0.094,0
LRN01985,Consistent Learner,28,17,88.35,14,24.72,46.67,5,8,Improving,MLOps,Easy,0.703,1
LRN01986,Consistent Learner,23,15,85.93,13,18.36,38.33,13,12,Improving,Machine Learning,Hard,0.622,1
LRN01987,Casual Learner,17,13,53.94,2,11.82,28.33,1,4,Improving,Generative AI,Medium,0.427,0
LRN01988,Consistent Learner,20,16,77.18,23,13.52,33.33,6,9,Improving,NLP,Easy,0.615,1
LRN01989,Casual Learner,18,10,59.47,6,11.12,30.0,0,1,Improving,Generative AI,Medium,0.461,0
LRN01990,Struggling Learner,0,1,30.0,1,1.47,0.0,0,3,Declining,Machine Learning,Medium,0.063,0
LRN01991,Consistent Learner,25,18,70.63,12,13.83,41.67,8,6,Improving,Python,Medium,0.579,1
LRN01992,Casual Learner,16,14,56.37,10,4.92,26.67,2,5,Stable,Machine Learning,Medium,0.355,0
LRN01993,Struggling Learner,2,1,44.73,4,6.31,3.33,3,3,Declining,NLP,Medium,0.167,0
LRN01994,Consistent Learner,23,16,85.53,16,18.31,38.33,10,12,Improving,NLP,Medium,0.67,1
LRN01995,Casual Learner,6,4,56.56,3,9.95,10.0,5,5,Declining,Generative AI,Easy,0.248,0
LRN01996,Casual Learner,8,5,48.6,2,8.07,13.33,0,4,Improving,SQL,Medium,0.358,0
LRN01997,Consistent Learner,45,27,86.16,16,20.24,75.0,14,9,Stable,SQL,Medium,0.683,1
LRN01998,Casual Learner,19,11,55.67,9,6.38,31.67,5,1,Declining,Generative AI,Hard,0.242,0
LRN01999,Casual Learner,15,11,44.41,0,8.87,25.0,1,1,Improving,MLOps,Hard,0.312,0
LRN02000,Casual Learner,12,7,52.1,2,9.85,20.0,4,2,Improving,MLOps,Easy,0.403,0
LRN02001,Fast Learner,54,45,98.0,30,18.15,90.0,13,10,Improving,Machine Learning,Easy,0.874,1
LRN02002,Struggling Learner,14,10,30.31,4,3.27,23.33,0,1,Improving,MLOps,Hard,0.235,0
LRN02003,Struggling Learner,6,5,37.0,1,5.71,10.0,3,1,Declining,SQL,Easy,0.136,0
LRN02004,Struggling Learner,1,1,43.75,3,7.68,1.67,2,3,Improving,Generative AI,Medium,0.319,0
LRN02005,Casual Learner,15,12,49.35,2,8.53,25.0,4,4,Improving,MLOps,Hard,0.346,0
LRN02006,Casual Learner,14,7,55.11,2,9.55,23.33,3,2,Stable,Machine Learning,Medium,0.339,0
LRN02007,Consistent Learner,31,15,76.11,10,18.54,51.67,11,5,Stable,SQL,Hard,0.512,1
LRN02008,Consistent Learner,45,35,91.74,22,22.14,75.0,9,9,Improving,Machine Learning,Medium,0.798,1
LRN02009,Consistent Learner,36,28,98.0,25,23.88,60.0,14,11,Improving,Python,Easy,0.822,1
LRN02010,Consistent Learner,21,17,89.23,20,18.84,35.0,10,3,Stable,SQL,Easy,0.613,1
LRN02011,Struggling Learner,9,7,30.0,1,2.52,15.0,1,2,Stable,MLOps,Medium,0.179,0
LRN02012,Struggling Learner,2,1,33.63,0,5.62,3.33,2,2,Stable,Python,Medium,0.182,0
LRN02013,Consistent Learner,43,35,88.75,15,20.49,71.67,7,6,Stable,Machine Learning,Hard,0.619,1
LRN02014,Casual Learner,25,19,52.94,6,4.45,41.67,5,3,Improving,Generative AI,Medium,0.445,0
LRN02015,Struggling Learner,4,2,35.02,4,2.44,6.67,3,0,Declining,Python,Medium,0.117,0
LRN02016,Casual Learner,11,7,53.78,4,9.28,18.33,4,5,Declining,Generative AI,Medium,0.25,0
LRN02017,Struggling Learner,12,9,33.79,5,1.17,20.0,2,3,Declining,NLP,Easy,0.134,0
LRN02018,Consistent Learner,20,13,90.96,24,22.84,33.33,7,6,Stable,Python,Medium,0.634,1
LRN02019,Fast Learner,47,30,98.0,18,20.25,78.33,14,10,Improving,Generative AI,Medium,0.828,1
LRN02020,Consistent Learner,36,30,94.83,20,24.21,60.0,10,8,Declining,SQL,Easy,0.626,1
LRN02021,Fast Learner,36,29,98.0,29,24.57,60.0,13,13,Improving,SQL,Easy,0.833,1
LRN02022,Fast Learner,47,26,98.0,25,24.0,78.33,9,7,Improving,Python,Medium,0.847,1
LRN02023,Consistent Learner,29,19,70.46,16,10.07,48.33,8,11,Improving,Generative AI,Medium,0.59,1
LRN02024,Casual Learner,6,3,50.41,7,9.57,10.0,0,1,Stable,Machine Learning,Easy,0.297,0
LRN02025,Casual Learner,6,4,52.7,5,4.56,10.0,5,0,Improving,Generative AI,Medium,0.378,0
LRN02026,Fast Learner,43,32,98.0,15,29.36,71.67,17,11,Improving,NLP,Hard,0.795,1
LRN02027,Struggling Learner,15,10,30.0,2,1.94,25.0,2,1,Stable,Generative AI,Easy,0.202,0
LRN02028,Consistent Learner,21,13,87.24,21,16.96,35.0,11,10,Declining,Generative AI,Medium,0.523,1
LRN02029,Struggling Learner,8,6,34.53,2,5.74,13.33,0,1,Stable,Generative AI,Easy,0.207,0
LRN02030,Struggling Learner,1,1,34.52,0,6.61,1.67,2,1,Declining,Python,Medium,0.106,0
LRN02031,Fast Learner,42,28,98.0,29,19.64,70.0,18,12,Improving,Generative AI,Medium,0.849,1
LRN02032,Casual Learner,7,6,57.6,6,7.62,11.67,5,2,Declining,SQL,Easy,0.256,0
LRN02033,Casual Learner,24,18,58.48,10,5.88,40.0,4,3,Improving,Generative AI,Medium,0.479,0
LRN02034,Casual Learner,10,7,59.64,6,11.74,16.67,0,5,Stable,Generative AI,Medium,0.357,0
LRN02035,Consistent Learner,35,20,69.81,16,14.39,58.33,6,10,Improving,Generative AI,Easy,0.616,1
LRN02036,Struggling Learner,2,1,30.1,4,3.6,3.33,0,3,Declining,NLP,Hard,0.035,0
LRN02037,Casual Learner,18,15,52.46,9,8.61,30.0,0,3,Stable,SQL,Easy,0.349,0
LRN02038,Consistent Learner,36,21,87.37,10,24.19,60.0,7,5,Improving,Python,Medium,0.718,1
LRN02039,Struggling Learner,10,7,42.37,5,6.77,16.67,3,0,Declining,NLP,Medium,0.187,0
LRN02040,Fast Learner,60,34,98.0,30,25.57,100.0,13,10,Declining,Generative AI,Medium,0.759,1
LRN02041,Casual Learner,11,5,48.29,1,7.16,18.33,2,4,Improving,Generative AI,Medium,0.365,0
LRN02042,Casual Learner,25,17,53.68,6,6.52,41.67,4,1,Stable,SQL,Medium,0.373,0
LRN02043,Struggling Learner,15,11,30.0,1,3.79,25.0,1,3,Declining,MLOps,Medium,0.123,0
LRN02044,Consistent Learner,22,16,79.41,13,18.21,36.67,7,12,Improving,MLOps,Medium,0.624,1
LRN02045,Casual Learner,5,3,56.46,7,8.84,8.33,0,3,Declining,Python,Hard,0.189,0
LRN02046,Casual Learner,12,6,51.73,2,7.33,20.0,4,4,Declining,SQL,Easy,0.233,0
LRN02047,Casual Learner,18,10,56.49,9,8.95,30.0,3,0,Stable,Machine Learning,Medium,0.376,0
LRN02048,Struggling Learner,7,5,34.7,1,7.98,11.67,2,2,Declining,SQL,Medium,0.134,0
LRN02049,Casual Learner,11,5,50.09,5,3.9,18.33,2,5,Stable,MLOps,Hard,0.243,0
LRN02050,Casual Learner,21,12,55.4,9,7.31,35.0,5,5,Declining,Machine Learning,Easy,0.3,0
LRN02051,Consistent Learner,26,16,69.89,12,11.57,43.33,9,4,Improving,MLOps,Easy,0.574,0
LRN02052,Consistent Learner,40,28,83.29,11,21.9,66.67,8,9,Improving,NLP,Hard,0.66,1
LRN02053,Casual Learner,6,4,51.2,7,8.25,10.0,3,4,Declining,SQL,Medium,0.224,0
LRN02054,Casual Learner,13,8,52.25,8,6.21,21.67,2,2,Declining,Python,Hard,0.195,0
LRN02055,Casual Learner,18,9,53.08,6,9.53,30.0,2,0,Improving,Machine Learning,Medium,0.432,1
LRN02056,Consistent Learner,26,16,98.0,21,23.03,43.33,14,10,Improving,MLOps,Medium,0.775,1
LRN02057,Consistent Learner,36,26,72.04,16,15.9,60.0,5,5,Improving,MLOps,Medium,0.632,1
LRN02058,Struggling Learner,7,5,32.84,2,2.59,11.67,0,3,Improving,Machine Learning,Medium,0.265,0
LRN02059,Consistent Learner,33,20,89.68,10,21.96,55.0,12,6,Stable,MLOps,Easy,0.643,1
LRN02060,Fast Learner,58,44,98.0,26,28.75,96.67,16,9,Improving,MLOps,Hard,0.87,1
LRN02061,Fast Learner,37,31,98.0,25,25.51,61.67,8,7,Improving,NLP,Medium,0.816,1
LRN02062,Casual Learner,14,11,54.91,1,11.02,23.33,1,2,Stable,Python,Medium,0.336,0
LRN02063,Casual Learner,20,17,54.56,4,10.3,33.33,0,5,Declining,SQL,Medium,0.277,0
LRN02064,Casual Learner,12,10,54.85,0,11.74,20.0,1,3,Declining,MLOps,Easy,0.248,0
LRN02065,Casual Learner,10,6,42.4,3,4.05,16.67,3,3,Declining,NLP,Medium,0.173,0
LRN02066,Fast Learner,45,37,98.0,22,30.69,75.0,12,7,Improving,SQL,Easy,0.86,1
LRN02067,Consistent Learner,39,30,82.16,11,18.83,65.0,6,6,Improving,NLP,Medium,0.687,1
LRN02068,Fast Learner,50,37,98.0,17,32.69,83.33,13,7,Improving,Machine Learning,Easy,0.865,1
LRN02069,Consistent Learner,44,36,93.79,12,22.88,73.33,12,7,Improving,Machine Learning,Easy,0.787,1
LRN02070,Casual Learner,8,5,47.68,3,7.95,13.33,3,1,Stable,Machine Learning,Medium,0.283,0
LRN02071,Struggling Learner,10,7,30.69,1,3.49,16.67,1,3,Declining,Python,Easy,0.108,0
LRN02072,Consistent Learner,45,35,89.53,20,23.79,75.0,5,5,Improving,MLOps,Hard,0.728,1
LRN02073,Casual Learner,13,8,56.23,10,10.02,21.67,2,4,Stable,Generative AI,Easy,0.361,0
LRN02074,Consistent Learner,27,16,91.54,12,24.35,45.0,9,8,Improving,Machine Learning,Medium,0.718,1
LRN02075,Casual Learner,9,7,46.51,1,6.22,15.0,2,5,Stable,Generative AI,Hard,0.218,0
LRN02076,Fast Learner,57,35,98.0,15,18.14,95.0,17,10,Improving,NLP,Easy,0.854,1
LRN02077,Casual Learner,16,12,46.08,0,7.52,26.67,0,5,Improving,Machine Learning,Easy,0.366,0
LRN02078,Fast Learner,37,24,98.0,28,22.25,61.67,15,13,Stable,Python,Medium,0.751,1
LRN02079,Consistent Learner,23,14,80.13,22,10.68,38.33,15,11,Improving,NLP,Hard,0.599,1
LRN02080,Consistent Learner,20,11,87.3,23,12.14,33.33,14,6,Improving,Machine Learning,Easy,0.676,1
LRN02081,Fast Learner,36,31,96.66,21,18.9,60.0,8,7,Improving,MLOps,Medium,0.774,1
LRN02082,Casual Learner,15,11,50.32,2,11.24,25.0,1,2,Declining,Python,Medium,0.242,0
LRN02083,Fast Learner,37,33,98.0,19,22.35,61.67,8,6,Stable,SQL,Hard,0.66,1
LRN02084,Fast Learner,39,33,98.0,16,22.72,65.0,13,8,Improving,SQL,Easy,0.802,1
LRN02085,Casual Learner,8,4,56.75,9,11.65,13.33,0,0,Stable,SQL,Easy,0.345,0
LRN02086,Consistent Learner,25,14,83.51,22,15.45,41.67,6,6,Improving,NLP,Medium,0.664,1
LRN02087,Consistent Learner,25,16,87.49,19,17.51,41.67,9,12,Improving,Generative AI,Medium,0.689,1
LRN02088,Consistent Learner,43,34,76.59,21,10.82,71.67,8,9,Improving,SQL,Easy,0.68,1
LRN02089,Casual Learner,16,10,51.14,7,4.6,26.67,1,2,Stable,SQL,Hard,0.27,0
LRN02090,Consistent Learner,30,24,79.26,12,18.44,50.0,9,10,Improving,SQL,Hard,0.603,1
LRN02091,Casual Learner,18,14,46.42,1,6.75,30.0,2,3,Improving,Generative AI,Medium,0.379,0
LRN02092,Struggling Learner,8,6,39.68,3,7.47,13.33,3,2,Declining,MLOps,Medium,0.166,0
LRN02093,Fast Learner,55,30,98.0,25,32.97,91.67,19,8,Stable,NLP,Medium,0.839,1
LRN02094,Consistent Learner,30,25,88.16,15,17.12,50.0,15,10,Improving,SQL,Medium,0.711,1
LRN02095,Consistent Learner,28,17,82.37,19,13.19,46.67,11,11,Improving,Generative AI,Easy,0.666,1
LRN02096,Consistent Learner,37,27,88.43,25,12.21,61.67,14,6,Stable,MLOps,Easy,0.664,1
LRN02097,Struggling Learner,2,1,30.0,4,1.71,3.33,1,3,Declining,SQL,Medium,0.081,0
LRN02098,Consistent Learner,25,17,80.07,10,21.63,41.67,6,7,Improving,Generative AI,Hard,0.587,0
LRN02099,Struggling Learner,12,6,34.51,4,6.12,20.0,1,0,Stable,SQL,Medium,0.229,0
LRN02100,Casual Learner,17,13,56.7,10,4.66,28.33,2,1,Stable,NLP,Hard,0.309,0
LRN02101,Casual Learner,11,7,60.36,3,11.25,18.33,4,0,Stable,Generative AI,Medium,0.364,0
LRN02102,Consistent Learner,38,21,78.14,12,13.93,63.33,15,4,Stable,MLOps,Easy,0.594,1
LRN02103,Casual Learner,19,16,52.8,0,11.91,31.67,3,5,Stable,Generative AI,Easy,0.348,0
LRN02104,Consistent Learner,25,20,68.74,10,15.25,41.67,6,9,Improving,MLOps,Medium,0.565,1
LRN02105,Fast Learner,42,36,98.0,23,21.94,70.0,11,12,Improving,SQL,Hard,0.773,1
LRN02106,Casual Learner,14,8,53.2,9,3.41,23.33,4,5,Declining,NLP,Medium,0.251,0
LRN02107,Fast Learner,43,21,98.0,17,33.45,71.67,9,11,Improving,Generative AI,Medium,0.832,1
LRN02108,Fast Learner,44,31,98.0,20,29.15,73.33,8,7,Improving,NLP,Hard,0.788,1
LRN02109,Consistent Learner,21,10,86.95,12,21.22,35.0,14,12,Improving,SQL,Easy,0.679,1
LRN02110,Struggling Learner,9,5,30.0,1,4.87,15.0,0,1,Improving,NLP,Medium,0.264,0
LRN02111,Consistent Learner,38,23,74.15,22,11.5,63.33,5,4,Stable,Python,Medium,0.57,0
LRN02112,Struggling Learner,3,1,33.86,2,5.08,5.0,0,1,Declining,SQL,Hard,0.055,0
LRN02113,Casual Learner,7,4,46.43,1,5.6,11.67,1,4,Stable,NLP,Hard,0.206,0
LRN02114,Struggling Learner,6,3,44.48,3,7.79,10.0,2,3,Stable,Python,Easy,0.259,0
LRN02115,Fast Learner,55,30,98.0,18,26.49,91.67,18,11,Improving,SQL,Medium,0.886,1
LRN02116,Consistent Learner,21,12,66.23,17,11.14,35.0,6,8,Improving,NLP,Hard,0.496,0
LRN02117,Fast Learner,52,46,98.0,26,22.31,86.67,13,7,Improving,MLOps,Medium,0.871,1
LRN02118,Fast Learner,46,33,98.0,17,22.81,76.67,19,12,Improving,Generative AI,Medium,0.843,1
LRN02119,Consistent Learner,39,25,75.36,17,14.23,65.0,5,3,Improving,MLOps,Medium,0.654,1
LRN02120,Struggling Learner,12,10,30.0,2,2.46,20.0,2,1,Declining,Python,Medium,0.114,0
LRN02121,Fast Learner,55,35,98.0,26,24.15,91.67,8,9,Improving,Python,Easy,0.874,1
LRN02122,Casual Learner,13,9,47.96,3,4.0,21.67,0,3,Stable,SQL,Easy,0.28,0
LRN02123,Consistent Learner,44,29,81.68,10,22.12,73.33,5,9,Improving,Python,Medium,0.707,1
LRN02124,Fast Learner,48,40,98.0,18,20.86,80.0,9,10,Improving,SQL,Medium,0.821,1
LRN02125,Casual Learner,14,11,45.84,4,3.12,23.33,3,2,Stable,Generative AI,Medium,0.282,0
LRN02126,Fast Learner,37,30,98.0,23,18.66,61.67,15,14,Stable,Python,Medium,0.725,1
LRN02127,Consistent Learner,20,17,96.22,20,22.39,33.33,8,8,Stable,SQL,Medium,0.648,1
LRN02128,Fast Learner,35,26,98.0,28,31.46,58.33,12,6,Improving,NLP,Medium,0.842,1
LRN02129,Casual Learner,21,17,43.18,2,5.16,35.0,4,0,Stable,Generative AI,Easy,0.297,0
LRN02130,Struggling Learner,7,5,34.77,4,3.11,11.67,2,1,Declining,MLOps,Easy,0.126,0
LRN02131,Consistent Learner,34,19,80.79,14,14.32,56.67,13,3,Improving,Generative AI,Easy,0.674,1
LRN02132,Casual Learner,20,17,65.38,8,11.83,33.33,5,5,Improving,Generative AI,Medium,0.514,0
LRN02133,Fast Learner,42,34,98.0,29,32.01,70.0,12,8,Improving,Machine Learning,Hard,0.818,1
LRN02134,Struggling Learner,15,10,37.52,4,6.49,25.0,2,0,Declining,MLOps,Easy,0.176,0
LRN02135,Struggling Learner,1,1,31.91,2,5.83,1.67,1,3,Improving,Machine Learning,Medium,0.254,0
LRN02136,Consistent Learner,28,17,71.99,11,15.57,46.67,6,9,Improving,SQL,Medium,0.594,1
LRN02137,Consistent Learner,37,26,72.26,21,10.88,61.67,8,3,Stable,Generative AI,Medium,0.561,1
LRN02138,Casual Learner,14,8,55.2,7,5.42,23.33,3,1,Improving,Machine Learning,Medium,0.419,0
LRN02139,Fast Learner,43,34,98.0,24,20.96,71.67,16,5,Improving,SQL,Medium,0.838,1
LRN02140,Consistent Learner,32,20,89.03,20,19.01,53.33,13,8,Declining,Python,Medium,0.576,1
LRN02141,Casual Learner,17,11,41.19,4,3.13,28.33,1,2,Declining,SQL,Medium,0.186,0
LRN02142,Consistent Learner,39,24,76.13,15,14.37,65.0,8,4,Stable,Generative AI,Medium,0.58,0
LRN02143,Fast Learner,39,28,98.0,27,28.29,65.0,10,14,Improving,Machine Learning,Hard,0.792,1
LRN02144,Casual Learner,5,4,47.85,6,5.72,8.33,3,4,Improving,MLOps,Easy,0.355,0
LRN02145,Consistent Learner,39,34,75.82,10,13.15,65.0,11,6,Stable,SQL,Easy,0.569,0
LRN02146,Fast Learner,36,20,98.0,26,23.14,60.0,8,7,Improving,Python,Easy,0.807,1
LRN02147,Consistent Learner,31,16,92.15,25,19.28,51.67,14,10,Improving,Python,Easy,0.764,1
LRN02148,Consistent Learner,23,18,81.25,15,15.65,38.33,10,9,Stable,Python,Medium,0.559,1
LRN02149,Struggling Learner,9,4,32.77,3,1.02,15.0,1,1,Stable,SQL,Easy,0.191,0
LRN02150,Struggling Learner,14,8,32.48,4,4.26,23.33,0,2,Declining,SQL,Medium,0.138,0
LRN02151,Fast Learner,44,32,98.0,26,34.06,73.33,11,15,Stable,MLOps,Medium,0.784,1
LRN02152,Struggling Learner,13,9,35.17,2,3.38,21.67,1,3,Improving,Python,Medium,0.301,0
LRN02153,Fast Learner,57,37,98.0,30,29.02,95.0,16,5,Stable,Python,Easy,0.848,1
LRN02154,Casual Learner,17,8,58.15,8,7.31,28.33,5,3,Stable,NLP,Easy,0.377,0
LRN02155,Fast Learner,56,29,98.0,26,26.27,93.33,17,7,Stable,Generative AI,Medium,0.827,1
LRN02156,Consistent Learner,27,22,86.57,12,23.67,45.0,6,7,Improving,Python,Easy,0.685,1
LRN02157,Consistent Learner,30,21,95.56,17,21.59,50.0,14,11,Stable,MLOps,Medium,0.682,1
LRN02158,Consistent Learner,31,18,95.7,22,18.99,51.67,11,12,Stable,Generative AI,Medium,0.683,1
LRN02159,Casual Learner,11,8,62.44,7,10.21,18.33,3,2,Stable,SQL,Hard,0.328,0
LRN02160,Fast Learner,59,33,98.0,15,22.67,98.33,14,10,Improving,NLP,Medium,0.868,1
LRN02161,Consistent Learner,31,27,71.59,14,10.95,51.67,12,5,Improving,SQL,Medium,0.609,1
LRN02162,Casual Learner,15,13,58.06,6,11.37,25.0,4,3,Stable,Machine Learning,Medium,0.375,0
LRN02163,Consistent Learner,45,28,86.45,21,18.67,75.0,6,3,Improving,NLP,Medium,0.752,1
LRN02164,Consistent Learner,32,26,78.95,20,18.01,53.33,6,5,Improving,SQL,Medium,0.67,1
LRN02165,Casual Learner,10,7,55.6,3,8.38,16.67,5,2,Stable,SQL,Easy,0.332,0
LRN02166,Struggling Learner,2,1,31.24,0,1.92,3.33,2,3,Declining,SQL,Easy,0.079,0
LRN02167,Struggling Learner,14,12,41.0,5,4.85,23.33,0,2,Declining,NLP,Hard,0.131,0
LRN02168,Fast Learner,51,29,98.0,16,22.95,85.0,15,5,Improving,Python,Easy,0.848,1
LRN02169,Casual Learner,9,7,51.61,3,9.97,15.0,3,5,Improving,Generative AI,Medium,0.391,0
LRN02170,Fast Learner,47,27,98.0,29,26.3,78.33,8,11,Improving,Generative AI,Medium,0.863,1
LRN02171,Fast Learner,39,33,98.0,19,33.02,65.0,8,5,Improving,Generative AI,Hard,0.772,1
LRN02172,Casual Learner,22,16,46.16,3,4.83,36.67,3,3,Declining,Generative AI,Easy,0.233,0
LRN02173,Consistent Learner,32,16,76.38,12,17.48,53.33,8,9,Improving,Generative AI,Hard,0.591,1
LRN02174,Struggling Learner,4,2,34.39,2,1.17,6.67,3,2,Stable,SQL,Easy,0.185,0
LRN02175,Casual Learner,7,5,60.65,3,11.17,11.67,2,0,Declining,Python,Easy,0.266,0
LRN02176,Consistent Learner,35,20,78.5,11,15.17,58.33,13,3,Improving,MLOps,Medium,0.662,1
LRN02177,Consistent Learner,40,23,69.72,19,11.02,66.67,5,7,Improving,Generative AI,Medium,0.627,1
LRN02178,Casual Learner,11,7,51.73,10,7.7,18.33,0,2,Stable,Machine Learning,Medium,0.322,0
LRN02179,Fast Learner,55,35,98.0,27,18.2,91.67,16,10,Improving,NLP,Medium,0.877,1
LRN02180,Struggling Learner,1,1,30.8,3,2.08,1.67,0,3,Declining,MLOps,Easy,0.077,0
LRN02181,Consistent Learner,23,20,81.86,22,15.49,38.33,11,11,Improving,NLP,Hard,0.613,1
LRN02182,Consistent Learner,43,24,87.99,16,20.69,71.67,15,6,Stable,MLOps,Medium,0.688,1
LRN02183,Struggling Learner,6,4,33.06,2,3.62,10.0,2,0,Declining,SQL,Medium,0.111,0
LRN02184,Struggling Learner,7,3,35.68,4,5.05,11.67,1,2,Stable,NLP,Hard,0.164,0
LRN02185,Consistent Learner,21,18,78.47,20,11.0,35.0,13,7,Improving,SQL,Easy,0.626,1
LRN02186,Consistent Learner,24,20,90.57,20,21.83,40.0,8,5,Improving,NLP,Medium,0.714,1
LRN02187,Casual Learner,13,10,50.22,10,5.85,21.67,2,5,Improving,Generative AI,Medium,0.4,0
LRN02188,Fast Learner,42,29,98.0,29,18.08,70.0,11,5,Improving,MLOps,Hard,0.776,1
LRN02189,Casual Learner,12,8,55.5,2,8.0,20.0,3,3,Declining,Python,Easy,0.249,0
LRN02190,Consistent Learner,30,26,83.37,25,11.92,50.0,15,11,Stable,Python,Easy,0.619,1
LRN02191,Fast Learner,36,22,98.0,23,32.06,60.0,10,8,Improving,MLOps,Hard,0.777,1
LRN02192,Casual Learner,19,16,61.55,1,11.87,31.67,4,5,Stable,Generative AI,Medium,0.393,0
LRN02193,Consistent Learner,39,25,82.68,22,16.52,65.0,11,10,Improving,MLOps,Medium,0.723,1
LRN02194,Fast Learner,59,33,98.0,15,22.52,98.33,17,10,Stable,SQL,Hard,0.745,1
LRN02195,Casual Learner,11,6,61.51,9,10.02,18.33,1,5,Stable,Machine Learning,Easy,0.373,0
LRN02196,Fast Learner,35,20,98.0,24,24.15,58.33,15,15,Improving,NLP,Medium,0.82,1
LRN02197,Fast Learner,45,29,97.84,18,18.63,75.0,8,6,Improving,Python,Easy,0.8,1
LRN02198,Consistent Learner,37,31,93.26,16,18.58,61.67,15,7,Improving,Generative AI,Hard,0.715,1
LRN02199,Consistent Learner,36,30,84.06,16,17.51,60.0,10,10,Improving,Generative AI,Medium,0.704,1
LRN02200,Casual Learner,17,11,49.71,8,5.18,28.33,3,5,Declining,SQL,Easy,0.246,0
LRN02201,Struggling Learner,15,9,43.26,5,5.85,25.0,3,3,Stable,NLP,Medium,0.285,0
LRN02202,Struggling Learner,5,2,43.29,3,7.92,8.33,1,2,Declining,MLOps,Medium,0.168,0
LRN02203,Consistent Learner,41,33,78.01,19,10.74,68.33,15,9,Improving,Generative AI,Medium,0.692,1
LRN02204,Casual Learner,20,15,64.44,6,10.9,33.33,5,1,Stable,SQL,Hard,0.371,0
LRN02205,Consistent Learner,40,32,96.56,22,23.64,66.67,14,6,Improving,MLOps,Easy,0.82,1
LRN02206,Casual Learner,23,12,46.81,8,5.11,38.33,3,4,Declining,Generative AI,Hard,0.203,0
LRN02207,Casual Learner,12,8,51.67,4,6.02,20.0,0,2,Declining,Generative AI,Medium,0.223,0
LRN02208,Consistent Learner,28,14,97.69,24,20.59,46.67,11,9,Improving,Generative AI,Hard,0.723,1
LRN02209,Casual Learner,7,4,43.16,2,4.26,11.67,5,5,Declining,Generative AI,Medium,0.17,0
LRN02210,Casual Learner,13,7,56.62,0,9.92,21.67,2,5,Declining,Python,Easy,0.256,0
LRN02211,Consistent Learner,26,17,87.57,17,20.12,43.33,5,12,Improving,Generative AI,Medium,0.686,1
LRN02212,Fast Learner,53,35,98.0,24,34.79,88.33,10,15,Declining,MLOps,Hard,0.677,1
LRN02213,Casual Learner,8,6,49.26,7,6.65,13.33,3,3,Stable,NLP,Hard,0.247,0
LRN02214,Consistent Learner,45,32,98.0,23,24.37,75.0,8,9,Improving,Python,Easy,0.834,1
LRN02215,Struggling Learner,5,2,33.95,3,4.22,8.33,1,1,Declining,MLOps,Medium,0.114,0
LRN02216,Casual Learner,19,10,52.19,1,8.79,31.67,3,2,Stable,MLOps,Hard,0.288,0
LRN02217,Casual Learner,19,13,47.6,9,5.62,31.67,1,2,Stable,Generative AI,Medium,0.323,0
LRN02218,Consistent Learner,39,28,91.39,22,22.54,65.0,9,3,Improving,MLOps,Medium,0.778,1
LRN02219,Struggling Learner,9,5,30.72,3,1.87,15.0,0,3,Stable,Python,Hard,0.132,0
LRN02220,Struggling Learner,11,5,33.35,2,7.07,18.33,0,3,Declining,Generative AI,Medium,0.136,0
LRN02221,Casual Learner,6,3,49.7,9,3.04,10.0,1,2,Improving,NLP,Medium,0.36,0
LRN02222,Consistent Learner,34,27,98.0,17,24.89,56.67,15,3,Improving,Python,Medium,0.8,1
LRN02223,Casual Learner,7,4,54.2,6,8.79,11.67,5,0,Declining,Python,Medium,0.245,0
LRN02224,Consistent Learner,25,14,72.54,16,12.43,41.67,11,12,Improving,NLP,Easy,0.601,0
LRN02225,Casual Learner,20,16,53.07,0,8.75,33.33,1,2,Stable,NLP,Easy,0.337,0
LRN02226,Casual Learner,16,12,50.8,10,5.15,26.67,2,0,Declining,MLOps,Easy,0.251,0
LRN02227,Consistent Learner,32,19,98.0,21,24.19,53.33,11,10,Improving,NLP,Medium,0.792,1
LRN02228,Consistent Learner,31,20,75.62,20,13.28,51.67,6,7,Improving,Generative AI,Medium,0.636,1
LRN02229,Struggling Learner,6,4,39.56,2,5.66,10.0,1,2,Declining,Machine Learning,Medium,0.145,0
LRN02230,Casual Learner,18,14,56.01,3,10.49,30.0,3,3,Improving,Python,Hard,0.393,0
LRN02231,Consistent Learner,36,29,84.5,19,17.06,60.0,8,5,Stable,Generative AI,Medium,0.628,1
LRN02232,Casual Learner,14,8,51.55,6,5.19,23.33,4,5,Stable,MLOps,Medium,0.322,0
LRN02233,Fast Learner,58,38,98.0,20,18.54,96.67,16,9,Stable,Python,Medium,0.789,1
LRN02234,Struggling Learner,6,3,41.54,5,4.97,10.0,3,3,Declining,Generative AI,Medium,0.164,0
LRN02235,Struggling Learner,0,1,30.0,0,2.69,0.0,0,3,Stable,Machine Learning,Easy,0.144,0
LRN02236,Casual Learner,5,2,48.17,5,5.7,8.33,0,5,Stable,Machine Learning,Easy,0.266,0
LRN02237,Struggling Learner,8,6,40.71,5,6.4,13.33,1,1,Declining,Machine Learning,Easy,0.167,0
LRN02238,Casual Learner,8,5,45.66,3,4.01,13.33,5,2,Declining,NLP,Medium,0.186,0
LRN02239,Casual Learner,9,7,56.08,10,7.96,15.0,3,1,Stable,Generative AI,Medium,0.343,0
LRN02240,Fast Learner,57,50,98.0,26,29.51,95.0,12,10,Stable,Python,Medium,0.829,1
LRN02241,Casual Learner,23,17,47.67,1,5.09,38.33,0,3,Stable,Machine Learning,Medium,0.311,0
LRN02242,Casual Learner,6,3,61.12,6,11.31,10.0,1,3,Stable,SQL,Easy,0.351,0
LRN02243,Fast Learner,39,34,98.0,25,32.38,65.0,15,10,Stable,MLOps,Easy,0.775,1
LRN02244,Struggling Learner,5,3,39.04,0,6.27,8.33,2,0,Declining,SQL,Easy,0.138,0
LRN02245,Fast Learner,53,43,98.0,28,21.98,88.33,11,5,Improving,Machine Learning,Hard,0.823,1
LRN02246,Consistent Learner,21,17,75.19,11,14.66,35.0,10,12,Stable,SQL,Hard,0.462,1
LRN02247,Consistent Learner,27,16,79.22,13,20.15,45.0,7,6,Stable,Generative AI,Medium,0.566,0
LRN02248,Consistent Learner,22,14,83.65,14,19.86,36.67,5,5,Improving,Machine Learning,Easy,0.646,1
LRN02249,Casual Learner,12,7,43.76,4,3.96,20.0,1,3,Stable,SQL,Medium,0.263,0
LRN02250,Casual Learner,14,8,51.02,4,8.31,23.33,5,2,Declining,SQL,Medium,0.247,0
LRN02251,Struggling Learner,11,8,30.0,0,2.58,18.33,0,1,Declining,MLOps,Medium,0.1,0
LRN02252,Consistent Learner,41,26,97.77,24,18.77,68.33,14,5,Improving,Python,Hard,0.768,1
LRN02253,Fast Learner,38,20,98.0,19,32.31,63.33,18,14,Improving,SQL,Hard,0.793,1
LRN02254,Fast Learner,52,35,98.0,17,22.19,86.67,20,10,Improving,NLP,Easy,0.864,1
LRN02255,Fast Learner,51,38,98.0,30,29.6,85.0,8,12,Improving,Generative AI,Hard,0.84,1
LRN02256,Struggling Learner,1,1,30.0,2,2.78,1.67,0,0,Stable,MLOps,Medium,0.153,0
LRN02257,Consistent Learner,35,26,82.29,11,18.32,58.33,8,7,Improving,Machine Learning,Medium,0.677,1
LRN02258,Consistent Learner,27,20,83.68,11,19.73,45.0,9,3,Improving,NLP,Medium,0.664,1
LRN02259,Consistent Learner,40,28,65.91,14,11.03,66.67,8,9,Improving,SQL,Hard,0.554,1
LRN02260,Consistent Learner,22,13,71.24,20,10.73,36.67,6,6,Improving,Machine Learning,Easy,0.578,0
LRN02261,Consistent Learner,41,21,86.81,21,18.2,68.33,8,5,Improving,MLOps,Easy,0.744,1
LRN02262,Consistent Learner,23,19,89.26,23,20.85,38.33,8,9,Improving,MLOps,Medium,0.709,1
LRN02263,Casual Learner,12,9,57.59,9,9.64,20.0,0,3,Stable,NLP,Medium,0.355,0
LRN02264,Fast Learner,46,37,98.0,23,20.2,76.67,19,6,Stable,NLP,Easy,0.771,1
LRN02265,Casual Learner,5,3,58.63,10,10.15,8.33,4,4,Stable,Generative AI,Medium,0.351,0
LRN02266,Struggling Learner,2,1,37.47,5,5.36,3.33,2,2,Declining,SQL,Medium,0.131,0
LRN02267,Consistent Learner,23,12,91.99,24,19.0,38.33,11,10,Stable,Python,Medium,0.645,1
LRN02268,Consistent Learner,44,28,74.85,23,12.12,73.33,8,12,Stable,NLP,Hard,0.555,1
LRN02269,Consistent Learner,20,10,86.02,25,15.58,33.33,8,10,Stable,NLP,Medium,0.592,1
LRN02270,Fast Learner,58,51,98.0,24,20.38,96.67,18,11,Stable,NLP,Easy,0.811,1
LRN02271,Casual Learner,5,4,50.67,10,5.67,8.33,0,0,Improving,Machine Learning,Easy,0.37,0
LRN02272,Consistent Learner,29,25,86.88,13,17.67,48.33,14,9,Improving,NLP,Easy,0.696,1
LRN02273,Consistent Learner,30,25,92.95,22,15.66,50.0,14,11,Improving,Generative AI,Medium,0.744,1
LRN02274,Fast Learner,43,37,98.0,30,27.2,71.67,18,14,Stable,MLOps,Hard,0.75,1
LRN02275,Casual Learner,10,5,57.12,2,9.72,16.67,5,4,Stable,Python,Medium,0.341,0
LRN02276,Consistent Learner,21,15,84.95,11,23.62,35.0,11,5,Improving,SQL,Medium,0.668,1
LRN02277,Fast Learner,41,33,98.0,18,18.35,68.33,15,14,Improving,NLP,Medium,0.804,1
LRN02278,Casual Learner,21,15,57.75,9,8.91,35.0,3,2,Stable,Machine Learning,Easy,0.391,1
LRN02279,Fast Learner,38,34,98.0,28,19.88,63.33,20,10,Stable,Generative AI,Medium,0.759,1
LRN02280,Struggling Learner,0,1,31.78,3,4.03,0.0,1,2,Declining,SQL,Hard,0.037,0
LRN02281,Consistent Learner,31,16,95.2,24,22.49,51.67,7,9,Improving,SQL,Medium,0.768,1
LRN02282,Fast Learner,53,40,98.0,21,32.27,88.33,16,14,Improving,Generative AI,Hard,0.844,1
LRN02283,Fast Learner,59,39,98.0,15,21.52,98.33,15,6,Improving,MLOps,Medium,0.867,1
LRN02284,Consistent Learner,42,28,75.59,13,12.92,70.0,8,4,Improving,Generative AI,Easy,0.658,1
LRN02285,Consistent Learner,39,28,95.68,17,22.52,65.0,12,5,Improving,Machine Learning,Medium,0.791,1
LRN02286,Consistent Learner,27,22,86.99,13,20.2,45.0,7,10,Improving,MLOps,Easy,0.681,1
LRN02287,Casual Learner,15,11,40.97,4,3.95,25.0,0,4,Stable,Python,Medium,0.258,0
LRN02288,Struggling Learner,8,6,43.45,3,6.82,13.33,1,0,Declining,NLP,Hard,0.125,0
LRN02289,Consistent Learner,27,14,83.34,18,18.57,45.0,10,7,Stable,Machine Learning,Medium,0.6,0
LRN02290,Consistent Learner,44,32,69.5,17,10.79,73.33,5,10,Stable,Generative AI,Easy,0.553,1
LRN02291,Casual Learner,14,7,52.97,9,6.26,23.33,4,3,Declining,Generative AI,Hard,0.21,0
LRN02292,Struggling Learner,3,2,38.84,5,4.23,5.0,1,2,Improving,NLP,Medium,0.295,0
LRN02293,Consistent Learner,39,26,86.15,23,17.06,65.0,12,3,Improving,SQL,Medium,0.746,1
LRN02294,Casual Learner,10,5,56.04,10,5.75,16.67,1,5,Improving,MLOps,Medium,0.414,1
LRN02295,Casual Learner,12,10,49.99,0,10.3,20.0,3,5,Improving,Machine Learning,Medium,0.387,0
LRN02296,Struggling Learner,3,1,39.32,2,5.54,5.0,2,2,Declining,Machine Learning,Easy,0.136,0
LRN02297,Fast Learner,57,35,98.0,26,22.75,95.0,8,14,Stable,Python,Easy,0.796,1
LRN02298,Consistent Learner,22,16,98.0,23,24.7,36.67,9,3,Improving,NLP,Medium,0.761,1
LRN02299,Casual Learner,7,4,58.58,7,11.08,11.67,0,2,Stable,Machine Learning,Hard,0.293,0
LRN02300,Casual Learner,21,16,59.29,2,11.18,35.0,3,0,Improving,MLOps,Easy,0.467,0
LRN02301,Casual Learner,10,7,54.46,9,9.74,16.67,1,0,Stable,MLOps,Medium,0.337,0
LRN02302,Struggling Learner,13,7,34.24,1,5.2,21.67,2,1,Declining,Python,Hard,0.092,0
LRN02303,Consistent Learner,44,35,72.97,10,12.88,73.33,14,6,Improving,MLOps,Hard,0.61,1
LRN02304,Consistent Learner,41,23,77.96,16,12.67,68.33,9,9,Improving,Generative AI,Medium,0.675,1
LRN02305,Consistent Learner,35,21,81.22,22,15.56,58.33,11,12,Improving,Machine Learning,Hard,0.65,1
LRN02306,Consistent Learner,37,23,76.37,14,12.65,61.67,13,8,Improving,Python,Medium,0.659,1
LRN02307,Struggling Learner,11,8,38.36,3,5.26,18.33,0,1,Declining,NLP,Easy,0.155,0
LRN02308,Casual Learner,20,10,47.26,0,6.64,33.33,2,3,Improving,Python,Medium,0.386,0
LRN02309,Consistent Learner,24,21,91.18,24,18.26,40.0,8,7,Improving,NLP,Medium,0.715,1
LRN02310,Consistent Learner,34,22,84.52,18,18.84,56.67,12,3,Stable,MLOps,Easy,0.634,1
LRN02311,Struggling Learner,1,1,36.33,2,1.6,1.67,3,0,Stable,Generative AI,Easy,0.185,0
LRN02312,Casual Learner,19,12,50.66,6,3.92,31.67,3,2,Improving,Machine Learning,Easy,0.408,0
LRN02313,Consistent Learner,20,12,97.71,22,20.29,33.33,12,7,Improving,SQL,Easy,0.743,1
LRN02314,Struggling Learner,13,8,38.24,2,5.03,21.67,0,2,Declining,NLP,Medium,0.158,0
LRN02315,Casual Learner,12,9,51.73,4,7.36,20.0,0,1,Improving,SQL,Medium,0.388,0
LRN02316,Consistent Learner,42,23,87.67,15,18.06,70.0,10,10,Stable,Machine Learning,Easy,0.66,1
LRN02317,Struggling Learner,10,8,44.49,3,7.1,16.67,3,1,Stable,Python,Medium,0.273,0
LRN02318,Consistent Learner,40,33,81.68,17,14.31,66.67,11,11,Improving,Generative AI,Medium,0.701,1
LRN02319,Casual Learner,5,3,55.2,2,9.93,8.33,3,4,Improving,Generative AI,Medium,0.391,0
LRN02320,Consistent Learner,36,23,90.1,14,22.89,60.0,12,10,Improving,SQL,Medium,0.749,1
LRN02321,Fast Learner,41,31,98.0,21,30.71,68.33,12,9,Improving,NLP,Medium,0.844,1
LRN02322,Casual Learner,12,10,46.0,8,5.09,20.0,0,5,Stable,MLOps,Medium,0.285,0
LRN02323,Casual Learner,6,3,51.62,3,7.04,10.0,0,3,Stable,NLP,Easy,0.284,0
LRN02324,Fast Learner,42,32,98.0,29,34.03,70.0,16,10,Stable,Generative AI,Hard,0.748,1
LRN02325,Casual Learner,13,10,59.18,5,10.05,21.67,4,2,Declining,Generative AI,Medium,0.286,0
LRN02326,Consistent Learner,26,23,90.18,24,16.69,43.33,9,3,Improving,NLP,Medium,0.715,1
LRN02327,Fast Learner,39,25,98.0,30,18.38,65.0,14,12,Improving,SQL,Easy,0.827,1
LRN02328,Casual Learner,11,8,53.59,3,8.87,18.33,0,4,Stable,Python,Medium,0.315,0
LRN02329,Fast Learner,48,26,98.0,26,24.33,80.0,19,13,Stable,Machine Learning,Easy,0.799,1
LRN02330,Casual Learner,25,22,57.41,5,8.92,41.67,1,2,Declining,SQL,Hard,0.257,0
LRN02331,Fast Learner,56,38,98.0,15,33.56,93.33,8,9,Improving,Python,Easy,0.868,1
LRN02332,Casual Learner,23,12,63.66,10,11.91,38.33,2,3,Declining,Generative AI,Medium,0.354,0
LRN02333,Casual Learner,7,4,48.46,1,3.78,11.67,5,2,Stable,Machine Learning,Medium,0.269,0
LRN02334,Casual Learner,20,16,49.04,1,7.04,33.33,4,5,Stable,Python,Easy,0.323,0
LRN02335,Casual Learner,17,13,52.12,6,9.04,28.33,4,1,Stable,SQL,Medium,0.347,0
LRN02336,Casual Learner,16,9,47.97,10,3.15,26.67,4,0,Improving,SQL,Easy,0.396,0
LRN02337,Casual Learner,20,12,48.22,4,6.81,33.33,0,2,Improving,Generative AI,Medium,0.397,1
LRN02338,Fast Learner,36,23,98.0,21,24.03,60.0,9,13,Improving,NLP,Hard,0.75,1
LRN02339,Casual Learner,7,4,49.11,8,5.28,11.67,2,1,Stable,SQL,Easy,0.288,0
LRN02340,Consistent Learner,23,15,66.83,15,10.25,38.33,8,11,Improving,Python,Medium,0.552,1
LRN02341,Casual Learner,18,9,49.29,7,6.72,30.0,3,2,Improving,Machine Learning,Easy,0.41,0
LRN02342,Fast Learner,46,37,98.0,21,26.74,76.67,12,11,Improving,SQL,Hard,0.799,1
LRN02343,Casual Learner,16,11,50.05,1,8.74,26.67,3,4,Stable,Generative AI,Easy,0.318,0
LRN02344,Consistent Learner,41,36,82.06,12,21.9,68.33,7,11,Stable,Python,Medium,0.628,1
LRN02345,Casual Learner,11,6,53.79,1,7.84,18.33,4,1,Stable,Generative AI,Hard,0.268,0
LRN02346,Casual Learner,11,6,51.34,1,11.64,18.33,2,3,Stable,SQL,Medium,0.314,0
LRN02347,Casual Learner,16,12,45.67,3,8.17,26.67,0,4,Improving,Machine Learning,Easy,0.374,0
LRN02348,Consistent Learner,22,13,77.98,22,14.44,36.67,6,6,Improving,Machine Learning,Easy,0.626,0
LRN02349,Fast Learner,42,25,98.0,16,18.66,70.0,20,9,Improving,MLOps,Medium,0.816,1
LRN02350,Casual Learner,18,14,50.77,8,6.25,30.0,2,5,Stable,MLOps,Medium,0.336,0
LRN02351,Consistent Learner,29,15,76.36,15,11.8,48.33,14,12,Improving,Generative AI,Easy,0.635,1
LRN02352,Consistent Learner,41,36,70.92,13,11.23,68.33,5,9,Stable,MLOps,Medium,0.54,1
LRN02353,Fast Learner,59,35,98.0,19,33.1,98.33,10,15,Improving,Generative AI,Easy,0.893,1
LRN02354,Struggling Learner,4,3,39.43,5,5.81,6.67,3,2,Declining,NLP,Hard,0.101,0
LRN02355,Consistent Learner,24,16,79.98,16,10.46,40.0,15,7,Stable,MLOps,Easy,0.555,1
LRN02356,Consistent Learner,41,32,96.1,21,21.99,68.33,12,5,Improving,MLOps,Easy,0.808,1
LRN02357,Fast Learner,55,41,98.0,23,29.24,91.67,16,10,Improving,SQL,Medium,0.903,1
LRN02358,Fast Learner,46,29,98.0,25,19.5,76.67,10,5,Stable,MLOps,Easy,0.751,1
LRN02359,Struggling Learner,12,8,30.0,3,1.11,20.0,0,2,Declining,SQL,Easy,0.107,0
LRN02360,Consistent Learner,29,22,96.21,18,23.3,48.33,12,9,Improving,MLOps,Medium,0.765,1
LRN02361,Fast Learner,51,45,98.0,25,34.52,85.0,14,11,Improving,NLP,Medium,0.893,1
LRN02362,Consistent Learner,24,20,86.09,25,13.31,40.0,13,11,Stable,Machine Learning,Medium,0.611,1
LRN02363,Struggling Learner,7,5,33.53,3,1.52,11.67,0,3,Stable,Generative AI,Easy,0.187,0
LRN02364,Fast Learner,58,40,98.0,27,32.76,96.67,8,9,Improving,NLP,Hard,0.856,1
LRN02365,Casual Learner,5,2,45.5,0,4.93,8.33,1,2,Improving,Generative AI,Medium,0.32,0
LRN02366,Consistent Learner,27,19,88.44,19,18.4,45.0,9,4,Improving,Generative AI,Medium,0.702,1
LRN02367,Consistent Learner,34,29,83.66,17,11.92,56.67,14,8,Improving,SQL,Medium,0.69,1
LRN02368,Consistent Learner,27,22,78.8,22,11.89,45.0,12,3,Improving,Generative AI,Medium,0.653,1
LRN02369,Casual Learner,18,13,58.4,5,10.51,30.0,3,5,Improving,MLOps,Hard,0.409,0
LRN02370,Fast Learner,40,34,98.0,20,26.93,66.67,19,13,Improving,SQL,Easy,0.845,1
LRN02371,Fast Learner,51,39,98.0,28,26.74,85.0,16,9,Improving,NLP,Medium,0.895,1
LRN02372,Casual Learner,17,15,52.9,8,5.51,28.33,1,3,Stable,Generative AI,Medium,0.337,0
LRN02373,Consistent Learner,40,30,85.61,25,13.01,66.67,10,8,Improving,SQL,Hard,0.684,1
LRN02374,Consistent Learner,37,28,83.65,18,20.63,61.67,6,4,Improving,MLOps,Hard,0.662,1
LRN02375,Consistent Learner,30,20,87.69,13,21.41,50.0,14,12,Improving,Generative AI,Medium,0.716,1
LRN02376,Fast Learner,46,34,98.0,28,31.24,76.67,12,6,Improving,SQL,Hard,0.829,1
LRN02377,Casual Learner,23,19,56.51,5,11.6,38.33,5,4,Improving,SQL,Hard,0.425,0
LRN02378,Casual Learner,23,19,51.26,10,7.28,38.33,1,1,Stable,Generative AI,Medium,0.361,0
LRN02379,Casual Learner,24,12,50.54,6,4.51,40.0,3,4,Declining,NLP,Medium,0.266,0
LRN02380,Fast Learner,55,44,98.0,16,32.86,91.67,12,5,Improving,Python,Easy,0.877,1
LRN02381,Struggling Learner,14,12,38.51,2,6.23,23.33,3,3,Declining,Machine Learning,Easy,0.174,0
LRN02382,Fast Learner,42,35,98.0,27,27.96,70.0,8,14,Improving,MLOps,Hard,0.796,1
LRN02383,Casual Learner,20,11,55.39,10,4.22,33.33,2,5,Declining,Machine Learning,Medium,0.282,0
LRN02384,Casual Learner,9,7,60.05,5,9.4,15.0,3,3,Improving,Generative AI,Medium,0.432,0
LRN02385,Struggling Learner,11,9,43.32,5,7.79,18.33,1,1,Declining,Machine Learning,Medium,0.193,0
LRN02386,Fast Learner,40,26,98.0,21,25.09,66.67,17,10,Improving,MLOps,Medium,0.836,1
LRN02387,Casual Learner,5,4,55.35,5,10.48,8.33,0,5,Stable,Python,Medium,0.314,0
LRN02388,Consistent Learner,31,25,75.08,18,11.03,51.67,9,4,Improving,SQL,Medium,0.628,1
LRN02389,Consistent Learner,37,28,79.06,17,12.67,61.67,13,8,Improving,NLP,Medium,0.679,1
LRN02390,Casual Learner,6,4,49.43,5,7.33,10.0,2,2,Declining,SQL,Medium,0.205,0
LRN02391,Struggling Learner,13,8,37.94,5,4.76,21.67,3,0,Declining,SQL,Medium,0.171,0
LRN02392,Consistent Learner,39,34,90.86,11,22.88,65.0,12,9,Improving,Python,Medium,0.754,1
LRN02393,Consistent Learner,23,20,88.0,11,24.91,38.33,6,4,Improving,SQL,Medium,0.68,1
LRN02394,Consistent Learner,41,22,76.24,18,11.08,68.33,13,10,Improving,Generative AI,Medium,0.677,1
LRN02395,Consistent Learner,28,18,90.97,25,19.72,46.67,9,4,Improving,NLP,Easy,0.738,1
LRN02396,Fast Learner,39,19,98.0,26,27.12,65.0,13,13,Stable,Machine Learning,Medium,0.763,1
LRN02397,Casual Learner,16,10,53.88,1,11.35,26.67,5,3,Declining,Generative AI,Medium,0.269,0
LRN02398,Casual Learner,11,8,51.21,3,6.69,18.33,1,5,Stable,NLP,Easy,0.3,0
LRN02399,Fast Learner,47,28,98.0,29,31.72,78.33,18,6,Improving,NLP,Medium,0.9,1
LRN02400,Casual Learner,14,10,54.63,5,4.12,23.33,5,2,Stable,SQL,Medium,0.332,0
LRN02401,Casual Learner,17,12,44.48,7,3.33,28.33,0,1,Improving,NLP,Medium,0.367,0
LRN02402,Casual Learner,6,5,59.43,7,9.82,10.0,5,0,Declining,Machine Learning,Medium,0.271,0
LRN02403,Consistent Learner,39,25,81.04,20,12.67,65.0,10,4,Improving,Machine Learning,Medium,0.695,1
LRN02404,Casual Learner,23,14,51.51,6,6.82,38.33,5,1,Stable,SQL,Medium,0.36,0
LRN02405,Consistent Learner,36,24,79.3,11,18.92,60.0,12,3,Improving,Machine Learning,Medium,0.679,1
LRN02406,Consistent Learner,31,16,90.75,16,22.3,51.67,14,3,Improving,Machine Learning,Easy,0.744,1
LRN02407,Struggling Learner,7,4,38.66,5,4.03,11.67,1,2,Declining,NLP,Medium,0.147,0
LRN02408,Struggling Learner,8,6,37.0,0,4.64,13.33,1,0,Declining,SQL,Hard,0.081,0
LRN02409,Consistent Learner,31,21,88.46,14,18.41,51.67,11,3,Improving,MLOps,Medium,0.708,1
LRN02410,Consistent Learner,38,32,87.42,12,24.19,63.33,7,11,Improving,Generative AI,Easy,0.73,1
LRN02411,Casual Learner,11,8,48.52,2,10.17,18.33,0,2,Declining,NLP,Easy,0.214,0
LRN02412,Consistent Learner,40,33,81.44,14,18.2,66.67,10,12,Stable,Machine Learning,Medium,0.623,1
LRN02413,Casual Learner,17,13,53.32,3,11.23,28.33,1,2,Improving,Python,Easy,0.425,0
LRN02414,Casual Learner,22,14,51.99,5,8.99,36.67,0,1,Stable,Python,Medium,0.351,0
LRN02415,Consistent Learner,40,27,91.99,13,19.65,66.67,14,6,Improving,Machine Learning,Medium,0.762,1
LRN02416,Struggling Learner,15,8,45.12,2,7.57,25.0,3,1,Stable,Generative AI,Easy,0.291,0
LRN02417,Consistent Learner,21,11,84.01,13,23.49,35.0,7,10,Improving,SQL,Easy,0.659,1
LRN02418,Casual Learner,14,10,56.34,7,7.22,23.33,0,5,Stable,NLP,Medium,0.343,0
LRN02419,Consistent Learner,34,22,79.62,21,15.66,56.67,5,10,Stable,MLOps,Medium,0.592,1
LRN02420,Consistent Learner,21,16,81.67,22,14.23,35.0,13,3,Improving,Generative AI,Easy,0.656,1
LRN02421,Casual Learner,10,8,49.99,4,6.48,16.67,5,2,Stable,Machine Learning,Easy,0.303,0
LRN02422,Consistent Learner,30,19,96.47,17,20.77,50.0,14,3,Stable,Generative AI,Easy,0.684,1
LRN02423,Casual Learner,20,12,54.03,3,8.81,33.33,2,1,Improving,Generative AI,Medium,0.432,0
LRN02424,Casual Learner,16,14,45.16,1,8.03,26.67,1,3,Stable,Python,Medium,0.288,0
LRN02425,Struggling Learner,7,5,30.0,1,1.47,11.67,3,1,Stable,Python,Easy,0.173,0
LRN02426,Casual Learner,5,4,56.17,8,7.95,8.33,3,2,Improving,Generative AI,Easy,0.405,0
LRN02427,Consistent Learner,27,20,84.45,19,21.34,45.0,8,12,Improving,SQL,Hard,0.642,1
LRN02428,Fast Learner,44,25,98.0,23,23.75,73.33,14,14,Improving,Python,Hard,0.793,1
LRN02429,Consistent Learner,45,25,90.83,14,21.48,75.0,13,6,Improving,MLOps,Medium,0.78,1
LRN02430,Casual Learner,12,8,53.9,9,6.05,20.0,3,0,Declining,MLOps,Easy,0.254,0
LRN02431,Consistent Learner,34,20,95.35,19,23.61,56.67,6,5,Improving,Machine Learning,Easy,0.767,1
LRN02432,Consistent Learner,27,18,90.9,20,21.41,45.0,8,6,Improving,Generative AI,Medium,0.724,1
LRN02433,Consistent Learner,41,25,71.2,11,16.53,68.33,5,9,Stable,MLOps,Hard,0.504,1
LRN02434,Casual Learner,19,14,57.25,10,9.09,31.67,1,0,Improving,SQL,Easy,0.46,0
LRN02435,Casual Learner,19,10,46.4,7,6.0,31.67,2,2,Stable,Generative AI,Hard,0.266,0
LRN02436,Casual Learner,19,10,50.14,3,9.53,31.67,0,4,Improving,Machine Learning,Hard,0.359,0
LRN02437,Fast Learner,54,44,98.0,26,31.25,90.0,17,9,Improving,Python,Easy,0.913,1
LRN02438,Casual Learner,17,13,49.55,7,5.76,28.33,2,2,Stable,SQL,Medium,0.323,0
LRN02439,Fast Learner,47,29,98.0,21,29.61,78.33,12,13,Improving,SQL,Medium,0.862,1
LRN02440,Consistent Learner,41,34,84.04,21,15.7,68.33,11,3,Improving,Generative AI,Easy,0.731,1
LRN02441,Casual Learner,18,14,47.48,8,3.61,30.0,1,3,Stable,NLP,Hard,0.26,0
LRN02442,Consistent Learner,31,26,85.0,16,17.03,51.67,14,12,Improving,NLP,Medium,0.7,1
LRN02443,Casual Learner,19,15,46.13,1,3.63,31.67,0,3,Improving,Generative AI,Medium,0.366,0
LRN02444,Casual Learner,6,3,51.21,10,6.66,10.0,1,2,Stable,SQL,Easy,0.302,0
LRN02445,Casual Learner,12,9,51.6,6,5.27,20.0,0,3,Declining,NLP,Medium,0.226,0
LRN02446,Casual Learner,5,2,52.76,5,6.59,8.33,5,1,Declining,Machine Learning,Medium,0.222,0
LRN02447,Fast Learner,51,26,98.0,30,23.84,85.0,19,5,Stable,Machine Learning,Medium,0.818,1
LRN02448,Consistent Learner,37,20,84.76,20,17.18,61.67,8,4,Stable,Generative AI,Medium,0.635,1
LRN02449,Consistent Learner,29,25,86.45,10,23.57,48.33,10,6,Declining,SQL,Medium,0.536,1
LRN02450,Consistent Learner,33,16,90.09,24,18.26,55.0,13,9,Improving,Generative AI,Hard,0.703,1
LRN02451,Consistent Learner,22,19,88.87,11,23.76,36.67,6,12,Improving,NLP,Hard,0.627,1
LRN02452,Casual Learner,9,7,52.58,7,7.86,15.0,4,4,Declining,NLP,Easy,0.241,0
LRN02453,Fast Learner,60,49,98.0,24,20.68,100.0,17,10,Stable,NLP,Hard,0.766,1
LRN02454,Consistent Learner,23,16,80.48,17,16.41,38.33,8,5,Improving,Python,Medium,0.639,1
LRN02455,Fast Learner,50,27,98.0,17,23.31,83.33,10,5,Stable,Python,Easy,0.756,1
LRN02456,Consistent Learner,31,22,92.01,12,24.21,51.67,11,7,Improving,MLOps,Easy,0.738,1
LRN02457,Consistent Learner,33,26,79.72,24,11.97,55.0,10,3,Improving,MLOps,Medium,0.678,1
LRN02458,Fast Learner,36,25,98.0,27,21.91,60.0,8,12,Improving,Generative AI,Hard,0.756,1
LRN02459,Consistent Learner,38,29,95.23,25,24.51,63.33,7,6,Improving,MLOps,Easy,0.801,1
LRN02460,Fast Learner,43,28,98.0,19,23.7,71.67,11,7,Stable,Generative AI,Medium,0.742,1
LRN02461,Casual Learner,19,10,42.92,5,3.06,31.67,0,5,Stable,NLP,Medium,0.28,0
LRN02462,Fast Learner,37,20,98.0,16,27.71,61.67,9,13,Improving,SQL,Easy,0.802,1
LRN02463,Casual Learner,5,4,63.28,9,10.48,8.33,5,1,Stable,Generative AI,Hard,0.323,0
LRN02464,Struggling Learner,11,9,39.12,0,7.4,18.33,0,3,Declining,Python,Easy,0.157,0
LRN02465,Fast Learner,60,53,98.0,29,25.93,100.0,12,6,Stable,Machine Learning,Medium,0.835,1
LRN02466,Consistent Learner,33,17,78.02,14,12.38,55.0,10,12,Improving,Python,Easy,0.645,1
LRN02467,Struggling Learner,15,10,41.46,1,6.09,25.0,3,3,Stable,SQL,Medium,0.267,0
LRN02468,Struggling Learner,9,6,41.81,3,5.36,15.0,3,1,Stable,Python,Medium,0.252,0
LRN02469,Casual Learner,14,7,49.97,8,5.01,23.33,5,5,Declining,Python,Medium,0.242,0
LRN02470,Struggling Learner,0,1,35.02,1,5.48,0.0,2,3,Improving,Python,Medium,0.264,0
LRN02471,Fast Learner,37,25,98.0,26,25.12,61.67,15,8,Stable,NLP,Medium,0.755,1
LRN02472,Casual Learner,9,7,45.21,4,4.13,15.0,4,1,Declining,SQL,Easy,0.188,0
LRN02473,Casual Learner,13,10,56.44,10,11.31,21.67,0,0,Improving,MLOps,Easy,0.442,0
LRN02474,Casual Learner,17,15,44.58,1,5.8,28.33,2,3,Stable,Python,Hard,0.234,0
LRN02475,Consistent Learner,24,17,96.31,17,23.78,40.0,8,8,Improving,Machine Learning,Easy,0.738,1
LRN02476,Casual Learner,25,16,61.62,9,9.86,41.67,3,5,Declining,Python,Hard,0.295,0
LRN02477,Casual Learner,10,6,50.64,2,4.5,16.67,5,2,Stable,Python,Easy,0.294,0
LRN02478,Casual Learner,5,3,54.79,10,8.17,8.33,0,3,Improving,MLOps,Medium,0.397,0
LRN02479,Consistent Learner,27,20,89.47,20,22.63,45.0,10,7,Stable,SQL,Medium,0.646,1
LRN02480,Casual Learner,24,16,44.58,0,4.29,40.0,5,3,Declining,Generative AI,Easy,0.227,0
LRN02481,Struggling Learner,12,9,37.79,2,5.11,20.0,2,1,Declining,MLOps,Medium,0.157,0
LRN02482,Casual Learner,12,6,44.53,3,6.01,20.0,1,4,Improving,NLP,Easy,0.351,0
LRN02483,Casual Learner,11,5,42.07,3,3.45,18.33,3,2,Improving,NLP,Hard,0.283,0
LRN02484,Casual Learner,16,9,47.05,7,4.72,26.67,1,0,Stable,Python,Medium,0.302,0
LRN02485,Casual Learner,15,8,47.97,0,3.86,25.0,3,5,Stable,NLP,Easy,0.286,0
LRN02486,Struggling Learner,1,1,30.0,1,2.91,1.67,2,2,Declining,SQL,Medium,0.076,0
LRN02487,Fast Learner,45,23,98.0,16,21.95,75.0,15,13,Improving,MLOps,Hard,0.774,1
LRN02488,Fast Learner,57,49,98.0,24,30.63,95.0,17,9,Improving,NLP,Easy,0.917,1
LRN02489,Struggling Learner,10,8,30.0,0,3.51,16.67,3,3,Declining,MLOps,Easy,0.108,0
LRN02490,Consistent Learner,45,34,88.11,23,16.46,75.0,7,4,Improving,MLOps,Medium,0.76,1
LRN02491,Fast Learner,59,30,98.0,28,18.01,98.33,9,10,Improving,Generative AI,Medium,0.875,1
LRN02492,Consistent Learner,40,24,91.31,24,16.3,66.67,12,4,Improving,NLP,Easy,0.773,1
LRN02493,Fast Learner,59,51,98.0,18,28.08,98.33,8,6,Improving,Python,Hard,0.829,1
LRN02494,Casual Learner,20,10,61.66,8,10.48,33.33,4,4,Improving,NLP,Medium,0.49,0
LRN02495,Consistent Learner,36,19,87.44,25,11.71,60.0,13,8,Improving,NLP,Hard,0.682,1
LRN02496,Consistent Learner,21,16,91.83,22,19.91,35.0,10,9,Improving,NLP,Easy,0.713,1
LRN02497,Consistent Learner,24,13,84.26,15,20.72,40.0,5,11,Stable,NLP,Easy,0.581,0
LRN02498,Consistent Learner,33,26,89.38,24,14.24,55.0,13,6,Improving,Generative AI,Easy,0.736,1
LRN02499,Casual Learner,21,13,62.88,9,9.84,35.0,5,4,Stable,Machine Learning,Medium,0.422,0
LRN02500,Consistent Learner,22,11,83.3,25,13.9,36.67,9,12,Improving,MLOps,Medium,0.664,1
LRN02501,Struggling Learner,10,6,33.82,0,6.34,16.67,0,3,Stable,Generative AI,Medium,0.207,0
LRN02502,Consistent Learner,29,25,78.46,12,13.73,48.33,13,3,Improving,SQL,Easy,0.64,0
LRN02503,Consistent Learner,31,24,79.46,16,16.43,51.67,8,10,Improving,MLOps,Easy,0.658,1
LRN02504,Casual Learner,20,12,45.74,2,3.97,33.33,3,0,Stable,Python,Hard,0.249,0
LRN02505,Casual Learner,9,4,52.96,4,11.59,15.0,2,2,Stable,Generative AI,Hard,0.273,0
LRN02506,Casual Learner,6,4,59.25,9,8.99,10.0,4,1,Stable,SQL,Medium,0.351,0
LRN02507,Consistent Learner,23,13,71.21,10,15.88,38.33,8,7,Improving,Python,Easy,0.577,0
LRN02508,Consistent Learner,25,19,84.08,17,19.23,41.67,5,10,Improving,Generative AI,Medium,0.664,1
LRN02509,Consistent Learner,28,20,85.13,22,16.2,46.67,7,11,Improving,Generative AI,Medium,0.687,1
LRN02510,Fast Learner,39,20,98.0,25,25.69,65.0,18,11,Improving,SQL,Easy,0.848,1
LRN02511,Fast Learner,47,30,98.0,29,30.64,78.33,9,7,Improving,MLOps,Easy,0.877,1
LRN02512,Struggling Learner,5,2,36.83,4,6.41,8.33,0,2,Improving,Generative AI,Hard,0.244,0
LRN02513,Consistent Learner,24,18,79.61,19,17.32,40.0,9,10,Improving,SQL,Medium,0.649,1
LRN02514,Consistent Learner,39,21,77.01,19,14.84,65.0,9,7,Stable,Machine Learning,Medium,0.599,0
LRN02515,Consistent Learner,32,19,66.87,12,12.87,53.33,8,10,Improving,SQL,Hard,0.532,1
LRN02516,Struggling Learner,1,1,41.78,3,5.87,1.67,3,0,Declining,SQL,Medium,0.146,0
LRN02517,Consistent Learner,20,16,73.47,12,13.96,33.33,13,12,Improving,Generative AI,Hard,0.538,1
LRN02518,Casual Learner,17,14,66.27,10,11.61,28.33,4,1,Stable,Generative AI,Medium,0.43,0
LRN02519,Fast Learner,36,20,97.72,17,21.75,60.0,12,6,Improving,Generative AI,Medium,0.788,1
LRN02520,Struggling Learner,10,6,37.24,5,7.45,16.67,1,1,Declining,MLOps,Easy,0.162,0
LRN02521,Fast Learner,46,37,98.0,23,25.04,76.67,20,5,Improving,Machine Learning,Medium,0.869,1
LRN02522,Consistent Learner,22,17,67.89,13,10.33,36.67,9,8,Improving,SQL,Hard,0.5,0
LRN02523,Consistent Learner,35,17,80.24,11,18.99,58.33,12,7,Declining,NLP,Easy,0.52,1
LRN02524,Casual Learner,21,15,55.75,9,7.05,35.0,1,1,Stable,Generative AI,Easy,0.371,0
LRN02525,Casual Learner,14,7,47.85,6,3.64,23.33,0,1,Stable,SQL,Hard,0.24,0
LRN02526,Casual Learner,16,12,47.16,6,7.4,26.67,1,0,Improving,Generative AI,Medium,0.389,0
LRN02527,Consistent Learner,45,23,79.64,20,11.42,75.0,8,9,Improving,Machine Learning,Medium,0.7,1
LRN02528,Consistent Learner,39,32,88.77,22,14.5,65.0,15,12,Improving,Generative AI,Easy,0.754,1
LRN02529,Casual Learner,17,13,45.45,0,10.27,28.33,0,3,Improving,NLP,Hard,0.325,0
LRN02530,Consistent Learner,35,28,88.01,19,14.7,58.33,14,6,Stable,NLP,Medium,0.647,1
LRN02531,Struggling Learner,14,12,32.1,5,1.75,23.33,3,0,Improving,Python,Easy,0.298,0
LRN02532,Struggling Learner,11,6,33.23,4,3.34,18.33,3,3,Declining,Generative AI,Medium,0.135,0
LRN02533,Consistent Learner,42,30,90.02,21,23.88,70.0,7,6,Stable,Python,Hard,0.648,1
LRN02534,Consistent Learner,20,15,87.48,11,23.15,33.33,9,12,Improving,MLOps,Medium,0.669,1
LRN02535,Casual Learner,8,6,59.68,9,11.62,13.33,3,5,Declining,SQL,Hard,0.235,0
LRN02536,Casual Learner,9,5,57.47,7,5.46,15.0,5,5,Declining,Generative AI,Hard,0.208,0
LRN02537,Consistent Learner,30,25,98.0,17,24.55,50.0,14,5,Improving,NLP,Medium,0.783,1
LRN02538,Fast Learner,42,36,98.0,21,22.65,70.0,20,6,Improving,NLP,Hard,0.792,1
LRN02539,Consistent Learner,37,25,87.88,25,19.62,61.67,8,8,Stable,Python,Medium,0.671,1
LRN02540,Consistent Learner,45,29,84.02,16,18.81,75.0,10,7,Stable,Generative AI,Medium,0.658,1
LRN02541,Fast Learner,44,22,98.0,25,29.26,73.33,13,12,Improving,SQL,Easy,0.864,1
LRN02542,Casual Learner,8,5,53.29,6,9.52,13.33,3,5,Stable,Generative AI,Hard,0.272,0
LRN02543,Consistent Learner,39,20,88.69,22,23.86,65.0,5,3,Declining,Python,Medium,0.6,1
LRN02544,Fast Learner,45,30,98.0,28,25.21,75.0,9,14,Stable,MLOps,Medium,0.772,1
LRN02545,Fast Learner,37,29,98.0,15,32.54,61.67,8,15,Improving,SQL,Medium,0.804,1
LRN02546,Struggling Learner,1,1,42.96,5,6.35,1.67,3,3,Stable,Python,Easy,0.239,0
LRN02547,Fast Learner,56,42,98.0,29,33.11,93.33,18,8,Stable,Machine Learning,Hard,0.8,1
LRN02548,Fast Learner,39,28,98.0,17,20.15,65.0,20,13,Improving,SQL,Medium,0.814,1
LRN02549,Struggling Learner,9,7,30.0,3,1.85,15.0,0,1,Declining,Python,Medium,0.099,0
LRN02550,Consistent Learner,36,24,68.91,12,12.84,60.0,11,10,Improving,SQL,Medium,0.612,1
LRN02551,Casual Learner,12,6,57.16,5,8.93,20.0,1,4,Declining,NLP,Hard,0.213,0
LRN02552,Struggling Learner,7,6,32.87,2,4.23,11.67,2,1,Declining,NLP,Medium,0.116,0
LRN02553,Casual Learner,13,8,58.7,3,9.84,21.67,5,5,Stable,Generative AI,Easy,0.361,1
LRN02554,Fast Learner,44,29,98.0,22,31.31,73.33,11,5,Stable,Python,Medium,0.774,1
LRN02555,Fast Learner,45,34,98.0,26,23.39,75.0,17,15,Stable,NLP,Medium,0.781,1
LRN02556,Consistent Learner,35,25,87.89,11,23.94,58.33,7,8,Improving,MLOps,Easy,0.719,1
LRN02557,Consistent Learner,25,19,71.68,15,11.74,41.67,11,9,Improving,Generative AI,Easy,0.593,1
LRN02558,Fast Learner,54,42,98.0,30,23.43,90.0,15,8,Stable,SQL,Medium,0.817,1
LRN02559,Consistent Learner,38,33,82.47,21,14.74,63.33,6,12,Improving,NLP,Easy,0.698,1
LRN02560,Fast Learner,56,32,98.0,27,21.68,93.33,15,5,Improving,Machine Learning,Medium,0.889,1
LRN02561,Struggling Learner,3,1,30.0,2,1.72,5.0,2,1,Improving,Python,Medium,0.241,0
LRN02562,Fast Learner,51,45,98.0,20,29.89,85.0,18,9,Improving,SQL,Hard,0.839,1
LRN02563,Fast Learner,38,26,98.0,30,18.67,63.33,18,13,Improving,SQL,Medium,0.835,1
LRN02564,Casual Learner,14,9,44.42,2,7.9,23.33,1,0,Stable,Python,Medium,0.281,0
LRN02565,Consistent Learner,41,31,76.98,15,11.04,68.33,12,12,Improving,NLP,Medium,0.67,1
LRN02566,Casual Learner,15,7,54.14,1,6.18,25.0,5,5,Declining,Python,Medium,0.249,0
LRN02567,Casual Learner,13,7,48.86,2,9.39,21.67,3,1,Improving,Python,Hard,0.337,0
LRN02568,Consistent Learner,21,16,73.38,17,12.3,35.0,5,6,Stable,MLOps,Easy,0.499,1
LRN02569,Consistent Learner,26,21,94.52,23,18.61,43.33,14,5,Stable,Python,Hard,0.62,1
LRN02570,Consistent Learner,33,27,98.0,23,22.6,55.0,14,9,Improving,Python,Easy,0.803,1
LRN02571,Consistent Learner,28,15,83.48,12,23.65,46.67,5,9,Improving,Python,Easy,0.672,1
LRN02572,Consistent Learner,43,34,66.8,10,14.97,71.67,6,8,Improving,SQL,Medium,0.616,1
LRN02573,Casual Learner,21,11,38.01,2,3.03,35.0,2,0,Declining,MLOps,Medium,0.181,0
LRN02574,Casual Learner,18,15,45.32,3,3.89,30.0,0,2,Stable,MLOps,Easy,0.285,0
LRN02575,Casual Learner,22,12,59.29,5,11.42,36.67,4,4,Stable,Machine Learning,Easy,0.402,1
LRN02576,Casual Learner,14,11,53.67,6,7.47,23.33,1,2,Stable,Python,Medium,0.332,0
LRN02577,Struggling Learner,5,3,41.42,2,6.72,8.33,3,1,Declining,SQL,Medium,0.158,0
LRN02578,Struggling Learner,8,4,37.62,0,4.72,13.33,1,0,Declining,Generative AI,Hard,0.084,0
LRN02579,Casual Learner,23,18,58.45,8,7.24,38.33,3,0,Stable,SQL,Easy,0.393,1
LRN02580,Consistent Learner,42,31,82.9,19,14.93,70.0,15,8,Improving,Machine Learning,Medium,0.731,1
LRN02581,Consistent Learner,39,31,83.56,12,19.11,65.0,6,6,Stable,SQL,Easy,0.617,1
LRN02582,Consistent Learner,33,26,98.0,24,24.57,55.0,9,8,Improving,NLP,Easy,0.799,1
LRN02583,Struggling Learner,11,9,38.65,4,7.78,18.33,3,0,Stable,SQL,Easy,0.255,0
LRN02584,Consistent Learner,42,36,80.8,22,17.83,70.0,5,3,Improving,MLOps,Medium,0.714,1
LRN02585,Consistent Learner,38,23,92.11,17,23.32,63.33,5,10,Stable,MLOps,Easy,0.677,1
LRN02586,Casual Learner,25,13,58.13,9,7.31,41.67,1,3,Stable,NLP,Hard,0.346,0
LRN02587,Struggling Learner,7,5,31.87,5,2.48,11.67,3,2,Stable,MLOps,Hard,0.146,0
LRN02588,Casual Learner,17,13,55.51,1,7.61,28.33,4,2,Stable,MLOps,Easy,0.344,0
LRN02589,Struggling Learner,0,1,37.73,3,5.52,0.0,1,3,Declining,MLOps,Medium,0.119,0
LRN02590,Consistent Learner,34,18,92.52,18,20.26,56.67,9,7,Improving,Generative AI,Hard,0.698,1
LRN02591,Consistent Learner,32,19,88.02,20,19.6,53.33,9,6,Improving,Generative AI,Easy,0.724,1
LRN02592,Struggling Learner,8,7,34.59,4,2.75,13.33,1,2,Declining,MLOps,Easy,0.125,0
LRN02593,Casual Learner,23,15,62.71,5,11.7,38.33,4,2,Declining,NLP,Medium,0.341,0
LRN02594,Casual Learner,7,6,54.58,8,6.41,11.67,2,1,Stable,MLOps,Easy,0.317,0
LRN02595,Casual Learner,8,4,62.9,7,10.26,13.33,3,3,Stable,SQL,Medium,0.37,0
LRN02596,Casual Learner,20,11,48.36,3,7.57,33.33,3,4,Declining,Generative AI,Medium,0.245,0
LRN02597,Struggling Learner,13,11,35.94,4,5.07,21.67,2,1,Declining,MLOps,Easy,0.158,0
LRN02598,Struggling Learner,4,2,42.55,5,7.51,6.67,3,2,Stable,MLOps,Medium,0.251,0
LRN02599,Consistent Learner,34,30,66.96,11,12.34,56.67,8,5,Improving,Python,Easy,0.585,1
LRN02600,Consistent Learner,21,13,88.48,21,18.78,35.0,10,8,Declining,SQL,Easy,0.532,1
LRN02601,Consistent Learner,22,15,80.67,19,12.92,36.67,9,8,Stable,Python,Medium,0.553,0
LRN02602,Casual Learner,24,18,52.22,10,3.84,40.0,1,3,Improving,NLP,Medium,0.437,0
LRN02603,Consistent Learner,24,18,78.02,14,12.53,40.0,13,6,Improving,Machine Learning,Easy,0.623,1
LRN02604,Consistent Learner,41,25,77.89,18,10.07,68.33,10,8,Improving,Python,Easy,0.674,1
LRN02605,Casual Learner,18,13,49.61,7,3.06,30.0,3,4,Declining,SQL,Easy,0.24,0
LRN02606,Consistent Learner,26,13,80.07,11,18.65,43.33,9,9,Improving,SQL,Medium,0.641,1
LRN02607,Casual Learner,9,5,62.56,6,11.53,15.0,4,0,Improving,Generative AI,Medium,0.456,1
LRN02608,Casual Learner,17,12,52.27,9,3.94,28.33,0,3,Improving,MLOps,Easy,0.409,0
LRN02609,Fast Learner,36,26,98.0,21,18.95,60.0,12,9,Improving,SQL,Hard,0.74,1
LRN02610,Casual Learner,22,18,58.04,10,8.84,36.67,1,5,Stable,Python,Medium,0.393,0
LRN02611,Struggling Learner,4,2,30.0,2,1.79,6.67,1,0,Declining,Python,Hard,0.032,0
LRN02612,Fast Learner,39,22,98.0,29,26.69,65.0,15,9,Improving,Generative AI,Medium,0.855,1
LRN02613,Consistent Learner,34,19,80.05,14,21.84,56.67,5,9,Improving,MLOps,Medium,0.676,1
LRN02614,Fast Learner,40,26,98.0,16,25.16,66.67,12,9,Improving,Machine Learning,Easy,0.811,1
LRN02615,Consistent Learner,20,17,96.41,23,22.67,33.33,5,9,Improving,MLOps,Medium,0.73,1
LRN02616,Struggling Learner,5,3,33.49,1,3.53,8.33,3,3,Declining,Generative AI,Easy,0.109,0
LRN02617,Casual Learner,24,16,53.56,5,5.45,40.0,3,3,Declining,Python,Easy,0.28,0
LRN02618,Consistent Learner,34,19,94.58,14,24.3,56.67,13,7,Stable,SQL,Medium,0.69,1
LRN02619,Struggling Learner,2,1,33.14,3,5.95,3.33,2,0,Stable,NLP,Easy,0.189,0
LRN02620,Consistent Learner,30,15,85.02,22,15.81,50.0,13,11,Improving,MLOps,Medium,0.706,1
LRN02621,Consistent Learner,38,27,81.67,12,22.57,63.33,7,10,Improving,SQL,Medium,0.699,1
LRN02622,Fast Learner,56,34,98.0,26,24.14,93.33,18,15,Stable,Python,Medium,0.822,1
LRN02623,Casual Learner,13,11,52.29,8,8.01,21.67,3,0,Improving,Generative AI,Medium,0.414,0
LRN02624,Consistent Learner,23,17,80.1,11,15.51,38.33,12,10,Improving,Machine Learning,Easy,0.628,1
LRN02625,Consistent Learner,37,25,91.34,24,18.68,61.67,14,9,Stable,NLP,Easy,0.696,1
LRN02626,Struggling Learner,2,1,30.0,4,1.24,3.33,0,0,Stable,Generative AI,Medium,0.156,0
LRN02627,Fast Learner,46,33,98.0,26,18.82,76.67,18,9,Stable,MLOps,Easy,0.771,1
LRN02628,Fast Learner,37,23,98.0,20,18.2,61.67,17,12,Improving,Machine Learning,Medium,0.801,1
LRN02629,Casual Learner,15,11,60.52,9,8.76,25.0,3,2,Stable,Machine Learning,Easy,0.383,0
LRN02630,Consistent Learner,32,16,88.65,18,19.95,53.33,15,5,Improving,Machine Learning,Medium,0.738,1
LRN02631,Consistent Learner,45,26,94.28,21,21.8,75.0,6,6,Declining,SQL,Hard,0.588,1
LRN02632,Casual Learner,17,11,57.26,10,9.67,28.33,4,3,Stable,NLP,Medium,0.383,0
LRN02633,Consistent Learner,30,22,77.03,12,17.45,50.0,12,7,Improving,Machine Learning,Medium,0.647,1
LRN02634,Consistent Learner,28,16,79.83,11,14.09,46.67,13,3,Improving,NLP,Easy,0.641,1
LRN02635,Casual Learner,19,14,47.53,5,5.3,31.67,0,4,Improving,Machine Learning,Medium,0.388,0
LRN02636,Fast Learner,49,26,98.0,18,30.52,81.67,9,6,Stable,Generative AI,Medium,0.775,1
LRN02637,Fast Learner,52,37,98.0,28,22.25,86.67,16,14,Improving,SQL,Hard,0.833,1
LRN02638,Consistent Learner,38,29,73.56,16,16.18,63.33,5,10,Improving,Generative AI,Easy,0.647,1
LRN02639,Struggling Learner,4,2,42.27,3,5.6,6.67,2,1,Declining,SQL,Easy,0.155,0
LRN02640,Consistent Learner,25,19,96.62,25,22.34,41.67,13,4,Improving,Machine Learning,Medium,0.772,1
LRN02641,Casual Learner,22,13,50.02,4,5.52,36.67,3,0,Declining,Python,Medium,0.255,0
LRN02642,Consistent Learner,35,23,89.18,15,24.8,58.33,6,7,Improving,Generative AI,Easy,0.736,1
LRN02643,Casual Learner,24,20,58.42,2,10.49,40.0,3,3,Stable,Generative AI,Medium,0.391,0
LRN02644,Casual Learner,22,13,54.11,7,7.72,36.67,2,2,Declining,Machine Learning,Hard,0.236,0
LRN02645,Fast Learner,54,48,98.0,19,33.75,90.0,19,14,Improving,Python,Medium,0.899,1
LRN02646,Consistent Learner,42,25,86.37,12,16.81,70.0,14,6,Improving,Python,Easy,0.732,1
LRN02647,Casual Learner,21,12,51.45,4,5.58,35.0,3,4,Stable,NLP,Easy,0.338,0
LRN02648,Struggling Learner,13,10,33.02,3,4.88,21.67,1,1,Declining,NLP,Easy,0.139,0
LRN02649,Casual Learner,21,13,41.12,5,3.27,35.0,1,0,Improving,MLOps,Hard,0.312,0
LRN02650,Fast Learner,49,38,98.0,20,34.32,81.67,20,15,Improving,NLP,Medium,0.888,1
LRN02651,Consistent Learner,31,23,71.51,12,16.28,51.67,6,5,Improving,NLP,Medium,0.606,1
LRN02652,Struggling Learner,1,1,36.4,3,7.34,1.67,0,2,Declining,Generative AI,Medium,0.12,0
LRN02653,Consistent Learner,33,28,74.59,19,14.89,55.0,6,11,Stable,MLOps,Medium,0.561,1
LRN02654,Fast Learner,40,20,98.0,27,33.55,66.67,14,14,Stable,Generative AI,Easy,0.781,1
LRN02655,Casual Learner,21,17,59.91,2,9.85,35.0,4,4,Declining,Machine Learning,Medium,0.308,0
LRN02656,Fast Learner,42,34,98.0,22,19.35,70.0,18,7,Stable,NLP,Easy,0.749,1
LRN02657,Struggling Learner,6,5,35.46,0,6.22,10.0,1,3,Declining,SQL,Medium,0.123,0
LRN02658,Casual Learner,22,16,51.53,6,6.5,36.67,4,5,Stable,Generative AI,Medium,0.353,0
LRN02659,Fast Learner,42,24,98.0,30,20.54,70.0,15,13,Declining,MLOps,Easy,0.687,1
LRN02660,Consistent Learner,27,18,84.71,21,13.99,45.0,15,8,Improving,SQL,Hard,0.641,1
LRN02661,Casual Learner,19,12,44.64,0,7.5,31.67,0,2,Stable,Generative AI,Medium,0.289,0
LRN02662,Fast Learner,49,31,98.0,19,21.75,81.67,10,13,Improving,Python,Medium,0.833,1
LRN02663,Consistent Learner,44,27,90.64,14,20.9,73.33,10,8,Improving,MLOps,Medium,0.767,1
LRN02664,Struggling Learner,14,7,37.43,3,7.25,23.33,0,2,Declining,Generative AI,Hard,0.117,0
LRN02665,Casual Learner,18,12,54.28,4,8.74,30.0,3,5,Declining,Machine Learning,Medium,0.272,0
LRN02666,Struggling Learner,8,6,33.28,2,4.6,13.33,3,3,Declining,Generative AI,Hard,0.075,0
LRN02667,Fast Learner,52,45,98.0,26,28.24,86.67,16,12,Improving,NLP,Hard,0.848,1
LRN02668,Casual Learner,15,13,58.28,9,8.24,25.0,5,2,Improving,NLP,Easy,0.456,0
LRN02669,Consistent Learner,21,15,63.21,11,11.28,35.0,8,6,Improving,MLOps,Hard,0.471,0
LRN02670,Struggling Learner,12,8,30.96,1,2.01,20.0,1,2,Stable,Generative AI,Medium,0.191,0
LRN02671,Consistent Learner,20,13,98.0,21,24.2,33.33,8,6,Improving,NLP,Medium,0.744,1
LRN02672,Casual Learner,20,17,46.0,7,4.49,33.33,0,2,Stable,Generative AI,Medium,0.307,0
LRN02673,Casual Learner,14,8,52.37,7,6.18,23.33,2,4,Declining,Python,Hard,0.197,0
LRN02674,Casual Learner,25,13,52.57,9,6.48,41.67,5,5,Stable,Machine Learning,Hard,0.328,0
LRN02675,Casual Learner,10,8,51.34,2,9.21,16.67,5,5,Declining,NLP,Hard,0.183,0
LRN02676,Casual Learner,21,13,48.95,1,4.48,35.0,3,5,Stable,MLOps,Easy,0.315,0
LRN02677,Struggling Learner,15,7,30.05,2,3.07,25.0,2,1,Declining,MLOps,Easy,0.126,0
LRN02678,Casual Learner,13,10,45.77,0,7.17,21.67,4,5,Declining,SQL,Hard,0.153,0
LRN02679,Struggling Learner,5,4,32.85,0,6.06,8.33,1,2,Declining,SQL,Medium,0.107,0
LRN02680,Consistent Learner,29,15,88.06,10,19.66,48.33,14,7,Improving,Generative AI,Hard,0.65,1
LRN02681,Casual Learner,10,7,55.35,9,6.18,16.67,2,4,Improving,NLP,Medium,0.412,0
LRN02682,Fast Learner,55,36,98.0,19,22.02,91.67,13,9,Stable,Python,Hard,0.731,1
LRN02683,Consistent Learner,29,22,88.1,17,21.12,48.33,9,11,Improving,Generative AI,Medium,0.711,1
LRN02684,Casual Learner,19,13,47.98,6,6.85,31.67,0,1,Improving,Python,Easy,0.398,0
LRN02685,Casual Learner,11,6,52.28,3,7.52,18.33,0,0,Stable,SQL,Medium,0.305,0
LRN02686,Fast Learner,52,40,98.0,17,28.96,86.67,17,11,Improving,SQL,Easy,0.879,1
LRN02687,Casual Learner,23,13,39.8,2,3.32,38.33,0,5,Declining,MLOps,Hard,0.142,0
LRN02688,Consistent Learner,24,16,92.07,23,13.5,40.0,15,9,Declining,MLOps,Hard,0.508,1
LRN02689,Struggling Learner,2,1,35.4,5,1.08,3.33,1,0,Declining,NLP,Easy,0.105,0
LRN02690,Struggling Learner,3,2,35.57,1,2.67,5.0,1,0,Stable,Machine Learning,Medium,0.184,0
LRN02691,Struggling Learner,2,1,38.35,4,2.79,3.33,3,3,Declining,Machine Learning,Medium,0.127,0
LRN02692,Casual Learner,25,20,45.19,3,7.13,41.67,0,3,Stable,SQL,Medium,0.318,0
LRN02693,Consistent Learner,22,19,74.6,11,11.39,36.67,10,10,Declining,Generative AI,Medium,0.421,1
LRN02694,Consistent Learner,33,21,83.75,24,15.98,55.0,5,3,Improving,Generative AI,Hard,0.647,1
LRN02695,Consistent Learner,39,30,69.52,14,13.68,65.0,8,6,Improving,MLOps,Medium,0.626,1
LRN02696,Fast Learner,35,18,98.0,17,27.86,58.33,12,15,Improving,SQL,Easy,0.806,1
LRN02697,Casual Learner,17,10,55.12,8,6.04,28.33,3,2,Stable,Generative AI,Easy,0.354,0
LRN02698,Fast Learner,49,28,98.0,15,23.7,81.67,17,12,Stable,Generative AI,Hard,0.716,1
LRN02699,Consistent Learner,30,17,95.2,21,21.14,50.0,10,4,Stable,NLP,Medium,0.68,1
LRN02700,Struggling Learner,5,3,42.26,1,6.45,8.33,3,3,Declining,NLP,Easy,0.158,0
LRN02701,Casual Learner,11,5,49.41,3,4.31,18.33,4,0,Stable,NLP,Medium,0.291,0
LRN02702,Consistent Learner,45,24,82.66,23,14.1,75.0,12,7,Stable,SQL,Easy,0.66,1
LRN02703,Consistent Learner,31,15,97.63,24,23.35,51.67,12,9,Improving,Python,Medium,0.795,1
LRN02704,Casual Learner,13,9,59.06,5,10.19,21.67,3,1,Declining,MLOps,Medium,0.284,0
LRN02705,Consistent Learner,32,27,81.54,19,11.77,53.33,11,3,Improving,Generative AI,Medium,0.671,1
LRN02706,Casual Learner,15,13,58.01,10,6.08,25.0,2,3,Improving,NLP,Medium,0.443,0
LRN02707,Consistent Learner,28,15,92.88,17,23.87,46.67,12,10,Improving,Machine Learning,Hard,0.696,1
LRN02708,Casual Learner,15,11,53.77,5,5.53,25.0,4,2,Improving,SQL,Hard,0.364,0
LRN02709,Fast Learner,48,38,98.0,19,28.94,80.0,10,12,Declining,NLP,Medium,0.693,1
LRN02710,Consistent Learner,24,19,89.25,24,20.36,40.0,8,9,Improving,Python,Hard,0.663,1
LRN02711,Casual Learner,19,9,50.05,9,3.19,31.67,1,2,Stable,NLP,Medium,0.326,0
LRN02712,Fast Learner,38,32,98.0,28,19.18,63.33,20,9,Stable,SQL,Easy,0.756,1
LRN02713,Consistent Learner,28,14,84.25,25,12.83,46.67,12,3,Stable,Generative AI,Medium,0.612,1
LRN02714,Consistent Learner,42,25,78.52,15,11.86,70.0,14,8,Improving,Generative AI,Medium,0.688,1
LRN02715,Fast Learner,58,48,98.0,30,30.78,96.67,19,10,Improving,Generative AI,Easy,0.942,1
LRN02716,Consistent Learner,43,25,91.16,12,23.33,71.67,15,10,Improving,Machine Learning,Medium,0.781,1
LRN02717,Fast Learner,45,32,98.0,28,29.46,75.0,19,8,Improving,MLOps,Medium,0.891,1
LRN02718,Fast Learner,56,28,98.0,16,32.49,93.33,9,12,Stable,SQL,Medium,0.793,1
LRN02719,Casual Learner,15,8,54.42,1,7.04,25.0,5,5,Declining,Generative AI,Medium,0.254,0
LRN02720,Casual Learner,14,10,53.48,10,4.56,23.33,1,2,Declining,Generative AI,Easy,0.252,0
LRN02721,Fast Learner,52,36,98.0,26,31.76,86.67,14,15,Improving,SQL,Easy,0.899,1
LRN02722,Struggling Learner,12,9,32.89,3,2.92,20.0,3,0,Declining,MLOps,Medium,0.133,0
LRN02723,Consistent Learner,34,23,92.16,18,24.4,56.67,6,3,Improving,NLP,Easy,0.752,1
LRN02724,Consistent Learner,28,23,71.0,12,15.73,46.67,6,12,Stable,NLP,Medium,0.512,0
LRN02725,Casual Learner,14,11,59.49,7,10.86,23.33,1,5,Declining,MLOps,Medium,0.292,0
LRN02726,Fast Learner,50,38,98.0,30,35.0,83.33,12,13,Improving,Python,Easy,0.898,1
LRN02727,Struggling Learner,4,2,35.19,1,3.38,6.67,2,0,Declining,Generative AI,Hard,0.061,0
LRN02728,Fast Learner,40,30,98.0,16,24.91,66.67,17,11,Improving,Generative AI,Medium,0.823,1
LRN02729,Casual Learner,22,15,63.7,9,11.93,36.67,5,2,Stable,MLOps,Medium,0.436,1
LRN02730,Casual Learner,5,3,60.91,3,10.46,8.33,5,5,Declining,Python,Medium,0.266,0
LRN02731,Consistent Learner,44,25,75.03,23,10.91,73.33,11,12,Stable,MLOps,Easy,0.609,1
LRN02732,Struggling Learner,7,4,30.0,2,2.91,11.67,1,3,Declining,NLP,Hard,0.046,0
LRN02733,Consistent Learner,21,17,96.83,19,22.79,35.0,15,7,Improving,NLP,Medium,0.75,1
LRN02734,Consistent Learner,44,29,88.02,15,18.97,73.33,13,4,Improving,Generative AI,Medium,0.758,1
LRN02735,Casual Learner,11,6,50.9,2,5.77,18.33,1,0,Stable,SQL,Easy,0.293,0
LRN02736,Casual Learner,13,7,51.98,5,6.11,21.67,3,1,Declining,Python,Hard,0.188,0
LRN02737,Casual Learner,13,7,50.34,0,9.98,21.67,5,3,Stable,SQL,Medium,0.316,0
LRN02738,Consistent Learner,35,20,81.08,14,15.52,58.33,10,11,Improving,Python,Easy,0.676,1
LRN02739,Casual Learner,11,6,53.22,6,6.59,18.33,4,1,Improving,Machine Learning,Easy,0.404,0
LRN02740,Consistent Learner,32,27,81.31,17,12.39,53.33,12,5,Stable,NLP,Medium,0.589,0
LRN02741,Casual Learner,11,7,46.85,3,3.92,18.33,1,5,Stable,Python,Easy,0.271,0
LRN02742,Consistent Learner,40,20,67.65,11,13.11,66.67,8,10,Improving,SQL,Medium,0.611,1
LRN02743,Consistent Learner,45,33,89.66,18,17.72,75.0,10,9,Improving,MLOps,Medium,0.766,1
LRN02744,Struggling Learner,8,6,35.65,3,4.25,13.33,0,2,Stable,NLP,Medium,0.209,0
LRN02745,Fast Learner,55,34,98.0,24,28.67,91.67,13,10,Improving,Python,Medium,0.896,1
LRN02746,Consistent Learner,27,13,79.39,15,16.95,45.0,11,7,Improving,NLP,Easy,0.651,1
LRN02747,Struggling Learner,13,10,30.81,2,4.66,21.67,1,2,Declining,SQL,Medium,0.125,0
LRN02748,Consistent Learner,34,28,98.0,24,19.2,56.67,15,11,Improving,Machine Learning,Easy,0.8,1
LRN02749,Casual Learner,16,13,63.22,10,9.82,26.67,3,2,Stable,MLOps,Easy,0.405,0
LRN02750,Consistent Learner,33,21,98.0,22,23.15,55.0,15,3,Declining,NLP,Medium,0.644,1
LRN02751,Consistent Learner,38,27,87.17,23,18.66,63.33,8,5,Improving,MLOps,Easy,0.742,1
LRN02752,Fast Learner,39,21,98.0,27,32.56,65.0,10,7,Stable,SQL,Hard,0.718,1
LRN02753,Consistent Learner,41,24,96.75,17,24.79,68.33,14,12,Improving,Python,Easy,0.815,1
LRN02754,Consistent Learner,43,24,82.83,21,14.29,71.67,11,8,Improving,SQL,Easy,0.727,1
LRN02755,Struggling Learner,0,1,38.91,5,5.64,0.0,3,1,Declining,SQL,Medium,0.135,0
LRN02756,Casual Learner,11,6,55.9,2,9.48,18.33,1,5,Stable,Generative AI,Easy,0.328,0
LRN02757,Consistent Learner,32,16,68.22,13,10.08,53.33,14,4,Improving,NLP,Medium,0.597,1
LRN02758,Fast Learner,49,30,98.0,19,21.53,81.67,14,9,Stable,Generative AI,Hard,0.712,1
LRN02759,Fast Learner,50,26,98.0,26,26.74,83.33,18,9,Stable,Generative AI,Medium,0.811,1
LRN02760,Consistent Learner,33,17,84.74,21,14.39,55.0,15,11,Stable,SQL,Medium,0.633,1
LRN02761,Struggling Learner,9,6,35.16,3,2.78,15.0,1,1,Declining,MLOps,Medium,0.128,0
LRN02762,Casual Learner,9,5,52.83,9,7.51,15.0,0,5,Declining,Python,Medium,0.237,0
LRN02763,Casual Learner,14,9,57.63,7,9.66,23.33,0,4,Stable,NLP,Easy,0.357,0
LRN02764,Consistent Learner,39,27,95.99,20,22.29,65.0,14,6,Stable,Python,Easy,0.725,1
LRN02765,Struggling Learner,12,10,31.53,4,2.96,20.0,1,2,Declining,Machine Learning,Easy,0.125,0
LRN02766,Consistent Learner,23,15,81.33,13,12.8,38.33,15,8,Improving,Python,Easy,0.637,1
LRN02767,Consistent Learner,29,14,82.54,19,16.29,48.33,11,9,Stable,SQL,Medium,0.601,1
LRN02768,Consistent Learner,33,22,87.29,13,21.02,55.0,15,4,Improving,Machine Learning,Easy,0.725,1
LRN02769,Casual Learner,17,13,58.64,5,9.29,28.33,4,3,Declining,MLOps,Medium,0.295,0
LRN02770,Fast Learner,44,28,98.0,22,20.08,73.33,11,8,Improving,MLOps,Medium,0.821,1
LRN02771,Casual Learner,21,15,46.59,0,5.82,35.0,0,1,Stable,Generative AI,Easy,0.299,0
LRN02772,Struggling Learner,2,1,32.26,2,2.29,3.33,2,3,Declining,Generative AI,Easy,0.09,0
LRN02773,Casual Learner,7,3,62.5,9,8.38,11.67,4,4,Stable,MLOps,Medium,0.367,0
LRN02774,Consistent Learner,38,27,74.15,17,11.42,63.33,14,9,Improving,MLOps,Medium,0.659,1
LRN02775,Consistent Learner,40,31,83.31,14,14.67,66.67,14,6,Stable,Generative AI,Hard,0.579,1
LRN02776,Casual Learner,16,8,48.76,1,3.16,26.67,4,3,Improving,SQL,Easy,0.376,0
LRN02777,Casual Learner,10,5,51.6,0,11.66,16.67,4,2,Declining,SQL,Medium,0.234,0
LRN02778,Struggling Learner,15,8,36.2,4,4.47,25.0,2,3,Declining,NLP,Medium,0.163,0
LRN02779,Struggling Learner,5,3,45.07,5,7.34,8.33,1,0,Declining,Generative AI,Hard,0.13,0
LRN02780,Fast Learner,45,24,98.0,17,26.34,75.0,10,6,Stable,Python,Medium,0.749,1
LRN02781,Casual Learner,9,6,61.14,10,10.77,15.0,1,5,Improving,Python,Easy,0.45,0
LRN02782,Struggling Learner,15,12,30.61,1,5.07,25.0,0,3,Declining,MLOps,Medium,0.127,0
LRN02783,Casual Learner,21,16,51.1,1,9.31,35.0,0,4,Stable,NLP,Hard,0.284,0
LRN02784,Consistent Learner,20,16,76.16,12,15.16,33.33,6,5,Stable,Python,Medium,0.507,0
LRN02785,Consistent Learner,23,18,90.35,10,24.12,38.33,9,7,Stable,Generative AI,Medium,0.613,1
LRN02786,Consistent Learner,23,16,75.11,17,13.85,38.33,9,9,Improving,Machine Learning,Easy,0.609,1
LRN02787,Casual Learner,15,12,59.01,8,10.46,25.0,0,3,Stable,Machine Learning,Medium,0.372,0
LRN02788,Consistent Learner,39,27,90.16,21,19.57,65.0,14,3,Declining,Python,Medium,0.612,1
LRN02789,Casual Learner,14,12,54.77,7,8.58,23.33,5,3,Declining,MLOps,Medium,0.273,0
LRN02790,Consistent Learner,44,25,76.94,12,15.86,73.33,14,8,Stable,Machine Learning,Medium,0.613,1
LRN02791,Casual Learner,8,5,53.72,4,7.22,13.33,5,5,Stable,Python,Easy,0.316,0
LRN02792,Casual Learner,9,4,54.92,7,8.48,15.0,3,0,Improving,MLOps,Medium,0.412,0
LRN02793,Casual Learner,14,11,51.9,2,8.37,23.33,2,3,Stable,MLOps,Medium,0.318,0
LRN02794,Fast Learner,46,38,98.0,30,24.43,76.67,19,12,Improving,Machine Learning,Hard,0.833,1
LRN02795,Fast Learner,37,22,98.0,19,30.19,61.67,13,7,Improving,Machine Learning,Hard,0.778,1
LRN02796,Fast Learner,51,43,98.0,24,23.46,85.0,17,11,Improving,Python,Medium,0.876,1
LRN02797,Casual Learner,12,6,43.38,1,5.97,20.0,1,5,Declining,Python,Medium,0.18,0
LRN02798,Casual Learner,14,11,53.87,3,8.97,23.33,1,1,Improving,Python,Hard,0.359,0
LRN02799,Casual Learner,13,10,56.17,3,11.0,21.67,5,0,Stable,Python,Easy,0.353,0
LRN02800,Struggling Learner,15,12,34.19,2,4.58,25.0,1,3,Declining,SQL,Medium,0.147,0
LRN02801,Casual Learner,8,4,57.6,6,11.35,13.33,4,1,Stable,Generative AI,Hard,0.3,0
LRN02802,Consistent Learner,36,23,68.57,10,11.64,60.0,5,12,Improving,NLP,Medium,0.587,1
LRN02803,Casual Learner,18,12,59.76,10,10.3,30.0,2,2,Improving,Machine Learning,Hard,0.425,0
LRN02804,Casual Learner,14,11,58.5,8,7.52,23.33,1,1,Declining,SQL,Medium,0.279,0
LRN02805,Fast Learner,55,47,98.0,25,23.47,91.67,9,6,Improving,SQL,Medium,0.872,1
LRN02806,Struggling Learner,8,4,36.6,1,3.35,13.33,1,3,Declining,NLP,Medium,0.128,0
LRN02807,Casual Learner,22,13,52.3,8,4.16,36.67,3,2,Stable,Python,Medium,0.351,0
LRN02808,Casual Learner,15,12,51.76,10,4.87,25.0,1,5,Stable,Python,Medium,0.328,0
LRN02809,Fast Learner,39,30,98.0,16,19.62,65.0,15,9,Improving,Machine Learning,Easy,0.797,1
LRN02810,Fast Learner,60,33,98.0,23,24.59,100.0,12,10,Improving,Machine Learning,Medium,0.894,1
LRN02811,Consistent Learner,26,20,78.83,25,13.2,43.33,6,4,Improving,SQL,Hard,0.597,1
LRN02812,Struggling Learner,5,2,41.43,4,5.36,8.33,3,0,Declining,MLOps,Medium,0.159,0
LRN02813,Casual Learner,20,16,57.49,8,6.28,33.33,5,2,Stable,MLOps,Medium,0.38,0
LRN02814,Casual Learner,20,10,51.64,0,7.61,33.33,5,1,Improving,Generative AI,Easy,0.417,0
LRN02815,Struggling Learner,7,6,33.21,3,4.6,11.67,2,0,Stable,SQL,Easy,0.201,0
LRN02816,Consistent Learner,37,25,76.48,24,10.61,61.67,5,7,Declining,MLOps,Hard,0.449,1
LRN02817,Struggling Learner,6,4,43.0,4,6.58,10.0,3,2,Declining,Python,Medium,0.174,0
LRN02818,Consistent Learner,44,28,72.62,10,15.3,73.33,5,10,Improving,Generative AI,Hard,0.594,0
LRN02819,Struggling Learner,4,2,34.17,1,1.85,6.67,3,1,Declining,SQL,Medium,0.103,0
LRN02820,Consistent Learner,26,19,75.53,10,12.96,43.33,9,8,Improving,SQL,Medium,0.599,0
LRN02821,Consistent Learner,41,26,85.97,11,24.5,68.33,9,11,Improving,Machine Learning,Medium,0.737,1
LRN02822,Struggling Learner,8,7,37.35,4,5.05,13.33,0,0,Declining,NLP,Medium,0.142,0
LRN02823,Consistent Learner,23,16,71.34,22,10.44,38.33,8,10,Stable,Python,Medium,0.511,1
LRN02824,Struggling Learner,12,9,34.62,4,2.77,20.0,0,0,Declining,Machine Learning,Medium,0.136,0
LRN02825,Casual Learner,16,11,51.33,4,8.15,26.67,1,0,Declining,Python,Easy,0.245,0
LRN02826,Fast Learner,57,37,98.0,30,24.7,95.0,10,12,Improving,NLP,Medium,0.898,1
LRN02827,Casual Learner,18,10,44.63,4,3.65,30.0,0,3,Stable,SQL,Medium,0.284,0
LRN02828,Fast Learner,52,42,98.0,24,29.09,86.67,10,11,Improving,Generative AI,Medium,0.88,1
LRN02829,Consistent Learner,32,16,62.33,10,11.72,53.33,5,4,Improving,Machine Learning,Medium,0.545,0
LRN02830,Consistent Learner,43,24,75.42,18,12.98,71.67,12,12,Declining,Generative AI,Easy,0.524,0
LRN02831,Casual Learner,17,13,42.6,6,3.88,28.33,2,3,Declining,MLOps,Medium,0.202,0
LRN02832,Consistent Learner,35,26,73.67,10,13.36,58.33,11,10,Improving,SQL,Medium,0.627,1
LRN02833,Fast Learner,56,45,98.0,16,24.7,93.33,20,7,Improving,SQL,Medium,0.883,1
LRN02834,Consistent Learner,32,27,89.48,24,18.51,53.33,7,7,Improving,MLOps,Hard,0.683,1
LRN02835,Consistent Learner,41,28,75.27,16,16.66,68.33,7,10,Improving,Machine Learning,Medium,0.671,1
LRN02836,Struggling Learner,15,12,33.02,1,2.44,25.0,3,0,Declining,NLP,Medium,0.137,0
LRN02837,Struggling Learner,13,7,34.69,0,6.28,21.67,2,3,Stable,NLP,Hard,0.175,0
LRN02838,Casual Learner,14,8,55.76,3,10.46,23.33,3,2,Improving,SQL,Easy,0.428,0
LRN02839,Consistent Learner,33,27,98.0,21,23.28,55.0,14,9,Stable,Generative AI,Medium,0.72,1
LRN02840,Consistent Learner,28,17,97.05,18,22.29,46.67,12,4,Stable,SQL,Easy,0.682,1
LRN02841,Consistent Learner,30,24,81.29,14,19.72,50.0,9,3,Improving,Generative AI,Medium,0.671,1
LRN02842,Consistent Learner,43,32,85.98,22,17.86,71.67,10,6,Stable,SQL,Medium,0.673,1
LRN02843,Consistent Learner,21,13,98.0,25,21.59,35.0,13,3,Improving,Generative AI,Medium,0.762,1
LRN02844,Fast Learner,58,37,98.0,22,28.32,96.67,14,14,Improving,MLOps,Hard,0.852,1
LRN02845,Fast Learner,42,22,98.0,16,25.8,70.0,20,9,Stable,SQL,Easy,0.76,1
LRN02846,Consistent Learner,20,12,69.47,11,14.71,33.33,7,9,Improving,MLOps,Medium,0.555,0
LRN02847,Struggling Learner,12,9,43.08,5,4.27,20.0,3,2,Declining,NLP,Hard,0.139,0
LRN02848,Consistent Learner,24,16,91.84,16,23.55,40.0,14,12,Improving,Python,Medium,0.729,1
LRN02849,Consistent Learner,22,16,64.66,12,10.8,36.67,5,5,Improving,Generative AI,Easy,0.525,1
LRN02850,Consistent Learner,32,22,85.07,18,14.49,53.33,14,10,Improving,SQL,Hard,0.651,1
LRN02851,Fast Learner,37,31,98.0,21,22.48,61.67,13,12,Stable,NLP,Medium,0.728,1
LRN02852,Consistent Learner,45,25,92.08,15,23.67,75.0,11,3,Stable,Generative AI,Medium,0.711,1
LRN02853,Consistent Learner,35,20,72.45,13,11.28,58.33,7,12,Improving,Python,Hard,0.562,1
LRN02854,Fast Learner,50,36,98.0,26,25.85,83.33,17,15,Declining,Python,Medium,0.726,1
LRN02855,Struggling Learner,7,4,39.57,4,4.49,11.67,3,0,Declining,Python,Medium,0.155,0
LRN02856,Fast Learner,60,49,98.0,26,30.82,100.0,9,5,Improving,NLP,Medium,0.913,1
LRN02857,Casual Learner,14,11,49.54,4,6.97,23.33,4,1,Stable,Machine Learning,Medium,0.313,0
LRN02858,Struggling Learner,9,6,35.34,0,5.83,15.0,2,2,Declining,Generative AI,Easy,0.133,0
LRN02859,Consistent Learner,36,28,77.04,22,13.67,60.0,9,6,Improving,Generative AI,Medium,0.673,1
LRN02860,Casual Learner,13,9,60.53,0,11.94,21.67,4,4,Declining,Generative AI,Easy,0.286,0
LRN02861,Fast Learner,55,46,98.0,26,18.57,91.67,14,5,Improving,Generative AI,Medium,0.871,1
LRN02862,Casual Learner,10,7,51.27,10,4.86,16.67,0,1,Stable,NLP,Easy,0.307,0
LRN02863,Casual Learner,10,6,53.52,5,11.19,16.67,3,2,Improving,NLP,Medium,0.412,0
LRN02864,Casual Learner,13,8,55.51,0,10.25,21.67,1,5,Improving,SQL,Hard,0.36,0
LRN02865,Consistent Learner,22,13,80.07,20,18.38,36.67,5,3,Improving,Generative AI,Easy,0.641,1
LRN02866,Struggling Learner,12,8,33.34,1,7.53,20.0,0,2,Declining,Generative AI,Easy,0.138,0
LRN02867,Struggling Learner,11,9,32.51,2,3.08,18.33,3,1,Declining,NLP,Medium,0.126,0
LRN02868,Casual Learner,21,13,57.4,2,11.47,35.0,2,5,Improving,Python,Medium,0.457,0
LRN02869,Fast Learner,39,33,98.0,21,32.61,65.0,20,13,Improving,SQL,Medium,0.857,1
LRN02870,Fast Learner,45,30,98.0,26,21.14,75.0,13,15,Improving,Generative AI,Medium,0.843,1
LRN02871,Struggling Learner,1,1,35.78,4,2.71,1.67,0,3,Declining,Machine Learning,Easy,0.104,0
LRN02872,Consistent Learner,41,29,84.93,10,21.99,68.33,9,11,Improving,MLOps,Hard,0.671,1
LRN02873,Consistent Learner,24,12,94.0,19,19.82,40.0,11,7,Improving,NLP,Medium,0.727,1
LRN02874,Casual Learner,24,16,48.9,3,9.28,40.0,2,2,Improving,MLOps,Easy,0.424,0
LRN02875,Consistent Learner,30,26,87.17,24,14.5,50.0,15,10,Improving,SQL,Medium,0.722,1
LRN02876,Fast Learner,41,33,98.0,19,26.74,68.33,12,14,Improving,Generative AI,Easy,0.827,1
LRN02877,Casual Learner,15,12,61.24,9,11.03,25.0,2,4,Declining,NLP,Hard,0.261,0
LRN02878,Casual Learner,8,5,50.77,2,6.93,13.33,1,5,Stable,NLP,Easy,0.286,0
LRN02879,Casual Learner,15,10,57.21,2,11.11,25.0,3,3,Declining,NLP,Medium,0.277,0
LRN02880,Struggling Learner,4,2,41.41,5,4.44,6.67,3,3,Declining,Machine Learning,Hard,0.105,0
LRN02881,Consistent Learner,23,14,73.12,11,17.45,38.33,5,8,Improving,Machine Learning,Medium,0.586,1
LRN02882,Consistent Learner,31,27,92.74,15,23.85,51.67,6,9,Improving,SQL,Medium,0.735,1
LRN02883,Casual Learner,18,11,43.78,0,6.73,30.0,4,4,Declining,MLOps,Medium,0.209,0
LRN02884,Consistent Learner,42,22,73.45,16,10.76,70.0,6,10,Improving,Generative AI,Medium,0.644,1
LRN02885,Casual Learner,23,16,52.84,3,7.11,38.33,1,3,Declining,Generative AI,Medium,0.269,0
LRN02886,Fast Learner,56,28,98.0,26,25.14,93.33,18,15,Improving,Generative AI,Easy,0.906,1
LRN02887,Fast Learner,41,21,98.0,20,20.94,68.33,14,9,Improving,MLOps,Medium,0.816,1
LRN02888,Struggling Learner,13,11,33.91,4,2.7,21.67,0,1,Declining,Generative AI,Medium,0.136,0
LRN02889,Fast Learner,55,41,98.0,17,34.9,91.67,16,13,Improving,NLP,Medium,0.89,1
LRN02890,Consistent Learner,34,27,81.86,17,16.48,56.67,9,5,Improving,MLOps,Easy,0.684,1
LRN02891,Casual Learner,17,13,51.9,7,6.91,28.33,2,1,Improving,Python,Easy,0.417,0
LRN02892,Fast Learner,56,37,98.0,30,31.0,93.33,17,11,Stable,Machine Learning,Medium,0.85,1
LRN02893,Consistent Learner,34,24,89.97,19,22.37,56.67,9,12,Improving,MLOps,Easy,0.746,1
LRN02894,Consistent Learner,39,32,76.39,20,13.26,65.0,8,4,Improving,Machine Learning,Medium,0.671,1
LRN02895,Consistent Learner,24,19,81.48,10,19.4,40.0,13,12,Declining,NLP,Medium,0.49,1
LRN02896,Casual Learner,7,4,54.13,1,11.63,11.67,5,4,Declining,SQL,Easy,0.241,0
LRN02897,Casual Learner,25,13,53.77,6,4.23,41.67,4,3,Improving,SQL,Easy,0.445,1
LRN02898,Casual Learner,6,3,64.38,10,11.83,10.0,5,0,Declining,MLOps,Hard,0.258,0
LRN02899,Consistent Learner,36,26,80.77,18,13.67,60.0,10,8,Stable,Machine Learning,Medium,0.602,1
LRN02900,Consistent Learner,41,26,98.0,21,23.74,68.33,12,11,Improving,Machine Learning,Medium,0.823,1
LRN02901,Fast Learner,47,28,98.0,30,28.83,78.33,18,11,Improving,SQL,Hard,0.849,1
LRN02902,Fast Learner,36,23,98.0,18,24.25,60.0,12,11,Stable,SQL,Easy,0.72,1
LRN02903,Fast Learner,56,44,98.0,29,26.67,93.33,12,12,Improving,SQL,Medium,0.904,1
LRN02904,Fast Learner,51,33,98.0,15,23.91,85.0,20,10,Improving,Machine Learning,Hard,0.811,1
LRN02905,Fast Learner,37,29,98.0,21,28.64,61.67,10,7,Stable,NLP,Medium,0.741,1
LRN02906,Fast Learner,50,27,98.0,16,29.42,83.33,20,9,Improving,NLP,Easy,0.878,1
LRN02907,Casual Learner,24,15,54.47,7,11.73,40.0,0,0,Improving,Machine Learning,Medium,0.463,1
LRN02908,Casual Learner,14,10,52.27,6,8.22,23.33,2,4,Improving,Python,Medium,0.41,0
LRN02909,Casual Learner,8,6,56.56,4,11.62,13.33,1,2,Improving,Machine Learning,Hard,0.363,0
LRN02910,Consistent Learner,43,22,88.15,21,23.45,71.67,6,6,Improving,SQL,Hard,0.719,1
LRN02911,Fast Learner,52,43,98.0,24,27.99,86.67,13,8,Declining,SQL,Hard,0.674,1
LRN02912,Consistent Learner,22,18,87.81,24,19.14,36.67,9,6,Improving,Machine Learning,Medium,0.699,1
LRN02913,Consistent Learner,32,22,78.53,23,11.3,53.33,10,8,Improving,NLP,Medium,0.664,1
LRN02914,Consistent Learner,24,19,90.06,17,23.41,40.0,11,10,Stable,Python,Easy,0.636,1
LRN02915,Consistent Learner,43,22,98.0,23,22.68,71.67,13,10,Improving,Python,Medium,0.834,1
LRN02916,Fast Learner,51,29,98.0,27,19.55,85.0,15,14,Improving,SQL,Medium,0.866,1
LRN02917,Casual Learner,12,7,46.35,5,3.15,20.0,2,4,Stable,Python,Hard,0.227,0
LRN02918,Consistent Learner,21,17,94.63,19,23.45,35.0,8,5,Improving,SQL,Easy,0.725,1
LRN02919,Consistent Learner,43,34,92.12,20,17.92,71.67,15,8,Improving,Python,Medium,0.788,1
LRN02920,Casual Learner,7,3,48.82,4,5.91,11.67,4,4,Improving,SQL,Easy,0.363,0
LRN02921,Consistent Learner,27,13,80.47,23,13.36,45.0,8,6,Stable,MLOps,Medium,0.578,1
LRN02922,Struggling Learner,0,1,42.47,4,5.04,0.0,2,0,Stable,NLP,Easy,0.224,0
LRN02923,Fast Learner,49,26,98.0,23,18.18,81.67,15,5,Stable,Generative AI,Easy,0.764,1
LRN02924,Casual Learner,12,8,62.24,10,10.76,20.0,4,5,Declining,Generative AI,Medium,0.313,0
LRN02925,Consistent Learner,39,20,82.32,11,16.67,65.0,10,12,Improving,MLOps,Medium,0.69,1
LRN02926,Casual Learner,7,4,65.8,10,11.83,11.67,2,5,Improving,NLP,Medium,0.471,0
LRN02927,Consistent Learner,40,30,69.64,16,11.1,66.67,11,7,Improving,Machine Learning,Medium,0.634,0
LRN02928,Consistent Learner,42,37,90.57,19,22.02,70.0,10,5,Improving,Machine Learning,Medium,0.777,1
LRN02929,Struggling Learner,12,6,32.51,0,7.06,20.0,2,3,Declining,MLOps,Medium,0.135,0
LRN02930,Struggling Learner,5,2,31.61,4,4.15,8.33,1,3,Declining,MLOps,Medium,0.106,0
LRN02931,Casual Learner,7,5,44.8,6,4.09,11.67,4,0,Stable,SQL,Medium,0.265,0
LRN02932,Casual Learner,23,12,50.13,9,5.51,38.33,0,4,Improving,SQL,Hard,0.375,0
LRN02933,Consistent Learner,25,17,95.4,21,17.91,41.67,15,11,Stable,Python,Easy,0.666,1
LRN02934,Consistent Learner,42,30,74.55,14,15.79,70.0,6,4,Improving,MLOps,Medium,0.66,1
LRN02935,Consistent Learner,35,22,91.7,20,16.74,58.33,14,8,Improving,Generative AI,Hard,0.703,1
LRN02936,Consistent Learner,23,19,98.0,21,24.56,38.33,11,6,Improving,MLOps,Medium,0.763,1
LRN02937,Casual Learner,24,15,41.1,0,4.57,40.0,0,3,Declining,MLOps,Medium,0.2,0
LRN02938,Fast Learner,52,36,98.0,19,20.05,86.67,19,6,Improving,Machine Learning,Medium,0.859,1
LRN02939,Consistent Learner,39,24,98.0,20,23.93,65.0,15,11,Improving,Generative AI,Medium,0.822,1
LRN02940,Fast Learner,46,26,98.0,16,20.46,76.67,9,14,Stable,NLP,Medium,0.728,1
LRN02941,Consistent Learner,35,30,75.47,12,11.68,58.33,14,9,Improving,SQL,Medium,0.642,1
LRN02942,Fast Learner,59,44,98.0,21,27.44,98.33,8,10,Improving,MLOps,Medium,0.885,1
LRN02943,Consistent Learner,30,15,91.85,15,22.65,50.0,11,5,Improving,Generative AI,Hard,0.686,1
LRN02944,Consistent Learner,23,19,76.98,15,12.79,38.33,11,12,Improving,Machine Learning,Easy,0.613,1
LRN02945,Struggling Learner,4,3,30.0,1,1.96,6.67,0,3,Stable,Python,Medium,0.158,0
LRN02946,Consistent Learner,43,26,98.0,24,22.17,71.67,10,3,Improving,NLP,Medium,0.827,1
LRN02947,Casual Learner,19,11,43.28,1,5.71,31.67,1,5,Stable,Machine Learning,Easy,0.282,0
LRN02948,Fast Learner,57,31,98.0,26,23.62,95.0,8,14,Improving,Generative AI,Easy,0.879,1
LRN02949,Casual Learner,17,10,53.36,5,8.32,28.33,3,5,Declining,Machine Learning,Easy,0.265,0
LRN02950,Consistent Learner,32,22,91.97,24,23.35,53.33,5,11,Improving,Machine Learning,Easy,0.755,1
LRN02951,Casual Learner,13,6,41.89,1,5.39,21.67,0,5,Declining,MLOps,Medium,0.172,0
LRN02952,Fast Learner,43,23,98.0,19,32.31,71.67,9,5,Improving,Generative AI,Hard,0.788,1
LRN02953,Casual Learner,24,17,50.16,3,8.77,40.0,1,5,Declining,Machine Learning,Easy,0.265,0
LRN02954,Consistent Learner,40,20,67.23,12,11.16,66.67,10,10,Improving,NLP,Easy,0.61,0
LRN02955,Struggling Learner,13,7,37.73,5,3.0,21.67,1,3,Stable,Machine Learning,Easy,0.239,0
LRN02956,Fast Learner,40,32,98.0,22,34.35,66.67,13,9,Improving,SQL,Medium,0.846,1
LRN02957,Fast Learner,37,21,98.0,22,30.76,61.67,18,9,Stable,Generative AI,Hard,0.718,1
LRN02958,Consistent Learner,41,33,67.31,11,10.74,68.33,11,3,Improving,Python,Easy,0.612,1
LRN02959,Casual Learner,8,4,52.31,5,6.52,13.33,1,0,Improving,SQL,Easy,0.38,0
LRN02960,Consistent Learner,23,16,88.03,22,17.31,38.33,6,9,Improving,Machine Learning,Medium,0.684,1
LRN02961,Casual Learner,15,8,45.36,3,5.43,25.0,1,5,Declining,Python,Easy,0.203,0
LRN02962,Struggling Learner,2,1,35.28,3,3.3,3.33,2,0,Declining,MLOps,Medium,0.109,0
LRN02963,Fast Learner,45,25,98.0,24,21.02,75.0,17,7,Stable,MLOps,Medium,0.768,1
LRN02964,Fast Learner,53,32,98.0,23,33.48,88.33,16,6,Stable,SQL,Hard,0.769,1
LRN02965,Casual Learner,17,9,63.31,9,11.11,28.33,1,4,Stable,SQL,Easy,0.405,0
LRN02966,Fast Learner,57,31,98.0,29,18.52,95.0,12,5,Improving,Machine Learning,Medium,0.88,1
LRN02967,Struggling Learner,12,9,32.2,4,3.82,20.0,2,0,Stable,Generative AI,Easy,0.213,0
LRN02968,Consistent Learner,41,36,79.59,13,14.9,68.33,11,7,Improving,Machine Learning,Easy,0.687,1
LRN02969,Fast Learner,55,28,93.3,18,18.43,91.67,9,8,Improving,Python,Medium,0.815,1
LRN02970,Consistent Learner,25,17,96.0,17,23.31,41.67,9,5,Declining,MLOps,Easy,0.581,1
LRN02971,Struggling Learner,8,6,40.73,3,3.76,13.33,3,0,Stable,SQL,Medium,0.238,0
LRN02972,Struggling Learner,8,6,37.2,4,2.11,13.33,3,3,Declining,Python,Medium,0.139,0
LRN02973,Struggling Learner,6,4,44.14,5,5.56,10.0,3,3,Stable,Generative AI,Medium,0.258,0
LRN02974,Consistent Learner,24,13,82.31,24,11.13,40.0,15,8,Improving,Python,Easy,0.669,1
LRN02975,Fast Learner,60,49,98.0,17,24.3,100.0,8,15,Stable,NLP,Hard,0.737,1
LRN02976,Casual Learner,9,5,44.1,2,6.1,15.0,3,2,Declining,MLOps,Hard,0.132,0
LRN02977,Consistent Learner,25,18,88.51,23,17.28,41.67,8,12,Improving,MLOps,Easy,0.701,1
LRN02978,Casual Learner,21,18,57.85,6,8.19,35.0,5,1,Declining,NLP,Medium,0.306,0
LRN02979,Fast Learner,58,49,98.0,23,33.62,96.67,10,15,Stable,MLOps,Easy,0.821,1
LRN02980,Casual Learner,23,17,48.91,1,5.12,38.33,5,3,Stable,MLOps,Easy,0.329,0
LRN02981,Casual Learner,6,4,53.02,7,6.12,10.0,5,0,Declining,Generative AI,Hard,0.18,0
LRN02982,Casual Learner,23,15,53.47,6,8.48,38.33,1,2,Declining,NLP,Easy,0.284,0
LRN02983,Consistent Learner,20,16,88.04,21,22.18,33.33,6,12,Improving,Machine Learning,Easy,0.688,1
LRN02984,Struggling Learner,10,7,32.86,1,3.36,16.67,1,0,Stable,Python,Medium,0.198,0
LRN02985,Casual Learner,8,5,50.82,1,11.29,13.33,0,4,Improving,SQL,Hard,0.326,0
LRN02986,Consistent Learner,32,19,83.93,10,21.34,53.33,10,3,Improving,SQL,Easy,0.687,1
LRN02987,Consistent Learner,42,35,87.92,24,17.3,70.0,5,6,Improving,MLOps,Hard,0.7,1
LRN02988,Consistent Learner,34,26,76.44,17,10.95,56.67,10,7,Stable,Machine Learning,Hard,0.514,1
LRN02989,Fast Learner,40,23,98.0,25,25.5,66.67,17,11,Stable,SQL,Easy,0.769,1
LRN02990,Casual Learner,11,7,40.14,1,5.15,18.33,0,4,Improving,NLP,Medium,0.317,0
LRN02991,Struggling Learner,8,6,33.9,0,5.71,13.33,0,1,Declining,Python,Easy,0.118,0
LRN02992,Consistent Learner,31,16,75.92,11,20.73,51.67,5,5,Improving,Machine Learning,Easy,0.636,1
LRN02993,Fast Learner,51,38,98.0,28,22.45,85.0,9,11,Improving,MLOps,Easy,0.863,1
LRN02994,Consistent Learner,39,34,75.91,10,18.61,65.0,8,5,Improving,MLOps,Medium,0.66,1
LRN02995,Consistent Learner,29,15,67.07,11,11.95,48.33,11,8,Improving,NLP,Easy,0.575,0
LRN02996,Consistent Learner,26,22,77.3,20,11.83,43.33,10,8,Improving,Python,Medium,0.632,1
LRN02997,Struggling Learner,4,3,43.58,4,5.75,6.67,2,3,Declining,MLOps,Easy,0.164,0
LRN02998,Casual Learner,21,15,63.26,9,10.21,35.0,4,4,Declining,NLP,Medium,0.343,0
LRN02999,Consistent Learner,31,21,89.72,16,22.97,51.67,13,10,Stable,Generative AI,Medium,0.659,1
LRN03000,Casual Learner,24,14,54.33,10,7.11,40.0,1,0,Improving,Machine Learning,Easy,0.457,0
LRN03001,Consistent Learner,36,29,79.56,12,16.15,60.0,15,10,Improving,Generative AI,Hard,0.631,0
LRN03002,Struggling Learner,12,9,41.63,5,6.45,20.0,0,1,Stable,NLP,Hard,0.212,0
LRN03003,Casual Learner,23,13,50.74,8,3.95,38.33,5,2,Improving,Machine Learning,Hard,0.382,0
LRN03004,Casual Learner,12,8,50.49,7,8.25,20.0,0,5,Declining,SQL,Medium,0.233,0
LRN03005,Struggling Learner,0,1,30.0,0,1.98,0.0,3,0,Declining,Machine Learning,Easy,0.069,0
LRN03006,Consistent Learner,41,24,92.17,20,19.73,68.33,8,8,Stable,NLP,Medium,0.691,1
LRN03007,Casual Learner,18,15,56.53,8,7.1,30.0,4,4,Declining,MLOps,Medium,0.289,0
LRN03008,Struggling Learner,3,2,36.3,0,6.34,5.0,0,3,Improving,Machine Learning,Easy,0.274,0
LRN03009,Consistent Learner,44,29,90.4,13,24.55,73.33,7,7,Improving,NLP,Medium,0.767,1
LRN03010,Struggling Learner,3,1,34.02,0,7.6,5.0,2,3,Declining,Machine Learning,Easy,0.113,0
LRN03011,Casual Learner,14,8,56.71,7,10.41,23.33,0,5,Stable,Python,Hard,0.305,0
LRN03012,Consistent Learner,34,21,91.08,17,21.68,56.67,8,5,Improving,MLOps,Easy,0.741,1
LRN03013,Fast Learner,42,33,98.0,27,20.29,70.0,18,11,Improving,NLP,Medium,0.846,1
LRN03014,Casual Learner,6,4,54.97,10,9.79,10.0,0,2,Declining,NLP,Medium,0.247,0
LRN03015,Casual Learner,23,12,52.81,4,8.16,38.33,3,4,Improving,Generative AI,Easy,0.44,1
LRN03016,Casual Learner,6,3,43.2,6,3.84,10.0,2,1,Improving,Machine Learning,Medium,0.328,0
LRN03017,Fast Learner,60,31,98.0,29,20.12,100.0,13,14,Improving,SQL,Easy,0.898,1
LRN03018,Consistent Learner,26,21,86.29,14,20.93,43.33,10,9,Improving,MLOps,Medium,0.687,1
LRN03019,Consistent Learner,40,33,80.89,16,20.08,66.67,6,4,Improving,Python,Medium,0.702,1
LRN03020,Fast Learner,39,23,97.23,15,18.47,65.0,15,6,Improving,Python,Medium,0.787,1
LRN03021,Fast Learner,37,28,98.0,24,34.62,61.67,12,7,Stable,MLOps,Hard,0.708,1
LRN03022,Casual Learner,11,8,52.17,10,8.04,18.33,1,2,Declining,Python,Hard,0.197,0
LRN03023,Casual Learner,23,12,57.08,4,9.44,38.33,2,5,Improving,Machine Learning,Hard,0.411,0
LRN03024,Consistent Learner,44,29,91.39,20,21.61,73.33,13,5,Improving,Machine Learning,Easy,0.796,1
LRN03025,Struggling Learner,9,5,38.91,1,7.77,15.0,1,1,Declining,Machine Learning,Medium,0.156,0
LRN03026,Struggling Learner,10,5,39.56,1,7.13,16.67,0,2,Stable,NLP,Medium,0.238,0
LRN03027,Casual Learner,25,20,58.01,3,10.39,41.67,2,2,Declining,Machine Learning,Easy,0.312,0
LRN03028,Consistent Learner,35,22,87.1,19,17.24,58.33,9,12,Improving,Machine Learning,Medium,0.719,1
LRN03029,Fast Learner,35,25,98.0,19,24.57,58.33,14,9,Stable,NLP,Medium,0.725,1
LRN03030,Consistent Learner,34,25,92.46,21,18.91,56.67,15,7,Improving,SQL,Easy,0.766,1
LRN03031,Consistent Learner,34,26,79.47,21,12.36,56.67,9,8,Improving,NLP,Easy,0.671,1
LRN03032,Casual Learner,12,8,53.31,10,4.27,20.0,5,2,Improving,SQL,Medium,0.413,1
LRN03033,Casual Learner,20,16,45.98,1,5.67,33.33,5,3,Stable,MLOps,Hard,0.258,0
LRN03034,Struggling Learner,9,7,34.49,5,2.73,15.0,2,2,Declining,SQL,Medium,0.133,0
LRN03035,Fast Learner,50,39,98.0,23,28.06,83.33,17,11,Stable,Generative AI,Medium,0.805,1
LRN03036,Casual Learner,16,10,54.21,8,10.58,26.67,0,1,Improving,MLOps,Hard,0.384,0
LRN03037,Struggling Learner,4,3,36.33,0,4.08,6.67,1,1,Stable,Python,Easy,0.193,0
LRN03038,Consistent Learner,41,28,98.0,25,23.71,68.33,11,4,Improving,Python,Medium,0.831,1
LRN03039,Fast Learner,58,31,98.0,25,33.69,96.67,18,10,Improving,Generative AI,Easy,0.926,1
LRN03040,Fast Learner,35,19,98.0,19,33.94,58.33,16,14,Improving,MLOps,Medium,0.828,1
LRN03041,Fast Learner,51,35,98.0,19,34.61,85.0,15,11,Improving,Generative AI,Easy,0.879,1
LRN03042,Consistent Learner,44,34,81.76,24,13.44,73.33,8,5,Improving,NLP,Medium,0.723,1
LRN03043,Fast Learner,46,23,95.46,15,20.03,76.67,10,11,Improving,Machine Learning,Easy,0.795,1
LRN03044,Consistent Learner,42,35,84.03,22,17.83,70.0,10,6,Stable,NLP,Easy,0.661,1
LRN03045,Consistent Learner,20,13,76.11,16,18.4,33.33,6,11,Stable,Machine Learning,Easy,0.528,1
LRN03046,Casual Learner,19,14,52.85,3,7.04,31.67,0,1,Declining,Machine Learning,Hard,0.203,0
LRN03047,Consistent Learner,21,16,98.0,15,23.41,35.0,15,10,Improving,MLOps,Easy,0.747,1
LRN03048,Consistent Learner,20,11,70.21,11,10.0,33.33,12,5,Improving,Python,Hard,0.505,1
LRN03049,Fast Learner,53,31,98.0,23,32.37,88.33,13,7,Improving,Generative AI,Medium,0.891,1
LRN03050,Consistent Learner,22,15,95.94,24,22.19,36.67,10,4,Improving,SQL,Easy,0.748,1
LRN03051,Struggling Learner,1,1,31.76,0,6.56,1.67,2,0,Declining,MLOps,Easy,0.093,0
LRN03052,Struggling Learner,1,1,38.02,5,4.11,1.67,3,3,Declining,Machine Learning,Medium,0.129,0
LRN03053,Struggling Learner,0,1,33.84,4,5.11,0.0,0,2,Declining,NLP,Easy,0.1,0
LRN03054,Consistent Learner,29,20,91.79,14,20.16,48.33,12,5,Improving,Python,Easy,0.724,1
LRN03055,Fast Learner,60,36,98.0,22,34.45,100.0,18,13,Stable,MLOps,Hard,0.795,1
LRN03056,Consistent Learner,23,20,87.71,22,17.3,38.33,9,6,Improving,Generative AI,Hard,0.64,1
LRN03057,Casual Learner,17,14,48.86,0,7.04,28.33,3,4,Declining,NLP,Medium,0.227,0
LRN03058,Struggling Learner,11,9,32.16,3,4.73,18.33,2,0,Stable,NLP,Medium,0.21,0
LRN03059,Consistent Learner,22,14,89.55,17,17.56,36.67,15,12,Improving,NLP,Medium,0.698,1
LRN03060,Fast Learner,53,34,98.0,18,21.62,88.33,14,9,Improving,SQL,Hard,0.803,1
LRN03061,Consistent Learner,34,20,87.32,18,18.2,56.67,12,3,Improving,NLP,Medium,0.725,1
LRN03062,Casual Learner,16,13,56.95,9,6.55,26.67,1,3,Improving,Python,Hard,0.388,0
LRN03063,Struggling Learner,7,6,43.06,5,5.68,11.67,1,3,Declining,Python,Easy,0.172,0
LRN03064,Consistent Learner,25,12,93.46,14,24.84,41.67,8,3,Improving,Generative AI,Hard,0.674,1
LRN03065,Casual Learner,16,12,45.57,4,5.11,26.67,1,2,Improving,Generative AI,Medium,0.369,0
LRN03066,Struggling Learner,10,7,35.69,4,7.42,16.67,1,3,Declining,Python,Easy,0.152,0
LRN03067,Fast Learner,42,24,98.0,27,31.97,70.0,13,15,Improving,MLOps,Hard,0.816,1
LRN03068,Struggling Learner,14,11,37.25,3,7.06,23.33,0,3,Improving,Machine Learning,Hard,0.276,0
LRN03069,Consistent Learner,27,21,81.6,24,13.71,45.0,5,3,Improving,MLOps,Medium,0.659,1
LRN03070,Struggling Learner,6,3,37.07,3,3.71,10.0,0,3,Declining,SQL,Hard,0.077,0
LRN03071,Struggling Learner,15,13,40.03,0,6.6,25.0,2,2,Declining,Python,Medium,0.177,0
LRN03072,Consistent Learner,35,24,81.44,18,14.61,58.33,7,10,Improving,Machine Learning,Easy,0.677,1
LRN03073,Consistent Learner,35,19,76.13,16,12.6,58.33,9,12,Improving,MLOps,Easy,0.646,1
LRN03074,Casual Learner,21,15,48.45,2,11.07,35.0,0,2,Stable,Python,Easy,0.33,0
LRN03075,Casual Learner,5,4,48.72,4,5.61,8.33,4,2,Stable,NLP,Easy,0.275,0
LRN03076,Casual Learner,8,5,54.58,7,9.61,13.33,5,5,Stable,Generative AI,Medium,0.335,0
LRN03077,Fast Learner,38,28,98.0,24,24.83,63.33,13,12,Stable,MLOps,Hard,0.697,1
LRN03078,Consistent Learner,31,26,96.48,23,22.25,51.67,11,9,Improving,Generative AI,Medium,0.781,1
LRN03079,Casual Learner,15,9,59.98,2,10.65,25.0,4,3,Declining,Python,Medium,0.291,0
LRN03080,Casual Learner,22,15,53.69,8,7.67,36.67,1,4,Improving,Machine Learning,Easy,0.444,0
LRN03081,Fast Learner,48,31,98.0,26,19.31,80.0,19,5,Improving,Generative AI,Medium,0.862,1
LRN03082,Casual Learner,18,11,53.09,4,10.07,30.0,0,0,Stable,NLP,Easy,0.343,0
LRN03083,Fast Learner,37,26,98.0,16,22.37,61.67,11,6,Improving,SQL,Easy,0.789,1
LRN03084,Fast Learner,38,25,98.0,23,31.62,63.33,18,5,Improving,Machine Learning,Medium,0.854,1
LRN03085,Fast Learner,44,23,98.0,27,24.04,73.33,9,10,Improving,Machine Learning,Medium,0.842,1
LRN03086,Consistent Learner,30,17,83.46,24,11.09,50.0,14,11,Stable,Python,Medium,0.612,1
LRN03087,Struggling Learner,13,10,39.82,3,7.4,21.67,1,1,Declining,Machine Learning,Medium,0.178,0
LRN03088,Consistent Learner,28,24,73.66,14,11.02,46.67,10,9,Improving,MLOps,Medium,0.604,0
LRN03089,Casual Learner,18,13,48.85,6,4.16,30.0,4,2,Declining,Generative AI,Easy,0.24,0
LRN03090,Casual Learner,22,18,51.59,6,5.56,36.67,4,2,Stable,SQL,Medium,0.35,0
LRN03091,Casual Learner,6,5,44.79,0,3.81,10.0,1,5,Stable,Python,Medium,0.237,0
LRN03092,Casual Learner,24,13,57.17,10,5.82,40.0,1,0,Stable,Python,Hard,0.336,0
LRN03093,Struggling Learner,11,9,38.7,4,5.46,18.33,0,2,Stable,Machine Learning,Hard,0.19,0
LRN03094,Consistent Learner,25,16,70.86,13,12.26,41.67,11,8,Stable,Generative AI,Easy,0.505,1
LRN03095,Fast Learner,39,24,98.0,19,22.9,65.0,14,7,Improving,Machine Learning,Easy,0.813,1
LRN03096,Consistent Learner,30,25,87.46,19,24.17,50.0,6,7,Stable,Generative AI,Easy,0.64,1
LRN03097,Consistent Learner,35,27,74.37,10,14.2,58.33,14,6,Improving,Python,Hard,0.59,1
LRN03098,Struggling Learner,14,8,33.03,2,1.17,23.33,2,0,Improving,Generative AI,Easy,0.29,0
LRN03099,Casual Learner,10,5,55.47,5,5.12,16.67,5,5,Declining,NLP,Medium,0.246,0
LRN03100,Consistent Learner,31,20,86.26,24,15.15,51.67,11,4,Improving,SQL,Medium,0.714,1
LRN03101,Struggling Learner,9,5,30.0,0,4.28,15.0,1,3,Declining,SQL,Medium,0.102,0
LRN03102,Casual Learner,9,4,48.39,2,8.46,15.0,3,5,Improving,Python,Hard,0.319,0
LRN03103,Struggling Learner,7,3,37.57,4,5.46,11.67,0,3,Declining,Generative AI,Medium,0.141,0
LRN03104,Fast Learner,44,34,98.0,30,31.81,73.33,11,8,Improving,SQL,Medium,0.875,1
LRN03105,Fast Learner,49,31,98.0,18,33.62,81.67,10,12,Improving,Machine Learning,Medium,0.857,1
LRN03106,Fast Learner,44,29,98.0,17,31.63,73.33,20,6,Declining,Python,Hard,0.653,1
LRN03107,Struggling Learner,10,8,30.0,0,5.19,16.67,0,2,Stable,SQL,Medium,0.186,0
LRN03108,Consistent Learner,25,15,94.41,23,21.23,41.67,14,4,Stable,MLOps,Easy,0.675,1
LRN03109,Casual Learner,10,7,58.41,7,11.28,16.67,3,5,Stable,Python,Hard,0.31,0
LRN03110,Struggling Learner,14,7,44.64,2,7.45,23.33,3,0,Stable,Machine Learning,Easy,0.285,0
LRN03111,Casual Learner,6,3,57.69,3,8.99,10.0,5,1,Stable,NLP,Hard,0.28,0
LRN03112,Consistent Learner,31,22,81.7,13,18.27,51.67,12,5,Improving,Python,Easy,0.677,1
LRN03113,Consistent Learner,26,19,84.78,19,13.3,43.33,11,8,Improving,Generative AI,Easy,0.671,1
LRN03114,Fast Learner,44,30,98.0,21,30.73,73.33,13,6,Improving,Python,Hard,0.806,1
LRN03115,Fast Learner,58,44,98.0,30,32.33,96.67,14,14,Stable,Machine Learning,Hard,0.799,1
LRN03116,Casual Learner,5,2,51.4,10,3.38,8.33,1,5,Improving,Generative AI,Hard,0.318,0
LRN03117,Consistent Learner,40,22,77.62,10,12.1,66.67,14,5,Improving,MLOps,Easy,0.665,1
LRN03118,Struggling Learner,11,6,37.78,1,6.87,18.33,3,1,Improving,Python,Easy,0.32,0
LRN03119,Consistent Learner,21,11,81.56,25,12.77,35.0,5,11,Improving,Generative AI,Medium,0.639,1
LRN03120,Casual Learner,11,6,44.31,2,6.26,18.33,2,5,Stable,Machine Learning,Easy,0.267,0
LRN03121,Casual Learner,14,7,55.42,2,8.11,23.33,4,2,Stable,MLOps,Medium,0.338,0
LRN03122,Casual Learner,22,13,52.7,3,7.21,36.67,5,5,Stable,Generative AI,Easy,0.355,0
LRN03123,Consistent Learner,24,15,82.58,22,14.66,40.0,11,9,Improving,NLP,Hard,0.617,1
LRN03124,Casual Learner,23,16,57.84,3,8.7,38.33,4,3,Declining,MLOps,Easy,0.304,0
LRN03125,Casual Learner,15,10,52.67,6,10.08,25.0,1,4,Stable,SQL,Easy,0.339,0
LRN03126,Fast Learner,49,36,98.0,20,30.48,81.67,15,8,Stable,NLP,Hard,0.745,1
LRN03127,Casual Learner,10,6,47.16,0,7.26,16.67,5,5,Declining,MLOps,Easy,0.202,0
LRN03128,Struggling Learner,13,7,35.43,0,3.91,21.67,0,2,Declining,MLOps,Medium,0.136,0
LRN03129,Struggling Learner,12,10,35.33,4,2.18,20.0,3,3,Stable,Machine Learning,Medium,0.224,0
LRN03130,Struggling Learner,7,4,38.71,5,5.76,11.67,2,0,Declining,NLP,Hard,0.105,0
LRN03131,Consistent Learner,21,17,96.67,17,22.75,35.0,15,6,Improving,Python,Medium,0.744,1
LRN03132,Consistent Learner,33,23,87.81,14,18.78,55.0,15,6,Declining,SQL,Medium,0.563,1
LRN03133,Casual Learner,7,3,49.63,2,9.98,11.67,1,0,Stable,Machine Learning,Easy,0.288,0
LRN03134,Fast Learner,53,46,97.06,19,19.69,88.33,11,6,Stable,MLOps,Medium,0.757,1
LRN03135,Fast Learner,59,40,93.06,20,18.08,98.33,9,7,Improving,Generative AI,Hard,0.782,1
LRN03136,Fast Learner,38,32,98.0,26,21.11,63.33,17,5,Improving,NLP,Medium,0.83,1
LRN03137,Struggling Learner,0,1,30.0,0,1.05,0.0,0,0,Stable,SQL,Hard,0.088,0
LRN03138,Consistent Learner,29,25,83.33,18,17.94,48.33,8,11,Improving,Python,Medium,0.679,1
LRN03139,Consistent Learner,39,33,87.19,24,11.73,65.0,15,3,Improving,SQL,Medium,0.743,1
LRN03140,Fast Learner,36,21,98.0,16,32.34,60.0,8,14,Stable,Python,Hard,0.674,1
LRN03141,Casual Learner,14,8,56.71,9,8.64,23.33,5,0,Improving,MLOps,Medium,0.447,0
LRN03142,Struggling Learner,6,3,34.73,5,2.25,10.0,0,1,Stable,MLOps,Medium,0.197,0
LRN03143,Fast Learner,36,19,98.0,17,33.03,60.0,11,6,Improving,Machine Learning,Easy,0.814,1
LRN03144,Casual Learner,10,5,64.2,7,11.01,16.67,5,0,Stable,Generative AI,Easy,0.39,0
LRN03145,Struggling Learner,14,12,36.61,5,6.56,23.33,3,1,Stable,Machine Learning,Easy,0.254,0
LRN03146,Consistent Learner,25,14,78.97,17,16.48,41.67,5,5,Improving,NLP,Medium,0.631,1
LRN03147,Consistent Learner,40,25,94.96,19,22.86,66.67,15,3,Improving,Machine Learning,Medium,0.805,1
LRN03148,Consistent Learner,34,20,75.95,20,14.84,56.67,5,11,Improving,NLP,Hard,0.6,1
LRN03149,Consistent Learner,35,24,92.88,23,17.56,58.33,12,12,Improving,MLOps,Easy,0.764,1
LRN03150,Consistent Learner,28,16,80.92,11,19.9,46.67,10,11,Stable,Python,Medium,0.578,0
LRN03151,Fast Learner,55,39,98.0,29,28.11,91.67,11,7,Improving,MLOps,Medium,0.903,1
LRN03152,Fast Learner,38,22,97.67,20,19.53,63.33,9,8,Improving,NLP,Medium,0.787,1
LRN03153,Casual Learner,6,3,43.45,2,6.27,10.0,2,0,Stable,MLOps,Medium,0.247,0
LRN03154,Struggling Learner,2,1,34.97,3,6.03,3.33,0,3,Declining,NLP,Medium,0.112,0
LRN03155,Casual Learner,11,9,49.19,1,8.68,18.33,1,2,Stable,Python,Medium,0.292,0
LRN03156,Casual Learner,12,8,62.56,10,7.88,20.0,4,0,Improving,Machine Learning,Hard,0.414,0
LRN03157,Consistent Learner,45,38,96.49,24,20.43,75.0,12,9,Improving,Machine Learning,Medium,0.826,1
LRN03158,Fast Learner,36,22,98.0,18,27.66,60.0,15,11,Stable,NLP,Medium,0.739,1
LRN03159,Struggling Learner,6,3,35.78,2,4.89,10.0,2,1,Stable,NLP,Medium,0.208,0
LRN03160,Fast Learner,39,29,98.0,26,19.01,65.0,18,14,Improving,Generative AI,Medium,0.829,1
LRN03161,Consistent Learner,36,26,91.22,24,17.48,60.0,7,12,Improving,MLOps,Medium,0.75,1
LRN03162,Casual Learner,5,2,44.94,4,4.47,8.33,0,4,Stable,SQL,Medium,0.244,0
LRN03163,Consistent Learner,32,24,77.22,19,14.29,53.33,9,5,Improving,Machine Learning,Medium,0.655,1
LRN03164,Casual Learner,9,7,55.45,9,9.39,15.0,0,4,Stable,SQL,Medium,0.335,0
LRN03165,Consistent Learner,27,20,83.95,19,22.46,45.0,5,9,Improving,NLP,Easy,0.686,1
LRN03166,Fast Learner,43,28,98.0,19,29.75,71.67,9,10,Stable,Machine Learning,Easy,0.757,1
LRN03167,Consistent Learner,25,14,92.29,23,22.0,41.67,7,6,Improving,Machine Learning,Medium,0.731,1
LRN03168,Fast Learner,55,48,98.0,21,34.04,91.67,12,9,Improving,Machine Learning,Easy,0.89,1
LRN03169,Consistent Learner,38,28,79.29,19,14.99,63.33,7,4,Improving,MLOps,Medium,0.682,1
LRN03170,Consistent Learner,31,18,67.39,13,11.12,51.67,6,9,Improving,Machine Learning,Medium,0.573,1
LRN03171,Casual Learner,21,16,54.51,2,11.92,35.0,2,3,Stable,Generative AI,Medium,0.365,0
LRN03172,Consistent Learner,40,33,77.83,13,18.55,66.67,10,6,Improving,Python,Easy,0.685,1
LRN03173,Casual Learner,21,11,50.25,4,4.98,35.0,3,4,Improving,Machine Learning,Hard,0.361,0
LRN03174,Casual Learner,13,10,42.2,3,5.92,21.67,0,0,Improving,Machine Learning,Hard,0.291,0
LRN03175,Consistent Learner,40,23,84.69,22,20.21,66.67,7,7,Stable,Python,Hard,0.608,1
LRN03176,Fast Learner,48,31,98.0,27,30.52,80.0,9,5,Improving,SQL,Medium,0.875,1
LRN03177,Casual Learner,9,6,56.69,1,10.19,15.0,4,3,Improving,Machine Learning,Easy,0.412,0
LRN03178,Casual Learner,19,10,44.47,9,3.75,31.67,0,0,Improving,MLOps,Hard,0.33,0
LRN03179,Fast Learner,43,31,98.0,20,30.95,71.67,15,7,Improving,Generative AI,Hard,0.805,1
LRN03180,Fast Learner,40,31,98.0,27,19.02,66.67,9,9,Improving,Machine Learning,Easy,0.812,1
LRN03181,Consistent Learner,32,18,98.0,24,19.27,53.33,13,7,Improving,Machine Learning,Easy,0.788,1
LRN03182,Fast Learner,47,26,98.0,30,18.24,78.33,11,12,Improving,NLP,Easy,0.846,1
LRN03183,Casual Learner,10,7,56.0,5,7.67,16.67,5,4,Stable,Machine Learning,Medium,0.337,0
LRN03184,Consistent Learner,44,22,92.94,15,23.47,73.33,14,6,Improving,NLP,Medium,0.798,1
LRN03185,Consistent Learner,26,16,82.93,23,15.85,43.33,5,10,Improving,Generative AI,Easy,0.667,1
LRN03186,Casual Learner,8,4,45.24,4,5.85,13.33,1,4,Declining,NLP,Medium,0.183,0
LRN03187,Consistent Learner,44,29,88.56,23,18.27,73.33,14,9,Improving,SQL,Medium,0.782,1
LRN03188,Struggling Learner,12,9,30.0,3,1.12,20.0,2,0,Improving,Machine Learning,Easy,0.272,0
LRN03189,Fast Learner,44,22,98.0,24,32.25,73.33,9,13,Stable,Machine Learning,Medium,0.774,1
LRN03190,Consistent Learner,45,29,84.61,17,19.1,75.0,10,9,Stable,MLOps,Easy,0.665,1
LRN03191,Casual Learner,23,19,58.33,7,5.98,38.33,5,3,Declining,Machine Learning,Medium,0.31,0
LRN03192,Struggling Learner,8,5,34.89,5,4.92,13.33,2,1,Declining,MLOps,Medium,0.138,0
LRN03193,Consistent Learner,38,31,85.96,11,22.69,63.33,6,10,Stable,NLP,Medium,0.633,1
LRN03194,Fast Learner,43,25,98.0,28,27.56,71.67,13,7,Improving,MLOps,Hard,0.813,1
LRN03195,Casual Learner,6,3,43.7,3,4.28,10.0,5,4,Improving,Generative AI,Easy,0.331,0
LRN03196,Casual Learner,7,5,54.51,4,11.47,11.67,1,3,Declining,SQL,Hard,0.19,0
LRN03197,Fast Learner,41,25,98.0,30,29.49,68.33,14,8,Improving,Machine Learning,Easy,0.871,1
LRN03198,Fast Learner,43,28,98.0,26,19.01,71.67,10,5,Improving,NLP,Easy,0.822,1
LRN03199,Consistent Learner,35,26,81.17,14,12.83,58.33,13,5,Declining,SQL,Medium,0.515,1
LRN03200,Fast Learner,38,31,98.0,17,30.1,63.33,15,6,Improving,SQL,Easy,0.83,1
LRN03201,Casual Learner,12,6,47.63,5,3.55,20.0,2,2,Improving,MLOps,Hard,0.315,0
LRN03202,Casual Learner,5,3,50.94,3,8.67,8.33,0,1,Improving,SQL,Medium,0.363,0
LRN03203,Casual Learner,18,14,53.1,6,7.37,30.0,3,3,Declining,Machine Learning,Medium,0.267,0
LRN03204,Consistent Learner,31,26,72.77,11,14.48,51.67,8,7,Improving,MLOps,Easy,0.608,1
LRN03205,Casual Learner,8,5,42.6,0,3.97,13.33,1,3,Stable,SQL,Hard,0.184,0
LRN03206,Casual Learner,9,7,41.22,3,4.73,15.0,1,5,Stable,MLOps,Hard,0.192,0
LRN03207,Casual Learner,15,8,44.24,0,6.03,25.0,3,0,Stable,NLP,Easy,0.277,0
LRN03208,Casual Learner,15,9,53.41,1,8.69,25.0,5,2,Stable,Python,Hard,0.284,0
LRN03209,Consistent Learner,29,19,88.14,17,18.44,48.33,9,5,Stable,NLP,Easy,0.623,1
LRN03210,Consistent Learner,33,18,84.39,25,18.5,55.0,7,8,Improving,Machine Learning,Medium,0.716,1
LRN03211,Consistent Learner,23,16,79.98,15,12.41,38.33,13,7,Improving,Python,Medium,0.63,1
LRN03212,Casual Learner,14,10,53.05,5,10.47,23.33,0,3,Stable,MLOps,Medium,0.334,0
LRN03213,Consistent Learner,32,19,86.29,19,19.85,53.33,9,9,Improving,Generative AI,Easy,0.714,1
LRN03214,Struggling Learner,5,3,31.49,1,3.12,8.33,3,3,Declining,Python,Medium,0.099,0
LRN03215,Consistent Learner,35,30,82.79,21,18.99,58.33,5,4,Improving,Python,Medium,0.701,1
LRN03216,Casual Learner,18,14,59.99,10,7.41,30.0,2,0,Stable,Python,Medium,0.386,0
LRN03217,Fast Learner,50,29,98.0,16,33.31,83.33,18,12,Improving,MLOps,Easy,0.875,1
LRN03218,Consistent Learner,29,15,84.74,25,10.19,48.33,14,12,Improving,Machine Learning,Medium,0.694,1
LRN03219,Fast Learner,46,36,98.0,20,22.91,76.67,19,13,Improving,SQL,Medium,0.852,1
LRN03220,Consistent Learner,36,24,80.06,12,15.08,60.0,10,3,Improving,Generative AI,Easy,0.668,1
LRN03221,Consistent Learner,42,22,88.43,23,14.88,70.0,15,9,Improving,Generative AI,Hard,0.716,1
LRN03222,Casual Learner,18,11,52.35,3,11.41,30.0,3,2,Stable,Machine Learning,Medium,0.349,0
LRN03223,Fast Learner,37,21,98.0,25,21.72,61.67,14,8,Improving,Python,Medium,0.818,1
LRN03224,Casual Learner,7,5,53.25,1,8.34,11.67,1,5,Stable,MLOps,Hard,0.246,0
LRN03225,Casual Learner,17,11,58.06,8,8.22,28.33,2,4,Stable,Generative AI,Hard,0.322,0
LRN03226,Fast Learner,48,33,98.0,16,33.81,80.0,13,7,Stable,NLP,Medium,0.776,1
LRN03227,Fast Learner,59,32,98.0,17,23.91,98.33,14,9,Improving,NLP,Easy,0.878,1
LRN03228,Casual Learner,5,4,42.6,6,4.0,8.33,1,0,Declining,NLP,Easy,0.16,0
LRN03229,Casual Learner,21,10,52.18,5,6.27,35.0,1,3,Improving,Python,Medium,0.422,0
LRN03230,Consistent Learner,40,26,98.0,25,21.05,66.67,12,8,Improving,Generative AI,Medium,0.821,1
LRN03231,Fast Learner,44,30,98.0,16,32.96,73.33,11,7,Stable,Machine Learning,Medium,0.758,1
LRN03232,Consistent Learner,42,32,91.3,16,24.8,70.0,10,5,Improving,NLP,Easy,0.781,1
LRN03233,Casual Learner,9,6,44.97,3,3.12,15.0,4,0,Declining,MLOps,Medium,0.181,0
LRN03234,Casual Learner,18,11,64.73,10,11.7,30.0,0,4,Declining,Python,Medium,0.337,0
LRN03235,Struggling Learner,2,1,33.84,4,4.27,3.33,0,1,Stable,NLP,Medium,0.184,0
LRN03236,Consistent Learner,25,22,79.57,17,17.61,41.67,7,9,Improving,Machine Learning,Easy,0.643,1
LRN03237,Casual Learner,24,17,51.14,2,3.44,40.0,5,5,Improving,SQL,Medium,0.419,0
LRN03238,Casual Learner,11,6,51.3,1,9.0,18.33,5,1,Stable,MLOps,Medium,0.313,0
LRN03239,Consistent Learner,23,12,82.62,20,18.73,38.33,5,6,Improving,Python,Medium,0.657,1
LRN03240,Casual Learner,17,13,51.79,4,5.97,28.33,4,2,Stable,SQL,Medium,0.33,0
LRN03241,Consistent Learner,36,22,75.58,15,17.54,60.0,5,4,Improving,NLP,Medium,0.651,1
LRN03242,Consistent Learner,43,35,75.89,21,11.27,71.67,12,9,Stable,SQL,Hard,0.558,1
LRN03243,Casual Learner,17,12,54.75,9,3.98,28.33,5,2,Stable,Python,Hard,0.303,0
LRN03244,Casual Learner,22,16,62.5,9,10.7,36.67,2,1,Improving,Machine Learning,Medium,0.499,1
LRN03245,Struggling Learner,12,9,30.0,1,1.54,20.0,3,2,Declining,Python,Medium,0.11,0
LRN03246,Fast Learner,46,32,98.0,27,28.1,76.67,19,12,Improving,MLOps,Medium,0.888,1
LRN03247,Casual Learner,23,16,52.36,6,9.81,38.33,0,0,Improving,NLP,Easy,0.441,0
LRN03248,Casual Learner,15,10,53.71,6,9.04,25.0,0,5,Declining,NLP,Easy,0.258,0
LRN03249,Fast Learner,42,22,98.0,21,33.75,70.0,16,13,Improving,Generative AI,Medium,0.857,1
LRN03250,Consistent Learner,27,15,77.91,10,16.64,45.0,8,10,Improving,NLP,Medium,0.623,1
LRN03251,Consistent Learner,23,17,78.29,10,18.69,38.33,10,9,Stable,SQL,Medium,0.543,1
LRN03252,Fast Learner,43,25,98.0,29,24.65,71.67,11,14,Stable,Python,Medium,0.771,1
LRN03253,Consistent Learner,33,26,97.5,25,23.41,55.0,8,3,Improving,Generative AI,Easy,0.793,1
LRN03254,Consistent Learner,23,12,72.69,15,12.05,38.33,11,9,Improving,Generative AI,Hard,0.541,1
LRN03255,Casual Learner,21,13,43.52,0,3.47,35.0,0,2,Stable,NLP,Medium,0.277,0
LRN03256,Fast Learner,53,37,98.0,16,29.42,88.33,15,8,Improving,NLP,Hard,0.826,1
LRN03257,Casual Learner,20,16,53.08,6,5.55,33.33,4,1,Improving,Generative AI,Easy,0.43,0
LRN03258,Casual Learner,15,10,56.21,6,11.52,25.0,3,0,Improving,Python,Medium,0.445,0
LRN03259,Casual Learner,25,13,42.18,2,5.28,41.67,2,5,Declining,MLOps,Easy,0.221,0
LRN03260,Casual Learner,5,3,56.66,2,8.2,8.33,5,4,Stable,NLP,Medium,0.317,0
LRN03261,Casual Learner,12,8,51.74,2,9.84,20.0,1,4,Stable,NLP,Medium,0.313,0
LRN03262,Struggling Learner,12,10,43.84,5,6.82,20.0,2,0,Declining,Python,Medium,0.198,0
LRN03263,Casual Learner,20,12,58.02,8,7.95,33.33,3,2,Improving,Generative AI,Easy,0.463,0
LRN03264,Consistent Learner,42,35,96.5,16,21.34,70.0,15,12,Stable,SQL,Medium,0.726,1
LRN03265,Consistent Learner,20,10,83.78,21,17.08,33.33,9,11,Improving,Python,Easy,0.659,1
LRN03266,Consistent Learner,30,20,89.88,24,16.57,50.0,11,10,Declining,MLOps,Medium,0.571,1
LRN03267,Casual Learner,12,7,44.88,2,3.53,20.0,4,3,Improving,Generative AI,Medium,0.349,0
LRN03268,Consistent Learner,20,13,72.43,10,13.14,33.33,11,10,Improving,MLOps,Easy,0.571,1
LRN03269,Consistent Learner,25,14,84.35,20,15.67,41.67,12,4,Improving,NLP,Medium,0.678,1
LRN03270,Consistent Learner,42,26,86.74,20,21.18,70.0,8,10,Improving,Machine Learning,Hard,0.704,1
LRN03271,Casual Learner,21,14,55.02,5,7.79,35.0,1,5,Stable,Python,Medium,0.359,0
LRN03272,Consistent Learner,23,18,82.71,13,21.43,38.33,6,8,Improving,SQL,Medium,0.65,1
LRN03273,Consistent Learner,33,25,81.26,23,14.3,55.0,12,3,Improving,Generative AI,Easy,0.695,1
LRN03274,Consistent Learner,43,25,75.15,12,13.14,71.67,14,6,Improving,NLP,Medium,0.672,1
LRN03275,Fast Learner,55,42,98.0,26,23.09,91.67,14,8,Stable,Generative AI,Easy,0.806,1
LRN03276,Struggling Learner,11,6,30.42,2,1.97,18.33,3,0,Declining,Machine Learning,Medium,0.113,0
LRN03277,Struggling Learner,4,3,38.54,4,3.82,6.67,0,1,Declining,MLOps,Hard,0.08,0
LRN03278,Fast Learner,38,29,98.0,27,29.31,63.33,20,7,Stable,NLP,Medium,0.787,1
LRN03279,Casual Learner,20,13,44.73,2,6.76,33.33,1,5,Stable,MLOps,Hard,0.248,0
LRN03280,Casual Learner,10,8,52.44,1,6.72,16.67,4,1,Improving,MLOps,Medium,0.384,0
LRN03281,Casual Learner,10,8,50.41,3,11.4,16.67,1,4,Declining,NLP,Easy,0.229,0
LRN03282,Casual Learner,8,5,53.25,5,11.2,13.33,2,2,Stable,SQL,Medium,0.322,0
LRN03283,Struggling Learner,7,4,30.0,0,1.6,11.67,0,1,Stable,SQL,Medium,0.164,0
LRN03284,Fast Learner,56,40,98.0,15,23.15,93.33,12,12,Declining,Machine Learning,Medium,0.695,1
LRN03285,Casual Learner,23,13,60.83,10,9.42,38.33,1,0,Declining,Python,Medium,0.331,0
LRN03286,Consistent Learner,37,22,84.62,19,14.71,61.67,15,6,Improving,Generative AI,Hard,0.671,1
LRN03287,Fast Learner,35,19,98.0,26,27.8,58.33,16,12,Improving,Machine Learning,Medium,0.84,1
LRN03288,Casual Learner,17,8,48.57,6,4.88,28.33,1,1,Stable,Python,Medium,0.31,0
LRN03289,Struggling Learner,4,3,31.85,0,4.6,6.67,1,1,Declining,Generative AI,Hard,0.044,0
LRN03290,Struggling Learner,15,12,30.0,0,2.97,25.0,0,3,Declining,MLOps,Easy,0.115,0
LRN03291,Fast Learner,38,22,98.0,18,19.04,63.33,14,11,Improving,SQL,Medium,0.794,1
LRN03292,Consistent Learner,22,14,80.37,10,14.35,36.67,13,8,Stable,NLP,Easy,0.542,1
LRN03293,Consistent Learner,44,31,84.34,10,22.56,73.33,13,7,Improving,NLP,Medium,0.741,1
LRN03294,Casual Learner,10,7,54.37,0,10.8,16.67,2,3,Stable,Generative AI,Medium,0.319,0
LRN03295,Casual Learner,24,14,51.27,6,3.95,40.0,1,2,Stable,MLOps,Medium,0.342,0
LRN03296,Consistent Learner,35,23,85.12,17,23.1,58.33,7,4,Improving,MLOps,Easy,0.72,1
LRN03297,Casual Learner,23,19,44.97,4,4.76,38.33,5,2,Improving,Python,Medium,0.398,0
LRN03298,Consistent Learner,25,14,86.76,21,19.25,41.67,5,5,Declining,MLOps,Hard,0.476,0
LRN03299,Consistent Learner,34,25,78.08,20,11.41,56.67,8,6,Improving,Python,Easy,0.656,1
LRN03300,Consistent Learner,28,24,86.11,12,21.03,46.67,7,12,Improving,Machine Learning,Medium,0.68,1
LRN03301,Fast Learner,60,34,98.0,17,21.06,100.0,13,15,Stable,MLOps,Medium,0.789,1
LRN03302,Consistent Learner,32,23,75.68,13,18.21,53.33,7,9,Declining,Machine Learning,Medium,0.48,0
LRN03303,Consistent Learner,42,25,65.4,12,12.04,70.0,8,12,Stable,MLOps,Medium,0.526,0
LRN03304,Casual Learner,10,8,53.36,9,7.38,16.67,3,1,Improving,Machine Learning,Easy,0.41,0
LRN03305,Struggling Learner,7,4,36.6,3,4.37,11.67,2,2,Stable,MLOps,Medium,0.216,0
LRN03306,Consistent Learner,26,19,77.97,10,13.37,43.33,13,9,Improving,NLP,Medium,0.621,1
LRN03307,Casual Learner,6,4,45.98,0,7.64,10.0,2,0,Stable,NLP,Medium,0.257,0
LRN03308,Fast Learner,45,31,96.15,19,20.0,75.0,11,12,Improving,NLP,Easy,0.808,1
LRN03309,Casual Learner,12,8,48.18,1,8.11,20.0,3,0,Declining,Python,Easy,0.214,0
LRN03310,Consistent Learner,41,25,98.0,18,23.34,68.33,13,9,Stable,NLP,Easy,0.736,1
LRN03311,Consistent Learner,32,21,98.0,24,24.18,53.33,7,6,Stable,NLP,Easy,0.71,1
LRN03312,Casual Learner,22,12,49.32,6,3.01,36.67,4,4,Stable,SQL,Medium,0.331,0
LRN03313,Casual Learner,14,11,41.73,3,3.04,23.33,4,1,Improving,NLP,Medium,0.343,0
LRN03314,Consistent Learner,34,20,87.29,23,15.6,56.67,11,11,Improving,MLOps,Medium,0.727,1
LRN03315,Consistent Learner,36,30,74.4,20,11.04,60.0,7,7,Improving,SQL,Medium,0.642,1
LRN03316,Fast Learner,51,45,98.0,22,21.91,85.0,8,8,Improving,Generative AI,Medium,0.843,1
LRN03317,Struggling Learner,12,6,35.8,5,1.29,20.0,2,1,Declining,SQL,Easy,0.144,0
LRN03318,Fast Learner,43,29,98.0,30,28.53,71.67,19,9,Stable,SQL,Medium,0.807,1
LRN03319,Struggling Learner,1,1,30.0,4,2.93,1.67,0,3,Stable,NLP,Hard,0.109,0
LRN03320,Consistent Learner,34,26,80.98,22,13.5,56.67,6,3,Improving,Machine Learning,Medium,0.676,1
LRN03321,Consistent Learner,43,26,79.66,11,18.71,71.67,13,3,Improving,Machine Learning,Medium,0.706,1
LRN03322,Struggling Learner,1,1,36.4,5,4.32,1.67,1,0,Declining,NLP,Medium,0.117,0
LRN03323,Casual Learner,18,11,63.23,9,11.58,30.0,4,0,Improving,NLP,Easy,0.497,1
LRN03324,Fast Learner,43,37,98.0,25,27.15,71.67,15,13,Stable,Python,Hard,0.729,1
LRN03325,Casual Learner,10,8,52.18,1,7.94,16.67,4,1,Improving,NLP,Medium,0.387,0
LRN03326,Casual Learner,21,15,55.09,10,6.3,35.0,1,2,Improving,NLP,Easy,0.448,0
LRN03327,Fast Learner,57,39,98.0,25,23.91,95.0,13,8,Stable,Machine Learning,Easy,0.81,1
LRN03328,Consistent Learner,36,25,81.85,22,14.81,60.0,12,3,Stable,Machine Learning,Easy,0.626,1
LRN03329,Casual Learner,13,10,47.34,0,9.75,21.67,0,0,Declining,Machine Learning,Medium,0.209,0
LRN03330,Casual Learner,8,5,51.71,6,3.46,13.33,2,0,Stable,Generative AI,Medium,0.292,0
LRN03331,Fast Learner,52,29,98.0,25,26.56,86.67,19,9,Stable,Machine Learning,Hard,0.767,1
LRN03332,Casual Learner,24,20,45.32,5,4.34,40.0,0,5,Improving,NLP,Medium,0.392,0
LRN03333,Consistent Learner,28,23,90.54,21,16.68,46.67,13,10,Stable,MLOps,Easy,0.645,1
LRN03334,Struggling Learner,1,1,39.95,2,6.88,1.67,1,1,Improving,NLP,Medium,0.294,0
LRN03335,Fast Learner,45,24,98.0,27,21.32,75.0,8,15,Improving,Python,Easy,0.834,1
LRN03336,Fast Learner,47,25,98.0,16,34.22,78.33,8,9,Improving,NLP,Hard,0.79,1
LRN03337,Fast Learner,59,50,98.0,29,34.99,98.33,9,7,Stable,MLOps,Medium,0.837,1
LRN03338,Consistent Learner,30,16,73.92,19,10.14,50.0,7,10,Stable,MLOps,Easy,0.535,1
LRN03339,Casual Learner,20,11,62.91,6,11.18,33.33,3,3,Declining,NLP,Easy,0.331,0
LRN03340,Consistent Learner,22,13,83.21,17,15.94,36.67,14,4,Improving,NLP,Easy,0.661,1
LRN03341,Casual Learner,17,8,54.73,8,10.26,28.33,1,5,Stable,NLP,Medium,0.361,0
LRN03342,Casual Learner,16,9,39.54,2,3.3,26.67,3,0,Stable,NLP,Easy,0.255,0
LRN03343,Fast Learner,59,39,98.0,28,29.42,98.33,14,12,Improving,Python,Medium,0.925,1
LRN03344,Fast Learner,40,35,98.0,18,28.66,66.67,19,11,Improving,MLOps,Easy,0.845,1
LRN03345,Casual Learner,7,5,49.47,10,7.2,11.67,0,2,Declining,Generative AI,Easy,0.217,0
LRN03346,Consistent Learner,23,15,84.5,24,13.35,38.33,13,11,Stable,SQL,Medium,0.598,1
LRN03347,Fast Learner,35,31,98.0,26,34.88,58.33,18,10,Declining,SQL,Medium,0.692,1
LRN03348,Casual Learner,22,12,48.06,4,7.43,36.67,2,0,Declining,Generative AI,Medium,0.25,0
LRN03349,Casual Learner,23,15,45.26,2,6.91,38.33,2,4,Stable,Machine Learning,Medium,0.314,0
LRN03350,Casual Learner,15,10,53.7,1,8.99,25.0,2,0,Stable,NLP,Medium,0.329,0
LRN03351,Struggling Learner,6,3,39.83,4,4.32,10.0,2,2,Stable,SQL,Easy,0.229,0
LRN03352,Casual Learner,15,11,51.08,0,7.77,25.0,5,0,Stable,Python,Easy,0.318,0
LRN03353,Casual Learner,17,9,50.04,6,5.5,28.33,0,2,Declining,Machine Learning,Easy,0.236,0
LRN03354,Fast Learner,56,39,98.0,29,31.44,93.33,8,15,Improving,Machine Learning,Medium,0.905,1
LRN03355,Casual Learner,19,9,53.88,8,3.65,31.67,4,2,Stable,MLOps,Easy,0.349,0
LRN03356,Casual Learner,14,11,62.57,10,7.98,23.33,5,5,Declining,Generative AI,Easy,0.314,0
LRN03357,Casual Learner,5,3,58.79,8,9.55,8.33,0,2,Stable,Python,Medium,0.334,0
LRN03358,Struggling Learner,1,1,35.96,2,4.83,1.67,0,1,Improving,Python,Medium,0.267,0
LRN03359,Casual Learner,6,4,51.51,3,6.05,10.0,2,5,Stable,Generative AI,Medium,0.285,0
LRN03360,Struggling Learner,7,5,38.88,0,8.0,11.67,3,3,Declining,MLOps,Easy,0.152,0
LRN03361,Struggling Learner,13,9,37.3,3,7.74,21.67,2,1,Declining,MLOps,Medium,0.17,0
LRN03362,Fast Learner,59,44,98.0,29,20.7,98.33,20,9,Stable,Machine Learning,Medium,0.834,1
LRN03363,Consistent Learner,22,12,88.61,22,22.71,36.67,5,12,Improving,Machine Learning,Medium,0.699,1
LRN03364,Struggling Learner,11,7,37.91,0,4.47,18.33,3,3,Declining,MLOps,Easy,0.15,0
LRN03365,Struggling Learner,11,6,33.92,2,6.95,18.33,1,3,Stable,Python,Medium,0.22,0
LRN03366,Casual Learner,23,19,49.88,3,10.9,38.33,1,1,Declining,Machine Learning,Hard,0.218,0
LRN03367,Casual Learner,20,10,43.58,1,6.47,33.33,1,3,Declining,Machine Learning,Hard,0.16,0
LRN03368,Consistent Learner,28,22,82.09,22,14.81,46.67,6,11,Stable,SQL,Medium,0.586,1
LRN03369,Struggling Learner,7,5,35.91,5,3.58,11.67,2,1,Declining,Generative AI,Medium,0.135,0
LRN03370,Casual Learner,5,3,48.73,6,6.9,8.33,2,3,Stable,Generative AI,Medium,0.28,0
LRN03371,Consistent Learner,42,24,80.23,17,12.45,70.0,11,11,Improving,SQL,Hard,0.645,1
LRN03372,Consistent Learner,43,35,92.68,21,19.11,71.67,10,10,Stable,Python,Easy,0.705,1
LRN03373,Struggling Learner,4,2,37.67,0,7.26,6.67,0,3,Improving,SQL,Medium,0.287,0
LRN03374,Struggling Learner,4,2,42.93,5,6.24,6.67,2,2,Declining,Machine Learning,Easy,0.166,0
LRN03375,Casual Learner,12,6,49.77,0,8.59,20.0,5,1,Declining,Generative AI,Medium,0.225,0
LRN03376,Consistent Learner,34,25,92.57,11,22.85,56.67,11,9,Improving,NLP,Medium,0.743,1
LRN03377,Fast Learner,38,27,97.72,16,19.35,63.33,12,5,Improving,NLP,Hard,0.734,1
LRN03378,Fast Learner,37,30,98.0,29,28.92,61.67,15,12,Improving,SQL,Hard,0.806,1
LRN03379,Consistent Learner,24,13,79.78,17,14.87,40.0,14,5,Stable,NLP,Medium,0.569,1
LRN03380,Consistent Learner,28,25,80.23,20,15.43,46.67,5,5,Improving,Machine Learning,Easy,0.652,1
LRN03381,Struggling Learner,9,5,30.0,0,4.02,15.0,1,3,Declining,MLOps,Medium,0.101,0
LRN03382,Casual Learner,14,8,44.69,0,4.59,23.33,5,5,Stable,MLOps,Hard,0.226,0
LRN03383,Consistent Learner,41,21,86.15,19,17.54,68.33,12,10,Stable,MLOps,Hard,0.613,1
LRN03384,Fast Learner,45,28,95.77,16,22.1,75.0,10,10,Improving,MLOps,Medium,0.802,1
LRN03385,Struggling Learner,13,9,42.05,3,6.22,21.67,3,0,Declining,NLP,Easy,0.189,0
LRN03386,Struggling Learner,7,6,39.89,2,7.09,11.67,2,2,Declining,Python,Easy,0.157,0
LRN03387,Casual Learner,10,5,53.59,10,5.07,16.67,2,5,Stable,NLP,Medium,0.323,0
LRN03388,Consistent Learner,26,20,88.59,22,17.58,43.33,10,7,Improving,NLP,Medium,0.708,1
LRN03389,Casual Learner,22,11,52.65,2,8.64,36.67,1,0,Improving,Python,Easy,0.427,0
LRN03390,Consistent Learner,33,20,81.94,11,20.02,55.0,11,5,Improving,Machine Learning,Easy,0.682,1
LRN03391,Casual Learner,6,4,57.47,6,8.09,10.0,3,0,Declining,Python,Medium,0.249,0
LRN03392,Casual Learner,25,21,60.82,8,11.46,41.67,5,3,Stable,NLP,Hard,0.379,0
LRN03393,Consistent Learner,43,33,89.36,22,20.38,71.67,11,8,Improving,Generative AI,Easy,0.78,1
LRN03394,Struggling Learner,3,2,32.83,4,4.2,5.0,3,1,Declining,Machine Learning,Easy,0.11,0
LRN03395,Consistent Learner,33,23,90.25,24,16.95,55.0,15,10,Stable,SQL,Medium,0.674,1
LRN03396,Consistent Learner,35,17,85.65,16,14.84,58.33,15,4,Improving,Generative AI,Easy,0.712,1
LRN03397,Struggling Learner,2,1,37.14,5,5.41,3.33,1,0,Declining,Generative AI,Medium,0.128,0
LRN03398,Consistent Learner,32,26,87.57,23,15.9,53.33,14,10,Improving,MLOps,Easy,0.73,1
LRN03399,Struggling Learner,9,6,41.96,2,6.38,15.0,3,3,Declining,MLOps,Easy,0.173,0
LRN03400,Casual Learner,17,9,59.68,9,11.37,28.33,2,5,Stable,MLOps,Medium,0.392,0
LRN03401,Consistent Learner,43,24,66.22,12,10.16,71.67,5,10,Improving,Machine Learning,Hard,0.55,1
LRN03402,Consistent Learner,43,23,76.34,12,16.23,71.67,7,9,Improving,Generative AI,Easy,0.67,1
LRN03403,Struggling Learner,3,1,39.88,3,6.4,5.0,1,3,Stable,Generative AI,Hard,0.171,0
LRN03404,Consistent Learner,40,23,84.68,20,19.08,66.67,11,9,Improving,SQL,Medium,0.739,1
LRN03405,Fast Learner,36,18,98.0,17,24.1,60.0,14,9,Stable,MLOps,Hard,0.672,1
LRN03406,Consistent Learner,36,29,82.65,16,11.62,60.0,15,8,Improving,MLOps,Medium,0.691,1
LRN03407,Struggling Learner,7,6,39.21,2,5.23,11.67,1,3,Declining,Generative AI,Medium,0.145,0
LRN03408,Consistent Learner,34,21,79.28,11,17.03,56.67,10,8,Stable,Python,Medium,0.581,1
LRN03409,Casual Learner,24,14,52.38,9,6.46,40.0,0,2,Declining,NLP,Easy,0.281,0
LRN03410,Casual Learner,11,7,52.39,1,9.98,18.33,1,1,Stable,Machine Learning,Medium,0.311,0
LRN03411,Consistent Learner,44,30,78.7,19,18.18,73.33,6,8,Improving,Generative AI,Hard,0.657,1
LRN03412,Fast Learner,55,35,98.0,17,28.98,91.67,19,14,Improving,NLP,Medium,0.894,1
LRN03413,Consistent Learner,39,33,78.03,17,12.35,65.0,10,8,Improving,NLP,Medium,0.673,1
LRN03414,Struggling Learner,6,4,35.16,5,1.04,10.0,1,1,Stable,SQL,Medium,0.198,0
LRN03415,Fast Learner,49,38,98.0,30,26.96,81.67,9,10,Stable,Generative AI,Medium,0.797,1
LRN03416,Struggling Learner,13,8,38.08,2,4.68,21.67,3,2,Stable,NLP,Medium,0.243,0
LRN03417,Consistent Learner,44,34,67.81,13,10.15,73.33,13,8,Improving,Generative AI,Medium,0.633,1
LRN03418,Consistent Learner,31,23,92.78,20,21.25,51.67,13,4,Improving,Python,Medium,0.758,1
LRN03419,Struggling Learner,13,9,31.6,3,4.41,21.67,2,2,Stable,Generative AI,Hard,0.163,0
LRN03420,Struggling Learner,12,9,30.16,3,2.36,20.0,2,3,Stable,Machine Learning,Hard,0.147,0
LRN03421,Casual Learner,18,15,54.23,3,11.77,30.0,3,4,Declining,MLOps,Medium,0.279,0
LRN03422,Consistent Learner,39,22,90.01,21,23.87,65.0,5,5,Improving,MLOps,Medium,0.763,1
LRN03423,Consistent Learner,30,15,98.0,13,24.45,50.0,14,7,Improving,NLP,Easy,0.772,1
LRN03424,Casual Learner,25,15,56.8,2,8.07,41.67,4,0,Stable,SQL,Hard,0.331,0
LRN03425,Fast Learner,52,38,98.0,25,30.77,86.67,17,6,Stable,NLP,Hard,0.774,1
LRN03426,Consistent Learner,26,21,92.37,21,19.21,43.33,13,10,Improving,MLOps,Medium,0.735,1
LRN03427,Consistent Learner,23,20,80.23,18,13.67,38.33,9,7,Stable,Python,Hard,0.504,0
LRN03428,Casual Learner,10,6,47.35,4,6.05,16.67,3,3,Stable,Python,Easy,0.285,0
LRN03429,Consistent Learner,34,29,83.07,12,15.54,56.67,14,4,Stable,NLP,Medium,0.606,1
LRN03430,Struggling Learner,7,6,30.0,1,1.89,11.67,0,0,Improving,Machine Learning,Medium,0.247,0
LRN03431,Consistent Learner,30,23,77.76,19,18.26,50.0,5,8,Improving,Machine Learning,Hard,0.604,1
LRN03432,Fast Learner,56,32,98.0,30,30.57,93.33,9,7,Stable,Python,Medium,0.83,1
LRN03433,Consistent Learner,26,22,78.3,16,15.58,43.33,10,12,Stable,Generative AI,Medium,0.559,0
LRN03434,Consistent Learner,45,29,65.92,15,12.35,75.0,6,12,Improving,NLP,Medium,0.623,1
LRN03435,Consistent Learner,40,27,95.73,14,22.89,66.67,12,6,Improving,Generative AI,Hard,0.738,1
LRN03436,Casual Learner,21,10,56.78,6,9.52,35.0,3,3,Stable,NLP,Medium,0.381,0
LRN03437,Consistent Learner,20,12,88.73,11,21.86,33.33,15,7,Improving,MLOps,Easy,0.686,1
LRN03438,Struggling Learner,0,1,38.3,0,5.8,0.0,3,1,Stable,Machine Learning,Easy,0.199,0
LRN03439,Consistent Learner,32,24,86.32,20,13.56,53.33,14,7,Improving,Python,Easy,0.709,1
LRN03440,Consistent Learner,37,30,92.56,24,22.6,61.67,7,7,Improving,Generative AI,Medium,0.777,1
LRN03441,Consistent Learner,21,13,89.95,19,24.73,35.0,5,10,Improving,Generative AI,Hard,0.65,1
LRN03442,Casual Learner,15,10,58.06,7,8.57,25.0,1,3,Declining,Python,Medium,0.281,0
LRN03443,Struggling Learner,11,8,30.0,1,1.57,18.33,0,3,Improving,SQL,Medium,0.26,0
LRN03444,Consistent Learner,37,31,74.63,10,16.75,61.67,7,10,Improving,NLP,Medium,0.639,1
LRN03445,Casual Learner,8,4,51.23,9,5.6,13.33,1,2,Stable,Python,Hard,0.252,0
LRN03446,Fast Learner,36,18,98.0,26,32.09,60.0,16,8,Improving,Generative AI,Easy,0.85,1
LRN03447,Casual Learner,21,12,58.49,6,11.36,35.0,3,1,Stable,NLP,Easy,0.395,0
LRN03448,Consistent Learner,31,19,92.2,24,18.46,51.67,8,8,Improving,MLOps,Medium,0.744,1
LRN03449,Consistent Learner,41,23,70.93,10,11.96,68.33,9,3,Stable,Generative AI,Medium,0.545,1
LRN03450,Consistent Learner,20,13,86.25,20,19.42,33.33,10,11,Improving,Machine Learning,Medium,0.678,1
LRN03451,Casual Learner,6,3,47.87,2,7.74,10.0,2,0,Stable,NLP,Medium,0.272,0
LRN03452,Consistent Learner,27,20,74.01,22,11.75,45.0,5,11,Improving,Python,Easy,0.613,1
LRN03453,Casual Learner,18,14,49.91,10,3.8,30.0,2,0,Stable,Python,Easy,0.329,0
LRN03454,Consistent Learner,37,18,78.01,14,14.51,61.67,7,10,Improving,MLOps,Easy,0.658,1
LRN03455,Consistent Learner,45,34,81.92,17,14.62,75.0,10,9,Stable,MLOps,Hard,0.588,1
LRN03456,Struggling Learner,7,4,37.95,3,6.52,11.67,1,1,Declining,Machine Learning,Medium,0.146,0
LRN03457,Struggling Learner,3,1,38.51,4,4.39,5.0,1,1,Declining,MLOps,Medium,0.131,0
LRN03458,Casual Learner,24,14,56.59,6,8.68,40.0,3,5,Declining,MLOps,Easy,0.307,0
LRN03459,Casual Learner,22,14,51.07,8,3.16,36.67,4,5,Declining,Python,Medium,0.265,0
LRN03460,Consistent Learner,43,30,81.38,24,16.56,71.67,8,4,Improving,Python,Hard,0.679,1
LRN03461,Struggling Learner,3,1,30.0,0,2.56,5.0,1,2,Stable,Python,Medium,0.156,0
LRN03462,Consistent Learner,28,18,90.89,22,23.91,46.67,7,8,Stable,SQL,Medium,0.658,1
LRN03463,Consistent Learner,36,23,78.46,15,16.79,60.0,7,12,Stable,Generative AI,Hard,0.537,1
LRN03464,Consistent Learner,37,31,77.47,24,10.9,61.67,6,10,Improving,Machine Learning,Medium,0.667,1
LRN03465,Consistent Learner,28,19,75.55,12,12.59,46.67,9,7,Improving,Machine Learning,Easy,0.61,0
LRN03466,Fast Learner,43,30,98.0,26,22.83,71.67,18,15,Improving,NLP,Medium,0.855,1
LRN03467,Struggling Learner,8,6,34.58,5,1.6,13.33,0,1,Declining,Machine Learning,Medium,0.121,0
LRN03468,Consistent Learner,20,14,91.48,16,19.04,33.33,12,6,Stable,Machine Learning,Hard,0.564,1
LRN03469,Casual Learner,5,3,54.53,7,9.35,8.33,2,5,Improving,Machine Learning,Easy,0.397,0
LRN03470,Casual Learner,11,7,47.21,4,6.17,18.33,1,2,Stable,SQL,Hard,0.233,0
LRN03471,Fast Learner,37,23,98.0,23,21.53,61.67,9,10,Improving,Machine Learning,Easy,0.8,1
LRN03472,Struggling Learner,11,7,42.84,3,6.41,18.33,2,0,Declining,Python,Medium,0.184,0
LRN03473,Struggling Learner,5,2,36.03,3,5.88,8.33,1,3,Stable,Python,Medium,0.209,0
LRN03474,Casual Learner,20,11,51.65,1,7.77,33.33,5,1,Stable,SQL,Easy,0.34,0
LRN03475,Consistent Learner,43,27,84.83,19,16.44,71.67,11,12,Improving,Python,Medium,0.738,1
LRN03476,Casual Learner,22,17,65.92,10,11.73,36.67,5,3,Improving,Generative AI,Easy,0.528,1
LRN03477,Fast Learner,37,31,98.0,30,21.42,61.67,13,15,Stable,MLOps,Medium,0.748,1
LRN03478,Consistent Learner,42,24,91.33,10,22.22,70.0,15,8,Stable,MLOps,Medium,0.689,1
LRN03479,Fast Learner,37,25,98.0,21,24.75,61.67,9,12,Improving,Python,Hard,0.755,1
LRN03480,Consistent Learner,26,18,80.05,20,13.0,43.33,15,4,Improving,Generative AI,Hard,0.611,1
LRN03481,Consistent Learner,37,25,77.68,13,10.87,61.67,14,6,Stable,Generative AI,Medium,0.579,1
LRN03482,Fast Learner,38,27,98.0,22,24.01,63.33,17,12,Improving,Machine Learning,Hard,0.779,1
LRN03483,Casual Learner,7,4,50.75,6,3.19,11.67,3,0,Improving,NLP,Medium,0.366,0
LRN03484,Fast Learner,39,24,98.0,20,24.98,65.0,20,7,Improving,Generative AI,Easy,0.838,1
LRN03485,Struggling Learner,3,2,33.3,4,5.47,5.0,1,3,Declining,SQL,Medium,0.111,0
LRN03486,Fast Learner,36,30,98.0,16,27.0,60.0,9,10,Stable,NLP,Hard,0.666,1
LRN03487,Fast Learner,54,48,98.0,17,33.03,90.0,8,14,Improving,NLP,Medium,0.866,1
LRN03488,Consistent Learner,37,32,76.06,12,13.22,61.67,11,11,Improving,Machine Learning,Easy,0.649,1
LRN03489,Consistent Learner,26,20,76.6,24,10.81,43.33,6,7,Improving,Python,Medium,0.626,1
LRN03490,Fast Learner,36,29,98.0,27,23.8,60.0,10,11,Improving,MLOps,Hard,0.767,1
LRN03491,Consistent Learner,30,23,98.0,24,23.39,50.0,14,11,Improving,Python,Easy,0.798,1
LRN03492,Consistent Learner,30,17,95.68,14,24.09,50.0,14,6,Improving,SQL,Hard,0.713,1
LRN03493,Fast Learner,44,38,98.0,22,28.08,73.33,16,15,Improving,Machine Learning,Easy,0.86,1
LRN03494,Consistent Learner,32,21,92.64,21,21.81,53.33,14,7,Improving,MLOps,Hard,0.717,1
LRN03495,Casual Learner,13,11,58.13,3,9.78,21.67,3,3,Improving,Machine Learning,Medium,0.433,0
LRN03496,Consistent Learner,20,14,82.61,20,14.2,33.33,13,6,Improving,MLOps,Medium,0.652,1
LRN03497,Fast Learner,53,43,94.23,21,18.92,88.33,9,12,Stable,SQL,Medium,0.742,1
LRN03498,Casual Learner,5,4,45.36,3,5.54,8.33,1,0,Stable,NLP,Easy,0.25,0
LRN03499,Fast Learner,47,26,98.0,21,18.53,78.33,11,10,Improving,SQL,Hard,0.773,1
LRN03500,Casual Learner,11,6,48.71,6,3.7,18.33,5,2,Declining,SQL,Easy,0.217,0
LRN03501,Consistent Learner,37,19,85.51,16,24.3,61.67,6,3,Improving,Generative AI,Medium,0.727,1
LRN03502,Consistent Learner,43,32,77.75,20,13.75,71.67,6,12,Improving,Python,Medium,0.687,1
LRN03503,Fast Learner,59,48,98.0,28,31.84,98.33,20,12,Improving,NLP,Hard,0.892,1
LRN03504,Consistent Learner,35,21,87.99,17,22.0,58.33,10,5,Stable,SQL,Medium,0.656,1
LRN03505,Struggling Learner,12,7,33.95,0,4.35,20.0,0,3,Improving,Machine Learning,Medium,0.287,0
LRN03506,Consistent Learner,34,24,79.18,19,16.6,56.67,6,7,Improving,Machine Learning,Easy,0.671,1
LRN03507,Consistent Learner,41,23,98.0,25,19.36,68.33,15,8,Improving,NLP,Hard,0.776,1
LRN03508,Casual Learner,21,15,48.52,1,8.35,35.0,3,5,Stable,Python,Medium,0.326,0
LRN03509,Fast Learner,43,26,98.0,23,20.76,71.67,9,7,Improving,Machine Learning,Hard,0.767,1
LRN03510,Consistent Learner,22,19,93.89,16,23.73,36.67,12,4,Stable,MLOps,Easy,0.648,1
LRN03511,Struggling Learner,13,9,34.55,2,3.82,21.67,2,2,Declining,Python,Easy,0.142,0
LRN03512,Fast Learner,60,41,98.0,30,19.54,100.0,14,6,Improving,Python,Easy,0.901,1
LRN03513,Consistent Learner,37,27,79.59,12,13.32,61.67,15,11,Improving,Python,Hard,0.625,1
LRN03514,Consistent Learner,32,16,85.24,23,15.36,53.33,9,3,Improving,MLOps,Hard,0.655,1
LRN03515,Consistent Learner,24,19,83.66,11,21.72,40.0,12,11,Improving,Python,Medium,0.668,1
LRN03516,Consistent Learner,42,35,68.61,12,12.59,70.0,6,7,Stable,MLOps,Medium,0.538,1
LRN03517,Consistent Learner,44,33,84.23,14,17.92,73.33,8,3,Stable,SQL,Medium,0.643,1
LRN03518,Consistent Learner,36,29,76.3,11,13.93,60.0,8,11,Stable,Python,Medium,0.559,1
LRN03519,Fast Learner,43,24,98.0,28,33.63,71.67,14,10,Improving,NLP,Easy,0.874,1
LRN03520,Struggling Learner,3,2,42.63,2,7.63,5.0,2,0,Declining,Machine Learning,Easy,0.158,0
LRN03521,Consistent Learner,40,30,81.87,17,11.56,66.67,15,7,Stable,MLOps,Easy,0.623,1
LRN03522,Struggling Learner,1,1,37.87,4,5.47,1.67,3,2,Stable,Generative AI,Easy,0.21,0
LRN03523,Fast Learner,56,38,98.0,23,23.49,93.33,18,9,Improving,Machine Learning,Medium,0.892,1
LRN03524,Casual Learner,25,20,57.34,7,10.71,41.67,1,3,Improving,NLP,Medium,0.478,0
LRN03525,Casual Learner,16,11,59.72,1,10.53,26.67,5,5,Improving,Python,Medium,0.452,0
LRN03526,Fast Learner,58,41,98.0,25,19.96,96.67,17,11,Improving,Python,Medium,0.89,1
LRN03527,Casual Learner,15,11,58.91,10,9.52,25.0,2,0,Stable,Generative AI,Easy,0.378,0
LRN03528,Casual Learner,17,13,48.64,0,6.58,28.33,3,1,Stable,SQL,Easy,0.305,0
LRN03529,Casual Learner,7,5,54.98,4,8.37,11.67,0,5,Stable,NLP,Easy,0.309,0
LRN03530,Casual Learner,24,18,49.69,8,3.23,40.0,5,5,Declining,Python,Medium,0.268,0
LRN03531,Casual Learner,8,4,55.26,9,7.14,13.33,2,4,Declining,SQL,Easy,0.248,0
LRN03532,Fast Learner,47,39,98.0,19,26.26,78.33,13,5,Improving,Machine Learning,Hard,0.798,1
LRN03533,Fast Learner,40,23,98.0,18,29.71,66.67,12,6,Improving,MLOps,Medium,0.831,1
LRN03534,Consistent Learner,35,30,79.34,25,13.49,58.33,9,5,Stable,MLOps,Easy,0.608,1
LRN03535,Fast Learner,49,31,98.0,30,28.1,81.67,12,6,Improving,MLOps,Medium,0.888,1
LRN03536,Fast Learner,56,33,98.0,19,23.6,93.33,18,10,Improving,Python,Hard,0.832,1
LRN03537,Consistent Learner,43,35,98.0,25,20.26,71.67,12,12,Improving,Machine Learning,Medium,0.829,1
LRN03538,Consistent Learner,38,29,72.23,14,15.22,63.33,8,11,Declining,Python,Easy,0.48,0
LRN03539,Consistent Learner,23,11,64.39,12,11.53,38.33,8,6,Improving,Machine Learning,Hard,0.487,1
LRN03540,Fast Learner,43,33,98.0,23,24.89,71.67,16,9,Improving,SQL,Hard,0.799,1
LRN03541,Consistent Learner,25,20,98.0,25,23.6,41.67,8,11,Stable,NLP,Easy,0.69,1
LRN03542,Casual Learner,23,15,55.65,9,5.74,38.33,0,1,Declining,Generative AI,Hard,0.24,0
LRN03543,Consistent Learner,39,32,75.22,17,12.54,65.0,6,9,Improving,NLP,Medium,0.651,1
LRN03544,Casual Learner,24,17,40.67,1,4.88,40.0,2,0,Stable,Generative AI,Medium,0.287,0
LRN03545,Consistent Learner,45,26,94.06,17,21.59,75.0,13,3,Declining,NLP,Hard,0.593,1
LRN03546,Consistent Learner,23,17,79.37,16,13.35,38.33,12,3,Improving,Machine Learning,Hard,0.581,1
LRN03547,Fast Learner,50,43,98.0,15,33.0,83.33,8,10,Improving,Generative AI,Medium,0.848,1
LRN03548,Struggling Learner,3,2,39.17,4,5.67,5.0,0,1,Declining,Machine Learning,Easy,0.136,0
LRN03549,Casual Learner,22,17,57.1,7,5.52,36.67,4,4,Stable,MLOps,Medium,0.377,0
LRN03550,Struggling Learner,13,7,31.72,0,6.39,21.67,2,1,Declining,NLP,Medium,0.132,0
LRN03551,Consistent Learner,40,21,95.56,22,23.35,66.67,8,6,Declining,MLOps,Medium,0.64,1
LRN03552,Fast Learner,53,31,98.0,22,23.65,88.33,8,14,Improving,SQL,Easy,0.855,1
LRN03553,Consistent Learner,39,27,76.75,24,11.16,65.0,5,6,Improving,NLP,Easy,0.669,1
LRN03554,Fast Learner,36,19,98.0,24,33.23,60.0,13,13,Stable,NLP,Easy,0.757,1
LRN03555,Struggling Learner,9,5,30.64,3,1.89,15.0,2,3,Declining,Machine Learning,Easy,0.107,0
LRN03556,Consistent Learner,24,15,84.1,10,18.63,40.0,10,6,Improving,MLOps,Easy,0.652,1
LRN03557,Consistent Learner,25,17,94.92,11,23.6,41.67,14,8,Declining,Python,Hard,0.523,0
LRN03558,Struggling Learner,10,7,32.82,4,1.08,16.67,0,3,Declining,Machine Learning,Easy,0.115,0
LRN03559,Struggling Learner,14,8,45.95,5,7.99,23.33,0,3,Improving,Machine Learning,Easy,0.373,1
LRN03560,Casual Learner,7,4,60.99,5,11.76,11.67,5,5,Declining,Python,Medium,0.283,0
LRN03561,Fast Learner,47,36,98.0,25,28.98,78.33,17,14,Declining,Python,Easy,0.723,1
LRN03562,Casual Learner,14,10,58.66,5,10.86,23.33,5,5,Stable,Generative AI,Easy,0.373,0
LRN03563,Casual Learner,18,16,47.69,8,6.23,30.0,2,0,Declining,Python,Easy,0.242,0
LRN03564,Consistent Learner,31,25,82.73,24,13.78,51.67,11,11,Declining,NLP,Medium,0.533,0
LRN03565,Fast Learner,52,34,98.0,19,27.88,86.67,12,11,Improving,Python,Hard,0.818,1
LRN03566,Casual Learner,24,13,46.45,1,5.98,40.0,0,4,Improving,NLP,Medium,0.392,0
LRN03567,Consistent Learner,37,27,92.67,21,20.13,61.67,14,8,Improving,Python,Medium,0.778,1
LRN03568,Struggling Learner,15,10,38.94,5,2.8,25.0,3,2,Declining,MLOps,Medium,0.175,0
LRN03569,Casual Learner,8,4,52.09,3,8.63,13.33,1,5,Stable,Python,Easy,0.3,0
LRN03570,Consistent Learner,33,24,82.6,19,17.65,55.0,9,9,Stable,MLOps,Medium,0.614,1
LRN03571,Fast Learner,56,48,98.0,22,23.24,93.33,10,13,Improving,SQL,Hard,0.819,1
LRN03572,Consistent Learner,43,35,87.14,18,20.24,71.67,12,12,Improving,MLOps,Medium,0.761,1
LRN03573,Fast Learner,43,38,98.0,24,33.56,71.67,16,14,Improving,MLOps,Medium,0.868,1
LRN03574,Casual Learner,22,12,51.13,6,5.3,36.67,1,4,Stable,Generative AI,Medium,0.34,0
LRN03575,Struggling Learner,7,5,41.76,5,4.35,11.67,3,3,Declining,SQL,Medium,0.167,0
LRN03576,Consistent Learner,24,13,76.26,13,15.26,40.0,13,10,Improving,NLP,Medium,0.621,1
LRN03577,Consistent Learner,33,17,83.92,22,20.41,55.0,5,12,Improving,Machine Learning,Easy,0.707,1
LRN03578,Fast Learner,53,35,98.0,21,29.18,88.33,9,12,Stable,Python,Medium,0.793,1
LRN03579,Casual Learner,19,12,46.13,1,5.87,31.67,0,5,Declining,SQL,Medium,0.213,0
LRN03580,Casual Learner,18,14,55.62,10,7.36,30.0,2,2,Stable,Python,Easy,0.366,0
LRN03581,Consistent Learner,34,30,88.85,11,24.17,56.67,7,8,Improving,Machine Learning,Medium,0.721,1
LRN03582,Casual Learner,6,5,58.05,9,8.76,10.0,5,4,Declining,SQL,Medium,0.267,0
LRN03583,Consistent Learner,28,17,98.0,18,24.25,46.67,13,7,Stable,MLOps,Medium,0.696,1
LRN03584,Struggling Learner,13,6,36.16,2,2.47,21.67,2,1,Stable,Generative AI,Hard,0.175,0
LRN03585,Casual Learner,19,14,50.12,7,4.44,31.67,1,4,Improving,NLP,Medium,0.405,0
LRN03586,Struggling Learner,15,11,34.38,5,1.42,25.0,2,1,Declining,NLP,Easy,0.148,0
LRN03587,Consistent Learner,39,30,83.02,15,18.1,65.0,12,9,Improving,MLOps,Hard,0.664,1
LRN03588,Casual Learner,14,12,47.18,5,4.77,23.33,0,0,Stable,Python,Medium,0.288,0
LRN03589,Consistent Learner,44,30,80.41,18,17.01,73.33,7,7,Improving,Python,Medium,0.711,1
LRN03590,Struggling Learner,13,8,32.07,0,5.07,21.67,3,1,Improving,NLP,Medium,0.292,0
LRN03591,Casual Learner,21,12,50.92,9,3.56,35.0,4,1,Improving,Generative AI,Easy,0.425,0
LRN03592,Casual Learner,14,8,60.54,9,10.42,23.33,0,1,Improving,SQL,Hard,0.408,0
LRN03593,Struggling Learner,5,3,33.76,2,6.31,8.33,2,0,Stable,Generative AI,Medium,0.2,0
LRN03594,Casual Learner,8,5,51.03,2,8.8,13.33,4,2,Improving,Python,Medium,0.381,0
LRN03595,Struggling Learner,3,2,34.2,2,2.84,5.0,2,0,Improving,SQL,Hard,0.214,0
LRN03596,Struggling Learner,1,1,44.29,4,7.95,1.67,3,3,Stable,SQL,Medium,0.247,0
LRN03597,Casual Learner,22,17,61.0,7,9.08,36.67,2,5,Declining,Generative AI,Medium,0.322,0
LRN03598,Consistent Learner,35,17,80.74,20,13.62,58.33,5,6,Improving,NLP,Medium,0.671,1
LRN03599,Casual Learner,19,12,55.26,1,8.18,31.67,3,1,Stable,SQL,Easy,0.349,0
LRN03600,Casual Learner,13,10,65.67,10,10.76,21.67,5,2,Improving,NLP,Easy,0.494,1
LRN03601,Casual Learner,20,17,54.62,3,8.3,33.33,5,4,Declining,Generative AI,Easy,0.281,0
LRN03602,Consistent Learner,33,23,91.14,25,16.64,55.0,12,7,Stable,Python,Easy,0.672,1
LRN03603,Consistent Learner,45,28,87.27,22,12.48,75.0,14,9,Improving,MLOps,Medium,0.758,1
LRN03604,Casual Learner,6,3,48.56,4,4.27,10.0,0,2,Stable,Python,Medium,0.263,0
LRN03605,Casual Learner,13,11,44.77,3,5.24,21.67,3,0,Stable,Generative AI,Hard,0.228,0
LRN03606,Consistent Learner,45,26,68.54,10,15.36,75.0,6,12,Improving,Python,Easy,0.631,1
LRN03607,Consistent Learner,29,23,84.48,24,15.54,48.33,8,4,Improving,MLOps,Medium,0.693,1
LRN03608,Casual Learner,19,12,50.13,3,5.48,31.67,0,3,Declining,SQL,Easy,0.235,0
LRN03609,Casual Learner,19,13,47.01,3,4.92,31.67,1,4,Improving,Python,Easy,0.382,0
LRN03610,Consistent Learner,25,21,84.8,12,16.21,41.67,13,12,Improving,MLOps,Medium,0.663,1
LRN03611,Struggling Learner,13,7,35.14,4,1.54,21.67,3,2,Declining,NLP,Easy,0.145,0
LRN03612,Consistent Learner,22,15,88.97,18,24.64,36.67,8,8,Improving,NLP,Easy,0.704,1
LRN03613,Casual Learner,5,2,58.66,0,11.95,8.33,2,2,Declining,Python,Medium,0.245,0
LRN03614,Consistent Learner,40,29,78.05,14,16.1,66.67,12,9,Stable,Machine Learning,Medium,0.606,1
LRN03615,Consistent Learner,35,21,86.58,23,19.1,58.33,5,8,Stable,NLP,Easy,0.644,1
LRN03616,Fast Learner,43,34,98.0,24,20.88,71.67,14,9,Stable,MLOps,Medium,0.753,1
LRN03617,Casual Learner,20,14,47.24,4,6.04,33.33,0,5,Stable,Python,Medium,0.31,0
LRN03618,Casual Learner,17,12,48.36,8,3.5,28.33,0,0,Declining,Machine Learning,Hard,0.177,0
LRN03619,Fast Learner,50,30,98.0,27,30.55,83.33,13,5,Improving,Machine Learning,Hard,0.842,1
LRN03620,Fast Learner,43,21,98.0,27,31.02,71.67,15,15,Improving,Python,Easy,0.874,1
LRN03621,Consistent Learner,41,28,89.99,23,17.68,68.33,7,9,Stable,NLP,Easy,0.679,1
LRN03622,Fast Learner,58,49,98.0,18,27.58,96.67,12,7,Improving,NLP,Medium,0.884,1
LRN03623,Casual Learner,6,4,48.66,1,6.86,10.0,2,1,Improving,SQL,Medium,0.35,0
LRN03624,Consistent Learner,33,18,83.98,11,21.06,55.0,10,7,Improving,Python,Easy,0.692,1
LRN03625,Fast Learner,57,44,98.0,29,32.14,95.0,13,6,Improving,NLP,Hard,0.871,1
LRN03626,Fast Learner,44,23,98.0,26,34.56,73.33,15,11,Stable,NLP,Medium,0.794,1
LRN03627,Consistent Learner,42,33,68.37,15,11.39,70.0,7,11,Stable,Machine Learning,Easy,0.543,1
LRN03628,Casual Learner,9,7,46.52,2,4.0,15.0,3,1,Stable,SQL,Medium,0.266,0
LRN03629,Struggling Learner,8,6,30.19,0,6.5,13.33,0,1,Declining,Machine Learning,Hard,0.054,0
LRN03630,Casual Learner,17,9,59.19,8,8.32,28.33,4,0,Improving,NLP,Medium,0.462,0
LRN03631,Consistent Learner,23,16,83.4,11,21.14,38.33,7,8,Stable,NLP,Hard,0.519,0
LRN03632,Fast Learner,55,32,98.0,22,24.77,91.67,15,5,Improving,Machine Learning,Hard,0.833,1
LRN03633,Consistent Learner,32,25,79.37,22,16.57,53.33,6,9,Improving,Machine Learning,Medium,0.673,1
LRN03634,Struggling Learner,6,3,35.07,0,3.7,10.0,1,2,Declining,SQL,Hard,0.063,0
LRN03635,Casual Learner,10,8,53.85,4,5.94,16.67,2,0,Declining,NLP,Medium,0.231,0
LRN03636,Consistent Learner,45,31,93.23,16,23.97,75.0,15,11,Stable,SQL,Medium,0.73,1
LRN03637,Fast Learner,36,22,98.0,15,34.7,60.0,14,11,Improving,SQL,Hard,0.766,1
LRN03638,Casual Learner,12,6,56.2,0,11.59,20.0,2,3,Stable,MLOps,Medium,0.337,0
LRN03639,Consistent Learner,42,25,97.31,25,22.79,70.0,5,9,Improving,NLP,Medium,0.813,1
LRN03640,Consistent Learner,34,27,95.39,11,23.25,56.67,15,8,Improving,NLP,Easy,0.767,1
LRN03641,Consistent Learner,20,12,87.67,24,12.4,33.33,11,7,Improving,Python,Medium,0.674,1
LRN03642,Fast Learner,38,23,98.0,25,33.22,63.33,15,10,Improving,Python,Medium,0.852,1
LRN03643,Consistent Learner,32,26,76.74,15,12.4,53.33,13,8,Improving,SQL,Easy,0.646,1
LRN03644,Fast Learner,52,28,98.0,25,24.13,86.67,13,5,Improving,Python,Easy,0.874,1
LRN03645,Consistent Learner,41,22,93.25,21,21.41,68.33,5,8,Improving,MLOps,Easy,0.776,1
LRN03646,Consistent Learner,36,19,72.93,12,10.37,60.0,9,4,Stable,Python,Medium,0.537,1
LRN03647,Fast Learner,43,28,98.0,26,30.49,71.67,9,10,Stable,SQL,Hard,0.726,1
LRN03648,Consistent Learner,39,33,83.41,22,12.18,65.0,13,12,Improving,Generative AI,Medium,0.717,1
LRN03649,Fast Learner,39,20,98.0,20,29.46,65.0,11,14,Improving,SQL,Medium,0.83,1
LRN03650,Fast Learner,44,25,98.0,18,32.1,73.33,11,12,Improving,SQL,Medium,0.843,1
LRN03651,Casual Learner,23,14,46.89,6,5.0,38.33,3,4,Improving,NLP,Medium,0.408,0
LRN03652,Fast Learner,44,39,98.0,25,33.32,73.33,19,14,Declining,Generative AI,Medium,0.722,1
LRN03653,Casual Learner,23,17,49.31,1,5.88,38.33,2,3,Declining,Python,Medium,0.246,0
LRN03654,Casual Learner,18,9,52.02,3,10.03,30.0,5,0,Improving,SQL,Easy,0.428,0
LRN03655,Consistent Learner,40,26,93.66,13,21.38,66.67,15,12,Improving,Generative AI,Medium,0.778,1
LRN03656,Consistent Learner,28,24,76.82,19,10.09,46.67,8,11,Improving,Machine Learning,Medium,0.623,1
LRN03657,Casual Learner,17,11,44.44,2,3.39,28.33,3,2,Stable,NLP,Easy,0.281,0
LRN03658,Consistent Learner,35,31,71.33,11,12.9,58.33,13,11,Improving,Python,Medium,0.622,0
LRN03659,Casual Learner,23,11,54.59,4,7.88,38.33,3,3,Stable,Generative AI,Medium,0.367,0
LRN03660,Fast Learner,53,36,98.0,28,26.62,88.33,11,11,Improving,Generative AI,Medium,0.889,1
LRN03661,Consistent Learner,38,31,76.65,10,15.81,63.33,11,9,Stable,Python,Hard,0.528,0
LRN03662,Casual Learner,14,10,50.38,2,9.54,23.33,2,1,Stable,Python,Medium,0.316,0
LRN03663,Casual Learner,24,18,52.21,10,4.21,40.0,2,0,Stable,Generative AI,Medium,0.361,0
LRN03664,Fast Learner,36,26,98.0,23,27.03,60.0,16,5,Improving,MLOps,Easy,0.832,1
LRN03665,Struggling Learner,1,1,42.91,2,7.61,1.67,1,1,Stable,NLP,Hard,0.18,0
LRN03666,Casual Learner,9,4,51.28,2,6.48,15.0,0,1,Stable,NLP,Medium,0.288,0
LRN03667,Consistent Learner,21,12,85.95,25,14.8,35.0,15,7,Improving,Generative AI,Easy,0.69,1
LRN03668,Consistent Learner,25,13,93.14,20,23.84,41.67,8,10,Stable,Generative AI,Medium,0.655,1
LRN03669,Struggling Learner,2,1,36.64,2,3.34,3.33,3,0,Stable,Python,Easy,0.196,0
LRN03670,Struggling Learner,15,10,37.84,3,5.68,25.0,1,2,Declining,Machine Learning,Easy,0.17,0
LRN03671,Consistent Learner,37,28,72.85,17,12.39,61.67,5,8,Improving,SQL,Easy,0.63,1
LRN03672,Fast Learner,49,39,98.0,27,26.85,81.67,12,5,Improving,NLP,Hard,0.826,1
LRN03673,Casual Learner,20,15,51.26,5,7.6,33.33,3,2,Stable,Machine Learning,Easy,0.343,0
LRN03674,Casual Learner,17,12,58.67,9,7.09,28.33,1,4,Improving,MLOps,Medium,0.451,0
LRN03675,Fast Learner,56,30,98.0,25,18.4,93.33,20,9,Improving,SQL,Medium,0.886,1
LRN03676,Consistent Learner,27,19,84.74,16,19.24,45.0,13,12,Improving,Machine Learning,Medium,0.691,1
LRN03677,Consistent Learner,38,22,82.09,23,16.18,63.33,6,3,Improving,MLOps,Medium,0.706,1
LRN03678,Consistent Learner,35,19,78.82,12,19.78,58.33,9,12,Improving,Machine Learning,Easy,0.672,1
LRN03679,Fast Learner,37,31,98.0,28,20.53,61.67,14,9,Improving,NLP,Easy,0.822,1
LRN03680,Fast Learner,37,23,98.0,18,18.11,61.67,14,11,Stable,Machine Learning,Medium,0.708,1
LRN03681,Casual Learner,6,5,45.74,7,3.49,10.0,4,2,Declining,NLP,Medium,0.186,0
LRN03682,Casual Learner,10,5,57.0,0,10.24,16.67,5,2,Stable,MLOps,Medium,0.336,0
LRN03683,Struggling Learner,6,3,30.0,1,1.4,10.0,1,0,Declining,NLP,Medium,0.085,0
LRN03684,Casual Learner,6,4,56.12,10,8.64,10.0,5,3,Improving,NLP,Easy,0.421,0
LRN03685,Consistent Learner,40,24,63.08,11,12.2,66.67,5,9,Improving,NLP,Hard,0.53,0
LRN03686,Consistent Learner,38,32,93.68,23,19.7,63.33,10,5,Stable,Python,Hard,0.65,1
LRN03687,Consistent Learner,35,31,80.07,18,20.08,58.33,6,4,Improving,MLOps,Medium,0.687,1
LRN03688,Casual Learner,22,16,58.16,7,7.84,36.67,2,2,Stable,Machine Learning,Medium,0.385,0
LRN03689,Fast Learner,58,51,98.0,26,19.19,96.67,13,7,Stable,SQL,Medium,0.8,1
LRN03690,Struggling Learner,12,10,36.16,2,7.47,20.0,1,0,Declining,SQL,Medium,0.155,0
LRN03691,Casual Learner,14,11,57.04,4,8.79,23.33,1,1,Stable,Machine Learning,Medium,0.346,0
LRN03692,Consistent Learner,35,31,89.28,19,20.4,58.33,5,7,Stable,SQL,Easy,0.65,1
LRN03693,Consistent Learner,28,16,98.0,25,23.7,46.67,7,11,Improving,Python,Medium,0.778,1
LRN03694,Casual Learner,7,5,48.51,9,3.2,11.67,4,3,Improving,Generative AI,Easy,0.366,0
LRN03695,Fast Learner,55,30,98.0,18,22.41,91.67,10,13,Improving,Generative AI,Medium,0.852,1
LRN03696,Struggling Learner,5,3,31.32,4,2.99,8.33,0,0,Declining,Generative AI,Easy,0.098,0
LRN03697,Casual Learner,13,8,48.56,10,5.06,21.67,2,3,Improving,SQL,Easy,0.39,1
LRN03698,Consistent Learner,42,27,90.78,10,23.04,70.0,13,3,Improving,MLOps,Easy,0.764,1
LRN03699,Casual Learner,12,9,57.22,7,5.9,20.0,4,5,Declining,Generative AI,Easy,0.266,0
LRN03700,Struggling Learner,3,2,30.0,1,2.09,5.0,0,0,Stable,SQL,Easy,0.155,0
LRN03701,Fast Learner,43,31,98.0,30,22.46,71.67,16,13,Improving,NLP,Easy,0.859,1
LRN03702,Struggling Learner,14,12,30.0,2,1.18,23.33,0,3,Stable,NLP,Medium,0.191,0
LRN03703,Casual Learner,11,5,50.64,5,4.17,18.33,3,1,Stable,Python,Easy,0.299,0
LRN03704,Consistent Learner,39,33,96.86,17,24.98,65.0,12,12,Improving,SQL,Medium,0.804,1
LRN03705,Casual Learner,24,19,53.58,3,6.91,40.0,3,4,Stable,Machine Learning,Easy,0.36,0
LRN03706,Casual Learner,22,19,60.7,8,9.06,36.67,2,3,Improving,SQL,Medium,0.483,0
LRN03707,Casual Learner,8,5,49.93,5,6.77,13.33,0,2,Improving,Machine Learning,Medium,0.367,0
LRN03708,Casual Learner,20,15,57.86,5,11.62,33.33,5,2,Improving,MLOps,Medium,0.472,1
LRN03709,Consistent Learner,45,38,94.76,19,19.98,75.0,12,8,Improving,NLP,Medium,0.804,1
LRN03710,Consistent Learner,40,32,62.75,13,10.76,66.67,5,3,Improving,Machine Learning,Medium,0.579,1
LRN03711,Consistent Learner,36,23,90.15,24,20.05,60.0,5,3,Stable,SQL,Medium,0.669,1
LRN03712,Struggling Learner,13,11,35.6,4,2.35,21.67,0,2,Declining,NLP,Hard,0.092,0
LRN03713,Casual Learner,19,16,61.51,10,8.7,31.67,1,5,Improving,NLP,Medium,0.478,0
LRN03714,Struggling Learner,15,8,30.0,0,3.22,25.0,0,2,Declining,Generative AI,Medium,0.116,0
LRN03715,Fast Learner,45,28,98.0,21,25.58,75.0,19,6,Improving,Generative AI,Easy,0.86,1
LRN03716,Fast Learner,57,41,98.0,23,27.6,95.0,13,15,Stable,NLP,Easy,0.817,1
LRN03717,Consistent Learner,28,24,67.89,14,10.1,46.67,12,10,Improving,SQL,Medium,0.58,1
LRN03718,Consistent Learner,40,34,86.07,20,16.67,66.67,15,4,Improving,Python,Medium,0.747,1
LRN03719,Fast Learner,52,33,98.0,19,25.39,86.67,8,12,Improving,MLOps,Medium,0.85,1
LRN03720,Struggling Learner,13,10,46.35,5,6.64,21.67,3,3,Declining,Python,Medium,0.215,0
LRN03721,Struggling Learner,2,1,30.0,1,1.01,3.33,3,2,Stable,Machine Learning,Medium,0.155,0
LRN03722,Casual Learner,17,9,52.33,7,6.26,28.33,1,5,Stable,Machine Learning,Easy,0.334,0
LRN03723,Fast Learner,51,30,98.0,15,23.52,85.0,20,7,Stable,NLP,Medium,0.779,1
LRN03724,Consistent Learner,35,30,86.46,23,19.55,58.33,6,9,Stable,NLP,Easy,0.647,1
LRN03725,Fast Learner,41,30,98.0,24,31.19,68.33,10,13,Stable,Python,Medium,0.767,1
LRN03726,Fast Learner,41,34,98.0,27,19.06,68.33,9,10,Stable,Python,Medium,0.736,1
LRN03727,Casual Learner,12,8,48.64,7,6.9,20.0,0,2,Improving,MLOps,Hard,0.331,0
LRN03728,Casual Learner,19,14,61.41,10,8.48,31.67,1,0,Stable,Python,Medium,0.397,0
LRN03729,Casual Learner,22,18,52.12,9,7.15,36.67,3,0,Declining,Generative AI,Easy,0.283,0
LRN03730,Casual Learner,22,15,58.84,7,7.65,36.67,3,4,Improving,SQL,Medium,0.47,1
LRN03731,Struggling Learner,12,10,39.65,3,4.77,20.0,1,3,Stable,MLOps,Easy,0.245,0
LRN03732,Struggling Learner,14,11,31.48,2,1.45,23.33,2,3,Stable,Python,Hard,0.153,0
LRN03733,Casual Learner,11,5,54.15,2,6.46,18.33,5,5,Stable,MLOps,Medium,0.32,0
LRN03734,Fast Learner,40,24,98.0,20,33.41,66.67,12,11,Stable,Python,Medium,0.758,1
LRN03735,Consistent Learner,30,22,81.98,18,10.84,50.0,15,5,Improving,Machine Learning,Hard,0.621,1
LRN03736,Consistent Learner,37,19,66.99,17,11.29,61.67,6,12,Stable,MLOps,Easy,0.523,1
LRN03737,Casual Learner,5,3,54.76,7,5.48,8.33,4,0,Improving,Machine Learning,Easy,0.39,0
LRN03738,Casual Learner,7,4,48.59,9,5.96,11.67,1,4,Stable,Python,Hard,0.238,0
LRN03739,Struggling Learner,5,3,37.7,4,4.04,8.33,0,0,Declining,MLOps,Easy,0.13,0
LRN03740,Struggling Learner,2,1,40.66,2,7.25,3.33,2,0,Declining,NLP,Easy,0.144,0
LRN03741,Consistent Learner,24,15,93.15,18,22.53,40.0,7,3,Improving,Python,Medium,0.72,1
LRN03742,Struggling Learner,4,2,33.24,5,2.96,6.67,0,2,Declining,Generative AI,Hard,0.056,0
LRN03743,Consistent Learner,29,16,87.12,11,24.98,48.33,8,3,Stable,Generative AI,Hard,0.571,0
LRN03744,Consistent Learner,37,27,83.34,15,19.13,61.67,7,7,Improving,Machine Learning,Medium,0.7,1
LRN03745,Consistent Learner,31,16,89.26,16,22.96,51.67,7,8,Improving,SQL,Hard,0.672,1
LRN03746,Consistent Learner,28,24,88.34,14,23.98,46.67,7,10,Stable,Python,Medium,0.626,1
LRN03747,Struggling Learner,5,3,30.28,1,3.96,8.33,1,2,Declining,Machine Learning,Medium,0.091,0
LRN03748,Consistent Learner,40,27,70.51,13,10.06,66.67,10,8,Stable,MLOps,Hard,0.494,1
LRN03749,Fast Learner,54,30,98.0,26,27.28,90.0,13,8,Improving,Python,Medium,0.894,1
LRN03750,Consistent Learner,23,17,83.59,15,16.94,38.33,10,5,Improving,SQL,Easy,0.654,1
LRN03751,Casual Learner,23,14,52.79,7,6.14,38.33,4,3,Stable,NLP,Easy,0.363,0
LRN03752,Fast Learner,48,37,98.0,25,30.06,80.0,20,10,Stable,Generative AI,Easy,0.818,1
LRN03753,Fast Learner,56,44,98.0,27,27.2,93.33,10,10,Stable,Generative AI,Easy,0.815,1
LRN03754,Consistent Learner,44,37,89.64,15,16.42,73.33,15,8,Stable,NLP,Easy,0.682,1
LRN03755,Consistent Learner,24,19,94.07,14,22.4,40.0,11,5,Improving,NLP,Hard,0.673,1
LRN03756,Fast Learner,37,29,98.0,19,24.29,61.67,18,12,Improving,Machine Learning,Medium,0.821,1
LRN03757,Struggling Learner,14,8,35.68,2,4.34,23.33,3,3,Stable,NLP,Hard,0.185,0
LRN03758,Consistent Learner,36,20,78.25,20,10.47,60.0,8,11,Improving,Python,Medium,0.66,1
LRN03759,Casual Learner,12,8,65.17,9,11.86,20.0,3,2,Declining,MLOps,Medium,0.324,0
LRN03760,Consistent Learner,29,25,79.52,15,14.98,48.33,15,8,Improving,Python,Medium,0.662,1
LRN03761,Consistent Learner,28,22,91.58,18,21.57,46.67,15,7,Improving,MLOps,Medium,0.743,1
LRN03762,Fast Learner,37,26,98.0,27,27.5,61.67,8,11,Improving,Generative AI,Easy,0.828,1
LRN03763,Struggling Learner,6,3,38.39,1,4.63,10.0,1,0,Declining,MLOps,Medium,0.133,0
LRN03764,Fast Learner,51,40,98.0,30,24.35,85.0,20,6,Improving,MLOps,Easy,0.902,1
LRN03765,Consistent Learner,40,30,86.83,15,21.33,66.67,10,3,Improving,SQL,Easy,0.74,1
LRN03766,Consistent Learner,39,33,87.2,10,18.74,65.0,15,11,Improving,NLP,Medium,0.729,1
LRN03767,Fast Learner,35,30,98.0,24,25.83,58.33,17,7,Improving,SQL,Medium,0.83,1
LRN03768,Fast Learner,55,32,98.0,24,23.67,91.67,12,9,Improving,Python,Hard,0.827,1
LRN03769,Struggling Learner,15,12,35.96,3,7.96,25.0,1,1,Declining,MLOps,Hard,0.119,0
LRN03770,Consistent Learner,36,32,88.87,17,23.38,60.0,5,12,Improving,NLP,Medium,0.736,1
LRN03771,Fast Learner,52,43,95.72,16,20.07,86.67,9,13,Improving,Generative AI,Easy,0.816,1
LRN03772,Struggling Learner,3,1,30.0,3,1.86,5.0,2,3,Improving,MLOps,Easy,0.244,0
LRN03773,Consistent Learner,23,17,79.86,10,16.72,38.33,9,5,Improving,Machine Learning,Medium,0.621,1
LRN03774,Struggling Learner,10,5,37.29,1,5.28,16.67,0,3,Stable,Machine Learning,Easy,0.221,0
LRN03775,Struggling Learner,2,1,32.76,4,4.87,3.33,0,0,Declining,Python,Hard,0.051,0
LRN03776,Consistent Learner,41,27,91.65,20,22.58,68.33,6,6,Improving,Generative AI,Medium,0.773,1
LRN03777,Casual Learner,6,5,49.49,9,4.59,10.0,5,4,Stable,Python,Easy,0.295,0
LRN03778,Consistent Learner,39,34,82.17,17,15.81,65.0,11,3,Stable,SQL,Easy,0.625,1
LRN03779,Consistent Learner,42,32,87.82,10,20.7,70.0,11,6,Improving,SQL,Hard,0.688,1
LRN03780,Fast Learner,47,41,98.0,28,30.07,78.33,10,10,Stable,Generative AI,Easy,0.797,1
LRN03781,Consistent Learner,21,17,98.0,21,23.18,35.0,15,4,Improving,SQL,Medium,0.762,1
LRN03782,Consistent Learner,26,17,66.47,14,10.83,43.33,9,3,Stable,Machine Learning,Medium,0.482,1
LRN03783,Consistent Learner,27,15,76.12,11,13.55,45.0,8,9,Declining,Machine Learning,Medium,0.447,0
LRN03784,Casual Learner,23,11,53.18,8,5.88,38.33,0,5,Improving,NLP,Easy,0.437,0
LRN03785,Consistent Learner,22,16,93.83,23,20.7,36.67,13,6,Improving,Python,Easy,0.738,1
LRN03786,Casual Learner,16,12,60.99,5,10.81,26.67,4,5,Improving,MLOps,Easy,0.467,0
LRN03787,Fast Learner,38,21,98.0,15,30.97,63.33,10,8,Declining,Python,Medium,0.653,1
LRN03788,Casual Learner,17,13,52.07,9,9.7,28.33,0,3,Declining,Python,Hard,0.217,0
LRN03789,Struggling Learner,12,9,37.96,3,6.7,20.0,3,2,Improving,NLP,Medium,0.329,0
LRN03790,Casual Learner,21,15,51.38,4,8.65,35.0,1,5,Stable,MLOps,Hard,0.293,0
LRN03791,Casual Learner,20,17,49.26,2,10.06,33.33,0,1,Declining,Generative AI,Hard,0.197,0
LRN03792,Fast Learner,42,29,98.0,25,24.52,70.0,11,9,Improving,Machine Learning,Medium,0.837,1
LRN03793,Casual Learner,20,12,46.6,9,4.03,33.33,3,2,Improving,Generative AI,Medium,0.401,0
LRN03794,Casual Learner,6,5,53.96,10,3.45,10.0,4,0,Stable,NLP,Easy,0.311,0
LRN03795,Struggling Learner,8,4,32.51,3,1.95,13.33,1,2,Improving,Generative AI,Easy,0.27,0
LRN03796,Fast Learner,45,34,98.0,18,18.96,75.0,12,11,Improving,SQL,Medium,0.812,1
LRN03797,Fast Learner,36,23,98.0,15,31.33,60.0,10,7,Stable,SQL,Medium,0.726,1
LRN03798,Consistent Learner,22,11,79.19,15,16.75,36.67,7,11,Improving,Python,Medium,0.623,1
LRN03799,Fast Learner,47,30,98.0,29,22.2,78.33,17,5,Improving,Generative AI,Easy,0.871,1
LRN03800,Consistent Learner,44,22,98.0,22,22.72,73.33,14,4,Stable,Generative AI,Easy,0.757,1
LRN03801,Casual Learner,16,13,51.49,1,6.91,26.67,1,0,Improving,Machine Learning,Medium,0.393,0
LRN03802,Struggling Learner,12,6,38.22,4,2.82,20.0,2,3,Declining,Machine Learning,Easy,0.157,0
LRN03803,Casual Learner,14,7,53.33,9,5.23,23.33,4,4,Improving,Generative AI,Medium,0.418,0
LRN03804,Consistent Learner,20,16,79.62,21,12.16,33.33,15,8,Improving,MLOps,Hard,0.589,1
LRN03805,Consistent Learner,20,10,85.56,23,13.69,33.33,10,12,Improving,Generative AI,Medium,0.664,1
LRN03806,Casual Learner,10,8,51.04,3,7.77,16.67,4,0,Improving,NLP,Medium,0.387,1
LRN03807,Casual Learner,22,18,41.33,0,5.02,36.67,1,4,Improving,NLP,Medium,0.359,0
LRN03808,Consistent Learner,24,19,86.15,12,20.44,40.0,14,4,Stable,Python,Medium,0.603,0
LRN03809,Consistent Learner,35,17,80.16,19,14.4,58.33,10,7,Stable,Python,Hard,0.551,0
LRN03810,Consistent Learner,33,26,87.25,19,17.06,55.0,8,4,Improving,Machine Learning,Medium,0.71,1
LRN03811,Consistent Learner,34,20,90.12,22,19.37,56.67,7,9,Improving,Machine Learning,Hard,0.69,1
LRN03812,Fast Learner,56,50,98.0,17,32.65,93.33,17,15,Improving,Machine Learning,Medium,0.895,1
LRN03813,Struggling Learner,8,4,30.0,1,1.44,13.33,2,1,Declining,SQL,Easy,0.094,0
LRN03814,Consistent Learner,32,16,89.88,12,22.16,53.33,15,9,Stable,Python,Medium,0.654,1
LRN03815,Fast Learner,56,37,98.0,22,22.56,93.33,14,8,Improving,SQL,Medium,0.877,1
LRN03816,Struggling Learner,8,6,30.0,0,2.35,13.33,1,2,Stable,NLP,Medium,0.172,0
LRN03817,Fast Learner,38,33,98.0,24,30.59,63.33,15,11,Improving,Machine Learning,Medium,0.849,1
LRN03818,Casual Learner,12,9,50.83,4,9.6,20.0,0,2,Stable,NLP,Hard,0.261,0
LRN03819,Struggling Learner,6,4,30.0,0,1.45,10.0,3,2,Stable,MLOps,Medium,0.167,0
LRN03820,Struggling Learner,8,4,31.33,1,2.57,13.33,0,0,Declining,MLOps,Hard,0.049,0
LRN03821,Consistent Learner,33,28,72.6,11,10.15,55.0,15,7,Improving,MLOps,Easy,0.617,1
LRN03822,Consistent Learner,42,28,73.68,15,12.77,70.0,11,4,Improving,Generative AI,Medium,0.662,1
LRN03823,Consistent Learner,26,13,69.47,16,11.17,43.33,6,11,Improving,SQL,Medium,0.574,0
LRN03824,Casual Learner,5,2,52.11,0,5.75,8.33,5,1,Stable,MLOps,Easy,0.283,0
LRN03825,Casual Learner,17,9,49.74,6,5.58,28.33,2,4,Stable,NLP,Medium,0.32,0
LRN03826,Struggling Learner,15,12,41.02,5,5.54,25.0,1,3,Stable,Python,Medium,0.269,0
LRN03827,Casual Learner,10,5,51.18,8,6.29,16.67,4,1,Improving,NLP,Easy,0.396,0
LRN03828,Consistent Learner,36,23,85.24,25,14.66,60.0,13,10,Improving,Generative AI,Hard,0.682,1
LRN03829,Consistent Learner,42,32,77.01,12,20.29,70.0,5,8,Improving,NLP,Medium,0.679,1
LRN03830,Consistent Learner,27,17,87.54,17,16.66,45.0,14,11,Improving,Python,Medium,0.7,1
LRN03831,Struggling Learner,5,3,37.25,5,6.51,8.33,0,2,Declining,SQL,Hard,0.089,0
LRN03832,Consistent Learner,24,13,69.97,15,13.64,40.0,5,10,Improving,Python,Hard,0.523,0
LRN03833,Consistent Learner,41,33,86.8,15,22.47,68.33,8,3,Improving,Python,Medium,0.742,1
LRN03834,Consistent Learner,22,18,67.14,12,14.15,36.67,7,11,Improving,Python,Hard,0.502,1
LRN03835,Fast Learner,52,37,98.0,28,21.43,86.67,10,9,Improving,SQL,Easy,0.865,1
LRN03836,Casual Learner,22,18,45.05,1,6.83,36.67,3,1,Stable,NLP,Easy,0.309,0
LRN03837,Casual Learner,24,12,58.53,10,10.88,40.0,2,5,Stable,Generative AI,Easy,0.411,0
LRN03838,Consistent Learner,22,19,92.76,18,20.47,36.67,15,6,Stable,SQL,Medium,0.644,1
LRN03839,Casual Learner,16,10,47.95,1,6.75,26.67,4,2,Stable,MLOps,Medium,0.304,0
LRN03840,Casual Learner,24,15,51.19,5,5.49,40.0,4,1,Stable,Generative AI,Hard,0.302,0
LRN03841,Consistent Learner,37,31,87.69,15,23.14,61.67,8,12,Improving,Machine Learning,Easy,0.735,1
LRN03842,Consistent Learner,32,28,79.39,11,17.45,53.33,7,4,Improving,Machine Learning,Medium,0.649,1
LRN03843,Consistent Learner,22,14,84.56,13,23.7,36.67,5,6,Stable,Generative AI,Easy,0.58,0
LRN03844,Casual Learner,5,3,50.37,7,5.74,8.33,2,0,Declining,Generative AI,Hard,0.156,0
LRN03845,Consistent Learner,30,24,85.03,10,22.88,50.0,13,9,Stable,NLP,Hard,0.568,0
LRN03846,Consistent Learner,43,33,89.54,16,21.19,71.67,14,6,Improving,Python,Easy,0.775,1
LRN03847,Consistent Learner,29,18,66.93,11,12.72,48.33,6,9,Improving,Machine Learning,Medium,0.565,0
LRN03848,Fast Learner,37,30,98.0,30,34.53,61.67,18,5,Stable,Machine Learning,Hard,0.739,1
LRN03849,Consistent Learner,40,29,82.84,19,21.45,66.67,6,3,Improving,NLP,Hard,0.673,1
LRN03850,Consistent Learner,45,25,84.06,12,20.11,75.0,15,8,Improving,Python,Hard,0.695,1
LRN03851,Consistent Learner,31,21,88.21,24,15.65,51.67,14,4,Improving,MLOps,Hard,0.681,1
LRN03852,Struggling Learner,14,9,30.0,2,3.3,23.33,2,2,Declining,Machine Learning,Medium,0.123,0
LRN03853,Fast Learner,41,30,98.0,20,22.0,68.33,18,9,Improving,NLP,Medium,0.829,1
LRN03854,Casual Learner,8,4,50.12,5,7.63,13.33,4,4,Stable,SQL,Medium,0.301,0
LRN03855,Consistent Learner,34,18,73.19,13,13.9,56.67,7,9,Improving,NLP,Medium,0.621,1
LRN03856,Fast Learner,58,44,98.0,21,33.2,96.67,8,14,Improving,Python,Medium,0.89,1
LRN03857,Fast Learner,57,42,98.0,29,23.5,95.0,17,14,Improving,Machine Learning,Medium,0.909,1
LRN03858,Struggling Learner,15,11,33.09,1,1.92,25.0,0,3,Stable,Generative AI,Hard,0.158,0
LRN03859,Fast Learner,56,33,98.0,16,24.29,93.33,12,6,Improving,NLP,Hard,0.811,1
LRN03860,Casual Learner,25,15,49.34,2,4.82,41.67,5,1,Stable,NLP,Easy,0.339,0
LRN03861,Consistent Learner,44,36,74.92,13,16.77,73.33,7,3,Improving,Python,Hard,0.622,1
LRN03862,Casual Learner,13,9,56.45,3,11.12,21.67,4,5,Stable,NLP,Medium,0.352,0
LRN03863,Consistent Learner,32,21,84.87,18,15.8,53.33,13,11,Declining,NLP,Medium,0.542,0
LRN03864,Casual Learner,21,11,54.35,9,6.81,35.0,0,2,Stable,Python,Medium,0.361,0
LRN03865,Consistent Learner,21,12,88.34,19,20.3,35.0,9,10,Improving,Machine Learning,Medium,0.688,1
LRN03866,Fast Learner,52,31,98.0,16,25.0,86.67,17,10,Improving,NLP,Easy,0.863,1
LRN03867,Consistent Learner,22,19,94.64,17,23.08,36.67,14,4,Improving,NLP,Medium,0.736,1
LRN03868,Struggling Learner,0,1,32.77,3,2.6,0.0,0,0,Declining,NLP,Medium,0.084,0
LRN03869,Consistent Learner,20,17,76.73,16,11.59,33.33,14,5,Stable,Generative AI,Hard,0.478,1
LRN03870,Consistent Learner,44,35,81.44,22,14.57,73.33,8,4,Improving,Generative AI,Medium,0.72,1
LRN03871,Casual Learner,21,16,49.67,6,6.7,35.0,1,1,Declining,Python,Easy,0.254,0
LRN03872,Fast Learner,60,42,98.0,24,24.97,100.0,18,14,Improving,NLP,Medium,0.913,1
LRN03873,Consistent Learner,35,21,88.02,20,16.79,58.33,8,9,Stable,Machine Learning,Hard,0.592,1
LRN03874,Consistent Learner,24,12,81.96,24,11.63,40.0,11,5,Improving,Python,Medium,0.659,1
LRN03875,Casual Learner,13,11,59.99,2,11.26,21.67,4,0,Stable,Python,Medium,0.366,0
LRN03876,Consistent Learner,29,21,94.53,22,19.49,48.33,13,9,Improving,Python,Medium,0.758,1
LRN03877,Fast Learner,60,30,98.0,19,33.4,100.0,20,9,Declining,Machine Learning,Medium,0.762,1
LRN03878,Casual Learner,9,6,51.58,8,7.16,15.0,3,0,Stable,MLOps,Hard,0.265,0
LRN03879,Struggling Learner,7,6,30.0,2,2.58,11.67,3,2,Declining,Machine Learning,Medium,0.1,0
LRN03880,Struggling Learner,2,1,34.89,5,3.9,3.33,1,2,Improving,SQL,Easy,0.272,0
LRN03881,Casual Learner,20,13,63.65,10,10.99,33.33,1,5,Improving,MLOps,Hard,0.449,0
LRN03882,Struggling Learner,11,9,36.46,5,2.97,18.33,0,1,Stable,Generative AI,Easy,0.224,0
LRN03883,Consistent Learner,25,13,89.52,19,16.53,41.67,15,3,Stable,Generative AI,Medium,0.629,1
LRN03884,Consistent Learner,39,32,86.1,19,11.72,65.0,15,6,Improving,MLOps,Easy,0.725,1
LRN03885,Casual Learner,18,14,53.56,8,4.13,30.0,5,3,Stable,Generative AI,Easy,0.349,0
LRN03886,Casual Learner,21,12,53.38,7,5.55,35.0,2,0,Declining,NLP,Medium,0.272,0
LRN03887,Consistent Learner,43,33,81.16,21,14.76,71.67,13,5,Improving,Machine Learning,Medium,0.726,1
LRN03888,Consistent Learner,24,13,74.08,10,10.89,40.0,15,9,Stable,Machine Learning,Medium,0.514,1
LRN03889,Casual Learner,9,5,42.56,0,5.95,15.0,1,0,Stable,Generative AI,Medium,0.244,0
LRN03890,Casual Learner,9,4,53.53,5,7.92,15.0,2,5,Improving,MLOps,Medium,0.396,0
LRN03891,Consistent Learner,21,17,97.13,25,24.34,35.0,8,3,Improving,Python,Hard,0.705,1
LRN03892,Consistent Learner,43,24,85.16,16,21.45,71.67,7,12,Improving,Machine Learning,Medium,0.738,1
LRN03893,Consistent Learner,31,19,95.01,22,24.09,51.67,7,11,Improving,Machine Learning,Medium,0.767,1
LRN03894,Casual Learner,12,6,53.62,9,8.35,20.0,4,2,Stable,Python,Hard,0.293,0
LRN03895,Consistent Learner,34,26,86.66,15,18.2,56.67,13,3,Improving,MLOps,Hard,0.666,1
LRN03896,Casual Learner,21,15,49.5,10,4.79,35.0,0,4,Stable,MLOps,Medium,0.335,0
LRN03897,Consistent Learner,32,20,85.0,10,21.34,53.33,12,7,Improving,MLOps,Medium,0.697,1
LRN03898,Fast Learner,41,33,98.0,29,33.51,68.33,9,13,Improving,NLP,Hard,0.807,1
LRN03899,Casual Learner,6,5,52.8,0,8.98,10.0,3,2,Improving,Machine Learning,Medium,0.375,0
LRN03900,Struggling Learner,14,11,41.8,1,7.87,23.33,0,3,Stable,NLP,Easy,0.264,0
LRN03901,Fast Learner,55,38,98.0,23,31.51,91.67,8,15,Improving,Python,Hard,0.836,1
LRN03902,Casual Learner,5,4,42.61,2,4.09,8.33,0,1,Improving,MLOps,Hard,0.257,0
LRN03903,Consistent Learner,45,40,88.05,14,19.45,75.0,11,4,Improving,MLOps,Medium,0.756,1
LRN03904,Struggling Learner,15,10,35.59,1,5.86,25.0,2,1,Stable,MLOps,Medium,0.237,0
LRN03905,Fast Learner,56,28,98.0,21,33.32,93.33,8,15,Improving,Generative AI,Easy,0.884,1
LRN03906,Fast Learner,53,27,98.0,16,33.89,88.33,15,9,Stable,MLOps,Medium,0.798,1
LRN03907,Fast Learner,47,39,98.0,24,18.41,78.33,10,13,Improving,SQL,Easy,0.828,1
LRN03908,Consistent Learner,43,22,76.36,18,13.78,71.67,12,4,Improving,NLP,Medium,0.691,1
LRN03909,Consistent Learner,34,18,75.47,15,17.93,56.67,6,7,Improving,SQL,Hard,0.598,0
LRN03910,Casual Learner,20,15,60.33,8,8.59,33.33,5,0,Stable,MLOps,Medium,0.401,0
LRN03911,Consistent Learner,41,27,85.99,20,16.43,68.33,13,8,Improving,SQL,Hard,0.694,1
LRN03912,Casual Learner,15,13,57.28,4,8.7,25.0,3,4,Improving,Generative AI,Medium,0.435,0
LRN03913,Casual Learner,25,17,55.17,7,4.96,41.67,4,2,Stable,SQL,Medium,0.377,0
LRN03914,Consistent Learner,26,19,72.1,16,12.9,43.33,5,7,Improving,NLP,Hard,0.539,0
LRN03915,Fast Learner,59,37,98.0,25,25.97,98.33,12,12,Stable,NLP,Hard,0.771,1
LRN03916,Fast Learner,48,25,98.0,19,21.58,80.0,13,6,Improving,MLOps,Easy,0.836,1
LRN03917,Casual Learner,21,18,50.06,7,4.47,35.0,1,3,Declining,Generative AI,Medium,0.251,0
LRN03918,Struggling Learner,8,6,32.1,5,4.87,13.33,0,3,Stable,Machine Learning,Medium,0.201,0
LRN03919,Casual Learner,12,10,45.08,5,3.54,20.0,5,3,Improving,NLP,Easy,0.36,0
LRN03920,Fast Learner,53,47,98.0,18,27.02,88.33,18,12,Declining,Machine Learning,Easy,0.721,1
LRN03921,Struggling Learner,15,7,34.84,5,2.41,25.0,3,0,Improving,NLP,Medium,0.316,0
LRN03922,Consistent Learner,33,22,90.27,19,24.88,55.0,6,7,Stable,Machine Learning,Medium,0.665,1
LRN03923,Fast Learner,49,30,98.0,20,22.96,81.67,13,7,Improving,Generative AI,Hard,0.797,1
LRN03924,Consistent Learner,35,22,94.23,17,22.17,58.33,15,12,Stable,Python,Easy,0.697,1
LRN03925,Casual Learner,12,9,43.53,0,8.91,20.0,0,2,Stable,MLOps,Medium,0.266,0
LRN03926,Consistent Learner,40,29,98.0,21,22.16,66.67,15,4,Stable,MLOps,Medium,0.742,1
LRN03927,Fast Learner,44,34,98.0,30,26.29,73.33,10,10,Stable,Machine Learning,Medium,0.78,1
LRN03928,Struggling Learner,11,9,38.66,5,5.81,18.33,1,1,Stable,NLP,Easy,0.246,0
LRN03929,Casual Learner,23,16,54.07,0,9.15,38.33,3,1,Improving,MLOps,Medium,0.438,0
LRN03930,Fast Learner,60,31,98.0,15,33.45,100.0,17,13,Improving,SQL,Easy,0.903,1
LRN03931,Casual Learner,11,5,56.66,5,6.67,18.33,3,4,Stable,NLP,Medium,0.335,0
LRN03932,Struggling Learner,7,3,31.33,1,2.99,11.67,2,2,Stable,Python,Hard,0.132,0
LRN03933,Consistent Learner,20,11,91.29,19,19.26,33.33,12,7,Improving,Generative AI,Easy,0.702,1
LRN03934,Consistent Learner,39,21,92.5,15,20.79,65.0,14,8,Improving,Generative AI,Easy,0.771,1
LRN03935,Consistent Learner,45,38,72.71,14,12.32,75.0,12,10,Stable,SQL,Medium,0.586,0
LRN03936,Casual Learner,22,13,56.87,6,11.2,36.67,3,1,Improving,NLP,Hard,0.42,0
LRN03937,Consistent Learner,34,22,78.98,15,16.38,56.67,7,7,Improving,Machine Learning,Hard,0.611,0
LRN03938,Casual Learner,7,4,51.31,1,7.29,11.67,3,0,Improving,Generative AI,Easy,0.369,0
LRN03939,Consistent Learner,42,26,88.44,20,19.39,70.0,5,3,Improving,Machine Learning,Medium,0.748,1
LRN03940,Consistent Learner,33,18,88.39,24,14.69,55.0,13,7,Improving,SQL,Medium,0.733,1
LRN03941,Consistent Learner,27,20,85.06,19,12.95,45.0,13,5,Improving,Machine Learning,Medium,0.679,1
LRN03942,Struggling Learner,3,2,30.0,0,3.71,5.0,1,2,Declining,MLOps,Hard,0.03,0
LRN03943,Fast Learner,43,23,97.85,18,19.68,71.67,8,15,Improving,SQL,Medium,0.797,1
LRN03944,Struggling Learner,5,3,37.11,4,6.8,8.33,1,2,Declining,MLOps,Easy,0.139,0
LRN03945,Consistent Learner,22,19,81.9,24,12.03,36.67,12,4,Improving,Machine Learning,Easy,0.656,1
LRN03946,Fast Learner,53,36,98.0,29,19.63,88.33,12,9,Improving,Generative AI,Easy,0.87,1
LRN03947,Casual Learner,22,16,53.66,2,8.36,36.67,1,4,Improving,Python,Medium,0.431,1
LRN03948,Consistent Learner,43,29,77.97,14,14.43,71.67,14,6,Improving,NLP,Medium,0.695,1
LRN03949,Struggling Learner,0,1,44.66,1,7.5,0.0,3,2,Improving,Python,Medium,0.316,0
LRN03950,Consistent Learner,41,20,80.37,10,23.03,68.33,5,6,Improving,Generative AI,Easy,0.694,1
LRN03951,Struggling Learner,15,12,43.0,5,5.41,25.0,1,0,Improving,Python,Easy,0.357,0
LRN03952,Fast Learner,59,50,98.0,20,25.21,98.33,10,8,Improving,MLOps,Medium,0.88,1
LRN03953,Consistent Learner,31,16,86.38,12,22.77,51.67,14,11,Stable,SQL,Medium,0.635,1
LRN03954,Casual Learner,24,15,48.08,2,5.77,40.0,5,4,Declining,SQL,Medium,0.253,0
LRN03955,Struggling Learner,6,4,37.59,5,4.92,10.0,3,2,Improving,Generative AI,Easy,0.306,0
LRN03956,Consistent Learner,27,23,87.18,21,15.39,45.0,12,5,Improving,MLOps,Easy,0.7,1
LRN03957,Casual Learner,18,11,51.9,9,3.73,30.0,0,2,Stable,SQL,Easy,0.33,0
LRN03958,Casual Learner,7,5,58.78,9,5.45,11.67,4,5,Declining,Generative AI,Easy,0.26,0
LRN03959,Casual Learner,25,17,59.2,10,8.93,41.67,0,1,Stable,MLOps,Medium,0.406,0
LRN03960,Consistent Learner,28,24,90.33,12,23.83,46.67,6,11,Improving,SQL,Medium,0.706,1
LRN03961,Consistent Learner,37,19,89.06,18,21.08,61.67,14,7,Stable,NLP,Easy,0.677,1
LRN03962,Consistent Learner,32,28,79.88,10,15.2,53.33,12,5,Improving,MLOps,Easy,0.653,1
LRN03963,Fast Learner,53,40,98.0,24,33.36,88.33,11,15,Improving,SQL,Medium,0.889,1
LRN03964,Consistent Learner,42,32,97.66,23,21.39,70.0,13,3,Improving,Generative AI,Medium,0.825,1
LRN03965,Consistent Learner,40,33,78.78,14,18.43,66.67,8,9,Improving,Generative AI,Medium,0.687,1
LRN03966,Casual Learner,6,4,42.49,5,3.04,10.0,0,4,Stable,SQL,Medium,0.235,0
LRN03967,Consistent Learner,39,32,98.0,25,24.08,65.0,12,5,Improving,NLP,Medium,0.828,1
LRN03968,Struggling Learner,6,5,32.54,1,3.33,10.0,0,0,Improving,MLOps,Hard,0.21,0
LRN03969,Casual Learner,14,7,53.61,10,8.65,23.33,0,4,Declining,Python,Medium,0.263,0
LRN03970,Fast Learner,59,35,98.0,30,32.76,98.33,13,12,Stable,Generative AI,Medium,0.85,1
LRN03971,Struggling Learner,15,9,32.99,3,3.65,25.0,2,2,Declining,Machine Learning,Hard,0.094,0
LRN03972,Consistent Learner,43,29,93.9,22,24.35,71.67,9,11,Improving,Generative AI,Medium,0.808,1
LRN03973,Fast Learner,40,24,98.0,23,23.84,66.67,14,15,Improving,NLP,Medium,0.83,1
LRN03974,Casual Learner,25,17,54.03,8,8.64,41.67,2,2,Improving,MLOps,Medium,0.462,0
LRN03975,Casual Learner,17,11,51.56,3,4.91,28.33,3,0,Stable,Python,Medium,0.321,0
LRN03976,Casual Learner,11,8,52.38,7,7.81,18.33,2,5,Improving,SQL,Medium,0.402,1
LRN03977,Casual Learner,12,6,62.02,10,10.96,20.0,1,2,Stable,NLP,Medium,0.385,0
LRN03978,Fast Learner,38,23,98.0,27,30.14,63.33,15,12,Improving,Machine Learning,Medium,0.857,1
LRN03979,Struggling Learner,10,5,34.39,3,5.23,16.67,0,2,Declining,NLP,Easy,0.134,0
LRN03980,Struggling Learner,9,4,39.26,3,6.43,15.0,1,3,Improving,Generative AI,Medium,0.319,0
LRN03981,Consistent Learner,43,24,80.51,11,14.75,71.67,13,7,Improving,Machine Learning,Easy,0.697,1
LRN03982,Casual Learner,23,13,53.08,10,9.62,38.33,0,2,Declining,Python,Medium,0.294,0
LRN03983,Consistent Learner,21,13,79.97,19,12.1,35.0,10,12,Stable,NLP,Medium,0.546,1
LRN03984,Struggling Learner,3,1,35.81,3,5.48,5.0,0,1,Declining,SQL,Easy,0.117,0
LRN03985,Casual Learner,16,12,53.2,4,8.23,26.67,0,1,Declining,Machine Learning,Medium,0.251,0
LRN03986,Fast Learner,46,28,98.0,16,29.78,76.67,19,7,Improving,Python,Medium,0.864,1
LRN03987,Casual Learner,19,16,45.17,3,5.43,31.67,2,0,Improving,NLP,Easy,0.378,0
LRN03988,Fast Learner,41,22,98.0,23,19.69,68.33,18,5,Improving,NLP,Easy,0.83,1
LRN03989,Consistent Learner,27,16,89.44,18,22.46,45.0,8,6,Improving,MLOps,Medium,0.715,1
LRN03990,Consistent Learner,31,22,78.93,12,15.97,51.67,11,5,Stable,Python,Hard,0.521,0
LRN03991,Fast Learner,58,43,98.0,17,30.27,96.67,12,15,Stable,Python,Medium,0.81,1
LRN03992,Casual Learner,21,17,50.26,4,6.29,35.0,5,5,Stable,NLP,Easy,0.34,0
LRN03993,Fast Learner,58,39,98.0,25,34.86,96.67,12,15,Improving,Machine Learning,Hard,0.861,1
LRN03994,Casual Learner,12,10,46.04,6,3.41,20.0,0,0,Improving,Machine Learning,Medium,0.355,0
LRN03995,Fast Learner,46,23,98.0,20,32.38,76.67,11,9,Stable,NLP,Medium,0.775,1
LRN03996,Struggling Learner,7,4,30.91,2,2.53,11.67,2,3,Declining,Generative AI,Medium,0.101,0
LRN03997,Struggling Learner,14,11,34.19,3,3.08,23.33,0,0,Declining,SQL,Hard,0.089,0
LRN03998,Struggling Learner,0,1,31.25,5,4.23,0.0,1,3,Declining,Python,Medium,0.091,0
LRN03999,Struggling Learner,0,1,32.56,2,1.72,0.0,0,2,Stable,Machine Learning,Medium,0.158,0
LRN04000,Casual Learner,6,5,55.78,5,8.81,10.0,4,3,Declining,MLOps,Medium,0.244,0
LRN04001,Fast Learner,40,26,98.0,22,18.72,66.67,8,5,Improving,Python,Hard,0.745,1
LRN04002,Consistent Learner,23,14,85.91,17,21.08,38.33,11,6,Improving,Python,Hard,0.636,1
LRN04003,Fast Learner,36,19,98.0,19,34.59,60.0,16,11,Improving,Generative AI,Medium,0.832,1
LRN04004,Struggling Learner,3,2,32.21,5,2.89,5.0,1,2,Stable,MLOps,Medium,0.18,0
LRN04005,Consistent Learner,24,12,67.81,14,13.47,40.0,5,3,Improving,Generative AI,Easy,0.56,1
LRN04006,Fast Learner,56,46,98.0,16,22.01,93.33,18,14,Stable,SQL,Medium,0.789,1
LRN04007,Casual Learner,17,12,53.32,7,4.05,28.33,3,1,Stable,Machine Learning,Medium,0.336,0
LRN04008,Consistent Learner,21,18,97.4,24,23.49,35.0,12,12,Improving,Machine Learning,Easy,0.761,1
LRN04009,Casual Learner,6,3,49.55,6,8.38,10.0,1,1,Declining,Python,Medium,0.209,0
LRN04010,Consistent Learner,43,28,74.96,12,12.46,71.67,12,6,Improving,Generative AI,Medium,0.664,1
LRN04011,Casual Learner,19,10,48.26,2,4.76,31.67,5,2,Improving,NLP,Easy,0.394,0
LRN04012,Fast Learner,40,31,98.0,22,34.08,66.67,11,13,Improving,Machine Learning,Easy,0.841,1
LRN04013,Consistent Learner,20,16,95.78,25,15.77,33.33,15,3,Improving,Python,Hard,0.684,1
LRN04014,Struggling Learner,9,5,35.55,2,1.52,15.0,2,1,Stable,Machine Learning,Medium,0.205,0
LRN04015,Consistent Learner,40,20,89.01,17,18.51,66.67,15,8,Improving,Generative AI,Medium,0.758,1
LRN04016,Struggling Learner,8,4,30.51,1,1.79,13.33,2,1,Declining,Generative AI,Medium,0.098,0
LRN04017,Casual Learner,24,18,39.87,3,3.19,40.0,0,4,Stable,Machine Learning,Medium,0.278,0
LRN04018,Casual Learner,10,5,52.64,7,6.11,16.67,1,1,Improving,Python,Medium,0.392,0
LRN04019,Struggling Learner,2,1,36.92,4,4.9,3.33,2,2,Declining,MLOps,Medium,0.125,0
LRN04020,Casual Learner,13,11,50.81,5,7.93,21.67,5,3,Stable,NLP,Medium,0.324,0
LRN04021,Fast Learner,56,43,98.0,20,18.01,93.33,13,7,Stable,MLOps,Medium,0.774,1
LRN04022,Fast Learner,38,24,98.0,16,30.68,63.33,20,10,Improving,Python,Easy,0.84,1
LRN04023,Consistent Learner,40,29,78.34,18,17.61,66.67,5,8,Improving,SQL,Medium,0.685,1
LRN04024,Casual Learner,15,9,54.86,2,9.84,25.0,0,3,Declining,SQL,Hard,0.205,0
LRN04025,Consistent Learner,27,18,77.47,11,14.48,45.0,15,6,Stable,MLOps,Easy,0.554,1
LRN04026,Fast Learner,37,28,98.0,28,23.7,61.67,16,8,Stable,MLOps,Medium,0.758,1
LRN04027,Struggling Learner,5,3,30.16,2,2.14,8.33,1,3,Declining,NLP,Easy,0.087,0
LRN04028,Casual Learner,17,12,52.31,2,5.61,28.33,4,3,Improving,MLOps,Medium,0.406,0
LRN04029,Fast Learner,36,22,98.0,16,30.44,60.0,9,7,Improving,Python,Medium,0.806,1
LRN04030,Consistent Learner,24,18,75.71,25,11.57,40.0,9,12,Improving,Python,Hard,0.578,1
LRN04031,Casual Learner,6,4,55.39,3,6.95,10.0,5,0,Declining,SQL,Hard,0.183,0
LRN04032,Casual Learner,5,4,51.58,6,9.42,8.33,2,0,Improving,NLP,Easy,0.381,0
LRN04033,Casual Learner,11,6,44.96,5,3.68,18.33,2,0,Stable,NLP,Medium,0.27,0
LRN04034,Consistent Learner,44,26,87.64,21,16.46,73.33,15,4,Improving,Python,Medium,0.769,1
LRN04035,Consistent Learner,28,21,91.84,24,20.79,46.67,12,3,Stable,Generative AI,Medium,0.67,1
LRN04036,Consistent Learner,23,19,74.04,23,11.19,38.33,7,10,Stable,Generative AI,Easy,0.526,0
LRN04037,Consistent Learner,40,35,93.52,20,22.86,66.67,5,7,Improving,Machine Learning,Medium,0.776,1
LRN04038,Casual Learner,20,10,40.35,1,4.8,33.33,1,1,Declining,Generative AI,Medium,0.189,0
LRN04039,Casual Learner,10,6,50.07,0,5.71,16.67,4,4,Declining,NLP,Medium,0.208,0
LRN04040,Casual Learner,12,9,59.5,6,10.31,20.0,0,0,Stable,MLOps,Medium,0.358,0
LRN04041,Fast Learner,53,27,98.0,23,34.71,88.33,20,5,Improving,Python,Easy,0.909,1
LRN04042,Casual Learner,8,6,63.94,9,11.95,13.33,1,5,Improving,Generative AI,Medium,0.461,1
LRN04043,Casual Learner,15,12,53.53,4,9.39,25.0,4,1,Improving,MLOps,Medium,0.423,0
LRN04044,Consistent Learner,28,24,91.04,25,19.67,46.67,8,11,Improving,NLP,Hard,0.685,1
LRN04045,Consistent Learner,22,16,63.1,12,10.56,36.67,7,12,Stable,SQL,Hard,0.392,0
LRN04046,Casual Learner,20,15,56.21,9,7.24,33.33,4,1,Stable,Python,Medium,0.378,0
LRN04047,Struggling Learner,8,4,42.63,4,7.72,13.33,1,2,Declining,SQL,Medium,0.177,0
LRN04048,Consistent Learner,38,31,78.37,15,12.68,63.33,15,6,Stable,NLP,Medium,0.599,0
LRN04049,Consistent Learner,24,15,88.09,20,18.84,40.0,6,5,Improving,MLOps,Medium,0.688,1
LRN04050,Struggling Learner,13,6,32.04,0,6.43,21.67,0,2,Improving,Generative AI,Easy,0.289,0
LRN04051,Struggling Learner,15,7,34.19,3,3.74,25.0,1,3,Stable,SQL,Easy,0.227,0
LRN04052,Casual Learner,16,12,49.33,6,3.4,26.67,5,3,Improving,MLOps,Medium,0.395,0
LRN04053,Casual Learner,25,13,41.68,0,3.33,41.67,5,4,Stable,Generative AI,Easy,0.295,0
LRN04054,Casual Learner,21,18,54.61,5,10.47,35.0,2,3,Improving,Generative AI,Medium,0.449,1
LRN04055,Casual Learner,13,8,47.84,1,4.9,21.67,3,0,Stable,Generative AI,Medium,0.285,0
LRN04056,Consistent Learner,38,32,68.25,13,11.76,63.33,9,12,Improving,Machine Learning,Medium,0.61,1
LRN04057,Casual Learner,7,3,48.56,4,7.05,11.67,4,5,Stable,NLP,Medium,0.286,0
LRN04058,Casual Learner,6,5,53.05,7,5.51,10.0,2,5,Improving,NLP,Medium,0.381,1
LRN04059,Struggling Learner,5,2,30.9,0,5.35,8.33,1,3,Declining,SQL,Medium,0.096,0
LRN04060,Consistent Learner,31,25,97.11,25,23.24,51.67,10,6,Improving,Machine Learning,Easy,0.789,1
LRN04061,Struggling Learner,15,7,30.0,4,2.99,25.0,1,3,Improving,Generative AI,Easy,0.288,0
LRN04062,Fast Learner,50,29,98.0,15,27.18,83.33,9,5,Stable,Generative AI,Easy,0.761,1
LRN04063,Struggling Learner,12,7,32.64,5,1.07,20.0,0,3,Declining,Machine Learning,Easy,0.124,0
LRN04064,Fast Learner,35,21,98.0,27,26.48,58.33,12,9,Improving,Generative AI,Easy,0.828,1
LRN04065,Struggling Learner,12,9,42.19,3,6.02,20.0,1,1,Declining,NLP,Easy,0.18,0
LRN04066,Consistent Learner,44,22,83.18,11,19.72,73.33,7,9,Improving,Machine Learning,Hard,0.664,1
LRN04067,Casual Learner,23,16,45.55,1,4.28,38.33,5,4,Stable,NLP,Hard,0.261,0
LRN04068,Casual Learner,11,9,61.1,10,10.65,18.33,4,3,Declining,Python,Medium,0.304,0
LRN04069,Consistent Learner,37,22,80.26,12,16.61,61.67,15,7,Stable,SQL,Medium,0.609,1
LRN04070,Struggling Learner,12,8,37.98,5,6.4,20.0,0,0,Stable,MLOps,Medium,0.246,0
LRN04071,Consistent Learner,26,14,79.38,16,11.57,43.33,15,7,Improving,Machine Learning,Hard,0.593,0
LRN04072,Consistent Learner,45,35,80.18,16,15.13,75.0,9,9,Improving,SQL,Easy,0.706,1
LRN04073,Consistent Learner,43,21,77.46,23,10.07,71.67,5,4,Improving,Machine Learning,Medium,0.679,1
LRN04074,Consistent Learner,25,16,82.39,14,20.59,41.67,10,9,Improving,Generative AI,Hard,0.615,1
LRN04075,Casual Learner,6,4,50.85,4,8.65,10.0,5,2,Improving,Generative AI,Medium,0.381,0
LRN04076,Struggling Learner,6,4,44.43,3,6.23,10.0,3,0,Stable,Generative AI,Medium,0.256,0
LRN04077,Casual Learner,17,12,57.44,3,10.14,28.33,1,5,Declining,Machine Learning,Medium,0.279,0
LRN04078,Consistent Learner,34,27,95.13,13,23.38,56.67,14,3,Improving,Generative AI,Medium,0.769,1
LRN04079,Consistent Learner,36,29,82.5,17,20.66,60.0,8,7,Improving,SQL,Medium,0.705,1
LRN04080,Consistent Learner,28,20,83.04,16,21.3,46.67,8,10,Improving,MLOps,Medium,0.681,1
LRN04081,Fast Learner,60,31,98.0,22,33.55,100.0,16,7,Improving,MLOps,Easy,0.92,1
LRN04082,Fast Learner,51,25,98.0,29,25.27,85.0,13,10,Improving,MLOps,Medium,0.885,1
LRN04083,Struggling Learner,12,10,35.98,5,5.99,20.0,1,3,Declining,Python,Easy,0.158,0
LRN04084,Consistent Learner,22,12,90.05,12,24.93,36.67,11,6,Improving,Python,Medium,0.701,1
LRN04085,Casual Learner,10,6,60.63,4,11.65,16.67,5,1,Improving,Generative AI,Easy,0.448,0
LRN04086,Consistent Learner,35,21,83.49,11,17.11,58.33,11,4,Improving,NLP,Medium,0.686,1
LRN04087,Casual Learner,14,10,38.12,0,3.23,23.33,0,5,Stable,SQL,Hard,0.179,0
LRN04088,Struggling Learner,13,8,37.33,3,6.8,21.67,1,3,Stable,SQL,Easy,0.244,0
LRN04089,Consistent Learner,23,14,77.75,13,14.25,38.33,8,10,Stable,Generative AI,Medium,0.529,0
LRN04090,Casual Learner,25,14,56.49,5,9.94,41.67,1,4,Stable,NLP,Easy,0.387,0
LRN04091,Consistent Learner,41,30,88.45,10,22.37,68.33,8,7,Stable,Generative AI,Easy,0.656,1
LRN04092,Casual Learner,15,13,49.31,10,5.13,25.0,2,5,Improving,Generative AI,Easy,0.401,0
LRN04093,Consistent Learner,28,23,89.72,22,17.42,46.67,10,11,Improving,MLOps,Hard,0.669,1
LRN04094,Struggling Learner,14,7,39.02,5,3.7,23.33,1,3,Declining,Machine Learning,Hard,0.12,0
LRN04095,Struggling Learner,14,10,31.15,2,1.44,23.33,1,2,Stable,Python,Easy,0.199,0
LRN04096,Casual Learner,19,11,61.36,3,11.09,31.67,4,2,Improving,Machine Learning,Easy,0.474,1
LRN04097,Struggling Learner,8,6,38.47,4,6.74,13.33,0,2,Stable,MLOps,Hard,0.183,0
LRN04098,Struggling Learner,1,1,40.67,3,4.77,1.67,3,1,Declining,SQL,Medium,0.138,0
LRN04099,Casual Learner,8,4,53.02,7,4.0,13.33,4,3,Stable,Machine Learning,Hard,0.257,0
LRN04100,Struggling Learner,5,4,33.93,3,1.45,8.33,1,3,Stable,Generative AI,Medium,0.185,0
LRN04101,Consistent Learner,42,32,78.77,16,19.6,70.0,6,12,Improving,MLOps,Easy,0.697,1
LRN04102,Casual Learner,17,12,60.16,8,8.56,28.33,4,5,Stable,NLP,Easy,0.387,0
LRN04103,Consistent Learner,25,17,76.84,15,14.68,41.67,7,7,Stable,Generative AI,Medium,0.536,0
LRN04104,Casual Learner,8,4,52.05,7,6.53,13.33,0,5,Stable,Generative AI,Easy,0.301,0
LRN04105,Consistent Learner,25,17,81.44,20,12.88,41.67,7,12,Improving,Generative AI,Easy,0.644,1
LRN04106,Consistent Learner,34,30,79.26,20,13.59,56.67,9,5,Stable,Python,Hard,0.541,0
LRN04107,Consistent Learner,25,20,88.93,12,22.86,41.67,13,4,Improving,Generative AI,Hard,0.654,1
LRN04108,Fast Learner,49,28,98.0,28,26.03,81.67,18,14,Improving,NLP,Hard,0.841,1
LRN04109,Consistent Learner,26,16,70.93,19,12.9,43.33,7,8,Improving,Machine Learning,Easy,0.597,1
LRN04110,Casual Learner,10,5,55.79,1,10.34,16.67,0,0,Stable,NLP,Medium,0.322,0
LRN04111,Fast Learner,53,36,98.0,26,28.01,88.33,17,12,Stable,NLP,Easy,0.823,1
LRN04112,Casual Learner,9,4,45.45,3,6.33,15.0,1,0,Declining,Machine Learning,Medium,0.186,0
LRN04113,Struggling Learner,6,4,35.4,3,6.5,10.0,1,3,Declining,Machine Learning,Hard,0.081,0
LRN04114,Consistent Learner,38,33,73.26,13,17.62,63.33,5,9,Improving,NLP,Hard,0.592,1
LRN04115,Casual Learner,25,21,42.47,0,3.24,41.67,2,1,Improving,Generative AI,Hard,0.32,0
LRN04116,Fast Learner,40,32,98.0,23,22.53,66.67,11,15,Improving,Generative AI,Medium,0.818,1
LRN04117,Fast Learner,53,29,98.0,21,27.84,88.33,16,12,Improving,Python,Easy,0.886,1
LRN04118,Casual Learner,21,13,44.32,9,4.73,35.0,0,0,Stable,MLOps,Hard,0.259,0
LRN04119,Struggling Learner,15,11,44.31,0,7.89,25.0,3,0,Declining,SQL,Easy,0.203,0
LRN04120,Struggling Learner,0,1,34.77,2,7.05,0.0,2,3,Declining,SQL,Easy,0.11,0
LRN04121,Consistent Learner,27,15,82.99,21,16.24,45.0,12,7,Stable,Python,Hard,0.554,1
LRN04122,Casual Learner,24,13,56.34,10,8.68,40.0,5,4,Stable,Generative AI,Medium,0.402,0
LRN04123,Consistent Learner,39,23,87.31,11,21.99,65.0,14,4,Improving,NLP,Medium,0.741,1
LRN04124,Fast Learner,46,26,98.0,24,34.63,76.67,16,15,Stable,Python,Hard,0.748,1
LRN04125,Consistent Learner,36,32,68.07,12,10.2,60.0,10,6,Improving,Machine Learning,Easy,0.597,1
LRN04126,Casual Learner,11,6,53.28,9,8.9,18.33,3,1,Stable,Python,Hard,0.288,0
LRN04127,Consistent Learner,45,25,83.9,10,19.46,75.0,10,6,Declining,MLOps,Easy,0.564,1
LRN04128,Struggling Learner,0,1,37.64,2,7.05,0.0,3,0,Declining,Machine Learning,Medium,0.126,0
LRN04129,Fast Learner,47,24,98.0,21,27.69,78.33,10,9,Stable,NLP,Medium,0.771,1
LRN04130,Casual Learner,8,5,52.86,10,3.72,13.33,4,1,Stable,SQL,Medium,0.314,0
LRN04131,Fast Learner,47,36,98.0,27,31.84,78.33,15,12,Improving,Machine Learning,Easy,0.887,1
LRN04132,Struggling Learner,10,7,32.89,3,5.74,16.67,0,2,Stable,Generative AI,Easy,0.208,0
LRN04133,Consistent Learner,41,34,80.39,14,17.97,68.33,10,11,Improving,SQL,Medium,0.701,1
LRN04134,Consistent Learner,26,15,80.19,16,17.17,43.33,12,10,Improving,Generative AI,Medium,0.657,1
LRN04135,Casual Learner,14,9,53.62,3,7.67,23.33,5,0,Declining,Python,Hard,0.204,0
LRN04136,Fast Learner,53,33,98.0,18,23.93,88.33,12,5,Improving,SQL,Medium,0.855,1
LRN04137,Fast Learner,36,22,98.0,23,18.04,60.0,16,10,Stable,MLOps,Easy,0.722,1
LRN04138,Consistent Learner,23,13,77.16,19,10.13,38.33,15,8,Improving,Generative AI,Medium,0.626,1
LRN04139,Consistent Learner,22,15,68.42,13,14.07,36.67,7,12,Stable,Python,Medium,0.48,1
LRN04140,Fast Learner,39,21,98.0,18,28.01,65.0,15,11,Stable,Generative AI,Hard,0.7,1
LRN04141,Casual Learner,6,3,48.25,5,8.39,10.0,1,5,Improving,NLP,Hard,0.311,0
LRN04142,Consistent Learner,42,22,84.42,11,22.68,70.0,5,4,Improving,MLOps,Easy,0.717,1
LRN04143,Casual Learner,17,12,56.61,5,6.04,28.33,5,3,Improving,Generative AI,Medium,0.437,1
LRN04144,Struggling Learner,12,7,32.53,0,4.53,20.0,2,1,Stable,Generative AI,Easy,0.206,0
LRN04145,Casual Learner,25,22,48.56,3,3.5,41.67,4,5,Declining,Python,Medium,0.252,0
LRN04146,Fast Learner,59,44,98.0,23,33.36,98.33,10,13,Improving,SQL,Medium,0.904,1
LRN04147,Fast Learner,35,21,98.0,30,29.9,58.33,10,12,Declining,Machine Learning,Medium,0.682,1
LRN04148,Struggling Learner,14,8,35.12,4,7.34,23.33,0,2,Stable,Machine Learning,Medium,0.24,0
LRN04149,Fast Learner,48,25,98.0,25,22.35,80.0,10,7,Improving,SQL,Easy,0.847,1
LRN04150,Struggling Learner,5,4,34.52,0,4.97,8.33,1,0,Declining,NLP,Hard,0.061,0
LRN04151,Casual Learner,25,15,50.7,4,8.83,41.67,1,0,Stable,Python,Hard,0.304,0
LRN04152,Consistent Learner,44,23,85.23,14,22.95,73.33,10,6,Improving,Python,Easy,0.749,1
LRN04153,Fast Learner,37,19,98.0,24,22.79,61.67,12,7,Improving,Generative AI,Medium,0.814,1
LRN04154,Struggling Learner,11,9,38.78,4,3.35,18.33,1,1,Improving,MLOps,Easy,0.316,0
LRN04155,Consistent Learner,34,27,91.77,25,15.99,56.67,14,12,Improving,SQL,Medium,0.761,1
LRN04156,Consistent Learner,44,22,73.16,12,14.59,73.33,8,8,Improving,Machine Learning,Medium,0.657,1
LRN04157,Fast Learner,49,32,98.0,21,30.01,81.67,11,14,Improving,Python,Hard,0.818,1
LRN04158,Consistent Learner,30,16,77.33,21,10.72,50.0,15,5,Improving,NLP,Hard,0.607,1
LRN04159,Casual Learner,9,5,50.33,5,4.16,15.0,4,5,Declining,SQL,Medium,0.214,0
LRN04160,Consistent Learner,26,20,73.23,12,11.68,43.33,11,9,Improving,Machine Learning,Medium,0.595,1
LRN04161,Consistent Learner,35,31,69.76,13,10.6,58.33,6,12,Improving,Python,Medium,0.596,0
LRN04162,Consistent Learner,34,18,70.36,11,11.93,56.67,8,10,Stable,Generative AI,Medium,0.519,0
LRN04163,Consistent Learner,26,21,79.55,15,16.05,43.33,9,8,Declining,MLOps,Medium,0.481,1
LRN04164,Consistent Learner,22,15,98.0,24,22.19,36.67,15,11,Improving,Python,Medium,0.77,1
LRN04165,Casual Learner,7,5,58.49,7,11.0,11.67,4,2,Improving,MLOps,Medium,0.432,0
LRN04166,Consistent Learner,28,20,73.27,19,12.55,46.67,8,10,Improving,Python,Easy,0.616,1
LRN04167,Consistent Learner,43,22,78.1,13,16.88,71.67,13,11,Improving,NLP,Medium,0.698,1
LRN04168,Consistent Learner,34,27,88.38,23,16.95,56.67,12,11,Improving,SQL,Medium,0.739,1
LRN04169,Casual Learner,8,5,52.82,8,8.77,13.33,0,2,Improving,SQL,Medium,0.395,0
LRN04170,Casual Learner,25,17,58.02,10,6.17,41.67,3,4,Declining,Generative AI,Medium,0.319,0
LRN04171,Struggling Learner,1,1,36.31,5,6.83,1.67,2,2,Improving,NLP,Easy,0.288,0
LRN04172,Consistent Learner,24,13,86.83,21,17.06,40.0,14,5,Improving,Machine Learning,Medium,0.699,1
LRN04173,Consistent Learner,31,21,77.12,15,15.49,51.67,10,4,Improving,NLP,Medium,0.647,1
LRN04174,Consistent Learner,24,14,88.74,18,21.39,40.0,8,10,Improving,SQL,Easy,0.699,1
LRN04175,Consistent Learner,20,11,79.92,22,16.28,33.33,5,10,Stable,MLOps,Easy,0.552,0
LRN04176,Consistent Learner,21,11,85.75,24,19.34,35.0,8,10,Improving,SQL,Hard,0.634,1
LRN04177,Consistent Learner,43,27,83.0,16,22.59,71.67,7,3,Stable,Python,Medium,0.652,1
LRN04178,Struggling Learner,3,2,33.23,2,5.71,5.0,2,2,Stable,Generative AI,Hard,0.139,0
LRN04179,Struggling Learner,0,1,38.56,5,6.6,0.0,1,0,Declining,Python,Easy,0.131,0
LRN04180,Consistent Learner,27,21,93.98,13,24.18,45.0,10,4,Improving,Generative AI,Medium,0.733,1
LRN04181,Fast Learner,53,33,98.0,25,24.93,88.33,16,11,Improving,SQL,Easy,0.887,1
LRN04182,Fast Learner,36,18,98.0,21,33.34,60.0,9,15,Improving,SQL,Medium,0.819,1
LRN04183,Struggling Learner,10,6,38.11,4,7.39,16.67,1,3,Declining,NLP,Easy,0.163,0
LRN04184,Consistent Learner,42,33,90.99,24,19.62,70.0,8,11,Improving,Python,Hard,0.729,1
LRN04185,Consistent Learner,41,24,93.66,14,24.01,68.33,8,11,Improving,SQL,Medium,0.775,1
LRN04186,Consistent Learner,45,33,77.34,10,17.86,75.0,11,6,Improving,Generative AI,Medium,0.692,1
LRN04187,Fast Learner,38,25,98.0,20,33.75,63.33,14,6,Improving,Machine Learning,Easy,0.836,1
LRN04188,Fast Learner,53,45,98.0,16,27.7,88.33,10,6,Improving,MLOps,Medium,0.858,1
LRN04189,Casual Learner,14,7,51.8,6,7.26,23.33,0,0,Stable,MLOps,Medium,0.32,0
LRN04190,Consistent Learner,38,26,83.77,18,21.22,63.33,8,10,Improving,NLP,Medium,0.722,1
LRN04191,Consistent Learner,26,21,81.23,15,14.82,43.33,8,10,Improving,MLOps,Easy,0.642,1
LRN04192,Struggling Learner,12,6,32.53,4,1.07,20.0,2,0,Declining,Machine Learning,Medium,0.126,0
LRN04193,Fast Learner,40,32,98.0,30,29.45,66.67,17,6,Improving,Machine Learning,Easy,0.875,1
LRN04194,Casual Learner,19,14,53.55,9,4.61,31.67,0,3,Declining,SQL,Hard,0.214,0
LRN04195,Struggling Learner,7,5,34.72,0,4.82,11.67,3,2,Declining,Python,Medium,0.123,0
LRN04196,Consistent Learner,25,22,97.34,21,20.05,41.67,13,11,Improving,Python,Medium,0.757,1
LRN04197,Consistent Learner,41,28,75.28,16,14.24,68.33,8,10,Improving,Machine Learning,Hard,0.616,1
LRN04198,Struggling Learner,13,9,33.08,3,4.66,21.67,0,0,Stable,Python,Easy,0.216,0
LRN04199,Fast Learner,46,35,98.0,21,18.23,76.67,19,11,Improving,Python,Medium,0.839,1
LRN04200,Consistent Learner,27,20,75.04,12,16.79,45.0,9,5,Improving,NLP,Hard,0.568,1
LRN04201,Casual Learner,23,20,50.0,2,4.58,38.33,5,3,Stable,Generative AI,Medium,0.335,0
LRN04202,Casual Learner,9,6,57.5,3,8.5,15.0,3,5,Improving,Machine Learning,Easy,0.413,0
LRN04203,Casual Learner,21,14,50.96,9,3.77,35.0,2,4,Stable,Python,Medium,0.341,0
LRN04204,Casual Learner,5,3,59.75,8,8.4,8.33,5,0,Improving,MLOps,Easy,0.427,0
LRN04205,Consistent Learner,29,18,72.5,14,14.94,48.33,7,10,Improving,SQL,Medium,0.608,1
LRN04206,Casual Learner,20,17,40.9,2,4.62,33.33,0,2,Stable,Python,Medium,0.271,0
LRN04207,Fast Learner,40,21,98.0,29,27.63,66.67,12,10,Improving,MLOps,Hard,0.804,1
LRN04208,Consistent Learner,37,31,84.02,19,15.98,61.67,14,8,Improving,NLP,Hard,0.67,1
LRN04209,Casual Learner,15,10,54.53,5,10.45,25.0,1,5,Stable,NLP,Easy,0.346,0
LRN04210,Consistent Learner,26,17,92.17,14,23.69,43.33,15,3,Improving,Generative AI,Medium,0.735,1
LRN04211,Struggling Learner,10,6,40.88,0,7.48,16.67,3,1,Declining,Machine Learning,Hard,0.12,0
LRN04212,Struggling Learner,14,10,44.35,3,7.18,23.33,2,2,Declining,Generative AI,Medium,0.203,0
LRN04213,Casual Learner,17,11,47.66,2,3.55,28.33,1,1,Stable,Generative AI,Medium,0.291,0
LRN04214,Fast Learner,44,25,98.0,15,21.99,73.33,19,9,Declining,Machine Learning,Medium,0.668,1
LRN04215,Fast Learner,41,32,98.0,29,20.03,68.33,15,9,Improving,Python,Hard,0.789,1
LRN04216,Fast Learner,55,29,98.0,30,19.83,91.67,11,13,Stable,Generative AI,Easy,0.798,1
LRN04217,Consistent Learner,23,16,73.76,13,16.81,38.33,5,5,Improving,Generative AI,Medium,0.592,1
LRN04218,Consistent Learner,25,14,81.32,10,17.11,41.67,9,8,Improving,SQL,Medium,0.635,1
LRN04219,Consistent Learner,41,36,86.01,17,20.63,68.33,6,10,Declining,Python,Hard,0.523,0
LRN04220,Struggling Learner,6,4,42.49,2,6.32,10.0,3,0,Declining,SQL,Easy,0.165,0
LRN04221,Consistent Learner,25,17,83.12,13,14.85,41.67,12,9,Improving,SQL,Easy,0.652,1
LRN04222,Fast Learner,55,42,98.0,23,28.06,91.67,13,13,Improving,Machine Learning,Medium,0.892,1
LRN04223,Casual Learner,23,17,61.5,1,11.59,38.33,4,5,Stable,SQL,Medium,0.405,0
LRN04224,Casual Learner,8,5,52.82,5,11.28,13.33,1,5,Improving,Generative AI,Hard,0.348,0
LRN04225,Consistent Learner,34,18,91.84,22,20.38,56.67,6,9,Improving,SQL,Easy,0.748,1
LRN04226,Consistent Learner,41,21,91.33,17,21.9,68.33,11,10,Improving,Python,Medium,0.773,1
LRN04227,Struggling Learner,7,5,38.9,1,6.63,11.67,0,3,Declining,Python,Medium,0.143,0
LRN04228,Casual Learner,9,7,58.06,6,11.89,15.0,3,1,Stable,SQL,Medium,0.354,0
LRN04229,Casual Learner,8,5,59.84,7,8.8,13.33,4,5,Declining,NLP,Medium,0.274,0
LRN04230,Consistent Learner,44,28,98.0,14,23.25,73.33,15,8,Improving,Machine Learning,Medium,0.82,1
LRN04231,Consistent Learner,23,19,86.2,19,16.52,38.33,8,11,Improving,SQL,Medium,0.67,1
LRN04232,Casual Learner,20,16,52.06,5,6.03,33.33,3,3,Stable,Python,Easy,0.342,0
LRN04233,Casual Learner,6,4,49.09,6,8.55,10.0,1,3,Stable,MLOps,Medium,0.288,0
LRN04234,Consistent Learner,26,19,70.98,16,11.74,43.33,7,12,Improving,Machine Learning,Easy,0.585,1
LRN04235,Casual Learner,16,13,51.9,1,8.56,26.67,4,3,Improving,Machine Learning,Medium,0.408,0
LRN04236,Casual Learner,23,17,47.7,5,4.33,38.33,5,5,Stable,NLP,Easy,0.332,0
LRN04237,Consistent Learner,23,19,76.68,13,11.15,38.33,11,8,Improving,Machine Learning,Medium,0.601,1
LRN04238,Consistent Learner,31,21,98.0,23,22.1,51.67,15,12,Stable,SQL,Medium,0.717,1
LRN04239,Consistent Learner,45,28,78.82,24,10.92,75.0,7,11,Improving,NLP,Medium,0.703,1
LRN04240,Casual Learner,14,10,52.05,1,11.21,23.33,2,4,Declining,Machine Learning,Easy,0.246,0
LRN04241,Struggling Learner,1,1,34.11,3,5.06,1.67,3,1,Declining,Machine Learning,Medium,0.109,0
LRN04242,Fast Learner,59,52,98.0,30,24.29,98.33,18,12,Improving,Machine Learning,Hard,0.874,1
LRN04243,Struggling Learner,7,4,33.8,3,1.35,11.67,3,3,Improving,Python,Medium,0.275,0
LRN04244,Casual Learner,8,4,54.09,4,8.59,13.33,0,3,Improving,NLP,Easy,0.389,0
LRN04245,Consistent Learner,42,23,87.68,25,21.11,70.0,5,11,Improving,SQL,Hard,0.714,1
LRN04246,Casual Learner,24,15,40.72,2,3.26,40.0,4,5,Declining,Machine Learning,Medium,0.209,0
LRN04247,Casual Learner,19,12,47.78,9,4.59,31.67,0,5,Improving,NLP,Medium,0.398,0
LRN04248,Fast Learner,54,42,98.0,30,34.32,90.0,13,12,Improving,Generative AI,Easy,0.913,1
LRN04249,Consistent Learner,26,18,79.92,17,13.16,43.33,15,11,Stable,NLP,Medium,0.573,1
LRN04250,Fast Learner,57,41,98.0,21,22.95,95.0,20,5,Improving,Python,Medium,0.893,1
LRN04251,Casual Learner,13,7,56.62,4,8.95,21.67,4,0,Stable,Machine Learning,Hard,0.299,0
LRN04252,Consistent Learner,35,27,88.15,16,21.09,58.33,8,7,Stable,MLOps,Medium,0.646,1
LRN04253,Casual Learner,19,15,39.19,2,4.0,31.67,0,5,Declining,MLOps,Easy,0.178,0
LRN04254,Fast Learner,40,27,98.0,17,34.35,66.67,16,11,Improving,MLOps,Easy,0.84,1
LRN04255,Fast Learner,60,52,98.0,16,34.12,100.0,10,8,Stable,Generative AI,Medium,0.809,1
LRN04256,Casual Learner,9,6,58.23,10,10.18,15.0,2,3,Declining,NLP,Medium,0.278,0
LRN04257,Struggling Learner,6,3,38.26,3,3.44,10.0,1,3,Declining,SQL,Medium,0.134,0
LRN04258,Fast Learner,51,26,98.0,19,29.94,85.0,8,8,Improving,Machine Learning,Medium,0.861,1
LRN04259,Casual Learner,5,4,56.43,9,8.89,8.33,5,2,Declining,Generative AI,Easy,0.257,0
LRN04260,Casual Learner,25,21,50.67,1,10.04,41.67,0,3,Improving,Generative AI,Easy,0.427,0
LRN04261,Struggling Learner,6,4,38.82,2,7.64,10.0,0,1,Stable,Generative AI,Medium,0.225,0
LRN04262,Struggling Learner,11,5,33.07,5,4.83,18.33,2,1,Declining,MLOps,Medium,0.14,0
LRN04263,Struggling Learner,11,7,33.44,2,5.75,18.33,2,2,Declining,Python,Medium,0.137,0
LRN04264,Casual Learner,22,16,53.35,7,10.7,36.67,0,1,Declining,NLP,Medium,0.288,0
LRN04265,Fast Learner,46,23,98.0,22,31.22,76.67,17,6,Improving,MLOps,Easy,0.876,1
LRN04266,Consistent Learner,35,30,70.87,12,11.97,58.33,5,5,Improving,Generative AI,Medium,0.6,1
LRN04267,Consistent Learner,31,18,82.16,13,23.27,51.67,7,9,Improving,Generative AI,Medium,0.683,1
LRN04268,Casual Learner,11,7,42.88,0,4.87,18.33,1,1,Stable,Generative AI,Medium,0.248,0
LRN04269,Struggling Learner,15,8,30.0,1,3.0,25.0,0,1,Declining,Machine Learning,Medium,0.118,0
LRN04270,Struggling Learner,12,8,36.35,3,7.56,20.0,1,0,Declining,Machine Learning,Hard,0.109,0
LRN04271,Struggling Learner,9,5,34.57,0,7.12,15.0,2,3,Declining,SQL,Medium,0.134,0
LRN04272,Struggling Learner,5,3,38.46,3,3.44,8.33,2,2,Declining,NLP,Medium,0.134,0
LRN04273,Casual Learner,20,14,51.48,0,7.37,33.33,2,0,Declining,Python,Medium,0.248,0
LRN04274,Casual Learner,18,11,57.38,5,11.31,30.0,0,0,Stable,SQL,Hard,0.319,0
LRN04275,Consistent Learner,34,22,73.07,15,10.04,56.67,11,7,Improving,Python,Hard,0.573,1
LRN04276,Casual Learner,14,12,52.49,6,9.2,23.33,0,5,Stable,SQL,Medium,0.33,0
LRN04277,Consistent Learner,33,27,82.7,24,12.13,55.0,10,3,Improving,MLOps,Medium,0.692,1
LRN04278,Fast Learner,40,22,98.0,22,31.02,66.67,16,5,Stable,Machine Learning,Medium,0.773,1
LRN04279,Struggling Learner,4,3,35.19,3,7.29,6.67,1,2,Declining,Generative AI,Medium,0.126,0
LRN04280,Consistent Learner,22,19,71.55,13,14.73,36.67,7,12,Stable,Generative AI,Medium,0.497,1
LRN04281,Consistent Learner,27,22,90.73,17,23.46,45.0,10,11,Improving,Generative AI,Medium,0.727,1
LRN04282,Fast Learner,53,40,98.0,26,23.91,88.33,20,15,Improving,Generative AI,Medium,0.897,1
LRN04283,Consistent Learner,24,12,88.18,11,24.87,40.0,6,11,Stable,NLP,Easy,0.604,0
LRN04284,Fast Learner,54,39,98.0,21,25.2,90.0,14,5,Improving,Python,Medium,0.876,1
LRN04285,Casual Learner,15,11,56.49,6,8.45,25.0,5,0,Stable,Machine Learning,Easy,0.361,0
LRN04286,Consistent Learner,35,22,81.51,16,15.51,58.33,9,7,Improving,Python,Medium,0.68,1
LRN04287,Casual Learner,14,10,62.28,8,10.32,23.33,1,4,Stable,Generative AI,Easy,0.385,0
LRN04288,Consistent Learner,30,19,86.17,21,14.93,50.0,9,4,Improving,Generative AI,Easy,0.696,1
LRN04289,Consistent Learner,34,25,98.0,24,24.72,56.67,14,9,Stable,NLP,Easy,0.736,1
LRN04290,Casual Learner,8,6,43.98,5,4.9,13.33,0,1,Declining,SQL,Medium,0.174,0
LRN04291,Struggling Learner,11,7,30.79,2,5.12,18.33,1,3,Declining,Generative AI,Hard,0.07,0
LRN04292,Consistent Learner,41,31,83.1,21,11.66,68.33,11,12,Improving,NLP,Hard,0.663,1
LRN04293,Casual Learner,20,15,43.77,0,6.82,33.33,0,1,Improving,SQL,Easy,0.366,0
LRN04294,Struggling Learner,11,6,46.43,5,7.95,18.33,3,0,Stable,Machine Learning,Medium,0.293,0
LRN04295,Casual Learner,25,16,55.38,3,8.94,41.67,1,3,Stable,Machine Learning,Medium,0.373,0
LRN04296,Casual Learner,20,10,60.78,8,11.02,33.33,3,0,Stable,MLOps,Medium,0.406,0
LRN04297,Fast Learner,58,49,98.0,30,21.92,96.67,17,10,Improving,Python,Easy,0.91,1
LRN04298,Fast Learner,49,27,98.0,29,18.21,81.67,20,6,Stable,NLP,Easy,0.792,1
LRN04299,Consistent Learner,39,22,76.84,12,19.69,65.0,8,5,Improving,SQL,Easy,0.673,1
LRN04300,Consistent Learner,29,21,87.57,17,19.88,48.33,10,4,Stable,Generative AI,Easy,0.627,1
LRN04301,Casual Learner,20,15,41.21,0,4.0,33.33,2,1,Stable,Python,Easy,0.27,0
LRN04302,Casual Learner,21,14,48.94,2,5.65,35.0,2,0,Stable,MLOps,Hard,0.269,0
LRN04303,Struggling Learner,3,1,30.45,3,2.67,5.0,2,1,Declining,Python,Hard,0.039,0
LRN04304,Consistent Learner,25,14,82.09,12,14.98,41.67,12,6,Improving,SQL,Medium,0.645,1
LRN04305,Fast Learner,37,32,98.0,25,28.68,61.67,10,14,Improving,Generative AI,Medium,0.832,1
LRN04306,Fast Learner,37,19,98.0,29,24.55,61.67,8,15,Improving,Python,Hard,0.774,1
LRN04307,Consistent Learner,44,33,88.4,23,19.85,73.33,9,8,Improving,Generative AI,Easy,0.774,1
LRN04308,Consistent Learner,43,26,77.53,13,14.99,71.67,6,6,Improving,MLOps,Hard,0.622,1
LRN04309,Casual Learner,5,3,59.07,9,8.31,8.33,0,4,Declining,Machine Learning,Medium,0.254,0
LRN04310,Casual Learner,13,8,59.35,7,9.62,21.67,1,2,Stable,Python,Easy,0.364,0
LRN04311,Casual Learner,9,5,53.64,7,9.11,15.0,2,3,Improving,Machine Learning,Hard,0.355,0
LRN04312,Struggling Learner,9,5,30.0,3,2.81,15.0,2,3,Stable,Machine Learning,Easy,0.187,0
LRN04313,Struggling Learner,12,10,30.0,2,3.09,20.0,0,1,Declining,NLP,Hard,0.061,0
LRN04314,Fast Learner,54,40,98.0,28,19.66,90.0,19,14,Improving,SQL,Medium,0.889,1
LRN04315,Consistent Learner,24,14,87.96,24,21.23,40.0,6,8,Improving,SQL,Hard,0.656,1
LRN04316,Struggling Learner,0,1,34.98,4,6.02,0.0,1,2,Declining,SQL,Easy,0.111,0
LRN04317,Consistent Learner,24,16,68.75,19,10.65,40.0,6,12,Improving,MLOps,Easy,0.571,1
LRN04318,Fast Learner,54,31,98.0,30,33.59,90.0,15,8,Improving,Python,Medium,0.918,1
LRN04319,Fast Learner,55,47,98.0,26,25.82,91.67,18,13,Declining,SQL,Easy,0.745,1
LRN04320,Casual Learner,16,10,55.04,0,10.91,26.67,4,4,Declining,Generative AI,Medium,0.267,0
LRN04321,Fast Learner,38,20,98.0,23,33.5,63.33,10,13,Stable,SQL,Easy,0.754,1
LRN04322,Fast Learner,43,35,98.0,25,21.22,71.67,13,8,Improving,MLOps,Medium,0.834,1
LRN04323,Casual Learner,9,6,48.3,4,8.63,15.0,0,4,Improving,Machine Learning,Medium,0.367,0
LRN04324,Struggling Learner,1,1,37.55,4,7.06,1.67,0,3,Stable,Machine Learning,Medium,0.207,0
LRN04325,Consistent Learner,45,31,82.45,15,19.97,75.0,9,7,Improving,Python,Hard,0.68,1
LRN04326,Fast Learner,40,20,98.0,28,24.22,66.67,17,6,Improving,Generative AI,Hard,0.802,1
LRN04327,Consistent Learner,25,16,98.0,19,24.95,41.67,15,12,Improving,Generative AI,Medium,0.776,1
LRN04328,Consistent Learner,37,25,77.7,12,13.16,61.67,14,10,Improving,NLP,Medium,0.664,1
LRN04329,Struggling Learner,1,1,30.12,2,1.37,1.67,2,0,Stable,Python,Medium,0.154,0
LRN04330,Fast Learner,39,19,98.0,30,23.77,65.0,13,6,Improving,NLP,Medium,0.843,1
LRN04331,Struggling Learner,7,5,35.46,3,5.1,11.67,1,2,Declining,Python,Medium,0.13,0
LRN04332,Casual Learner,16,13,48.06,6,7.53,26.67,1,0,Stable,Python,Medium,0.313,0
LRN04333,Fast Learner,50,27,98.0,25,34.53,83.33,9,6,Stable,MLOps,Hard,0.747,1
LRN04334,Casual Learner,6,3,39.45,2,4.39,10.0,1,3,Declining,MLOps,Easy,0.14,0
LRN04335,Fast Learner,46,28,98.0,19,20.72,76.67,17,7,Stable,Machine Learning,Hard,0.707,1
LRN04336,Casual Learner,20,10,46.78,1,6.38,33.33,3,4,Declining,Python,Easy,0.229,0
LRN04337,Consistent Learner,43,29,97.2,19,23.88,71.67,7,6,Improving,NLP,Medium,0.809,1
LRN04338,Casual Learner,10,6,54.77,7,6.68,16.67,3,0,Stable,Machine Learning,Hard,0.278,0
LRN04339,Consistent Learner,25,16,91.33,19,21.34,41.67,7,3,Improving,SQL,Medium,0.714,1
LRN04340,Consistent Learner,32,26,86.11,25,14.08,53.33,6,12,Stable,Python,Medium,0.623,1
LRN04341,Struggling Learner,15,10,33.11,1,7.39,25.0,0,0,Stable,Machine Learning,Easy,0.226,0
LRN04342,Casual Learner,10,7,59.13,1,11.34,16.67,5,5,Improving,SQL,Easy,0.432,0
LRN04343,Fast Learner,58,45,98.0,29,22.44,96.67,17,5,Improving,Generative AI,Hard,0.859,1
LRN04344,Consistent Learner,43,28,85.01,21,15.54,71.67,13,6,Improving,NLP,Medium,0.746,1
LRN04345,Casual Learner,20,17,52.83,5,5.34,33.33,5,2,Stable,Python,Medium,0.348,0
LRN04346,Consistent Learner,36,25,83.62,25,12.51,60.0,10,9,Improving,MLOps,Medium,0.71,1
LRN04347,Casual Learner,19,16,59.88,10,7.7,31.67,3,3,Improving,Generative AI,Easy,0.473,0
LRN04348,Consistent Learner,32,17,98.0,18,24.45,53.33,10,4,Improving,SQL,Medium,0.782,1
LRN04349,Casual Learner,18,13,59.45,10,7.34,30.0,5,5,Stable,SQL,Easy,0.391,1
LRN04350,Fast Learner,35,22,98.0,26,30.31,58.33,17,15,Stable,Generative AI,Hard,0.719,1
LRN04351,Fast Learner,41,26,98.0,16,31.85,68.33,17,8,Improving,Python,Easy,0.843,1
LRN04352,Consistent Learner,23,19,91.86,25,19.33,38.33,7,12,Improving,Python,Easy,0.719,1
LRN04353,Consistent Learner,20,17,76.28,17,15.81,33.33,7,11,Improving,Python,Medium,0.605,1
LRN04354,Struggling Learner,7,3,36.52,3,7.65,11.67,0,3,Declining,Generative AI,Easy,0.141,0
LRN04355,Casual Learner,12,9,56.87,10,7.28,20.0,0,3,Stable,Generative AI,Easy,0.347,0
LRN04356,Struggling Learner,2,1,30.0,3,1.3,3.33,3,3,Declining,Python,Easy,0.081,0
LRN04357,Consistent Learner,41,29,91.78,22,20.34,68.33,11,4,Improving,Machine Learning,Medium,0.784,1
LRN04358,Fast Learner,50,43,96.19,15,19.06,83.33,9,5,Improving,Python,Easy,0.806,1
LRN04359,Casual Learner,24,13,50.03,1,3.38,40.0,5,0,Improving,Generative AI,Hard,0.362,0
LRN04360,Casual Learner,13,11,49.47,1,9.54,21.67,0,3,Stable,NLP,Hard,0.25,0
LRN04361,Struggling Learner,9,5,30.0,0,5.3,15.0,0,3,Stable,SQL,Medium,0.183,0
LRN04362,Consistent Learner,24,13,97.68,20,23.68,40.0,13,9,Improving,NLP,Easy,0.764,1
LRN04363,Casual Learner,13,8,65.65,9,10.68,21.67,3,2,Declining,MLOps,Easy,0.326,0
LRN04364,Casual Learner,9,4,61.52,4,11.24,15.0,5,4,Declining,Generative AI,Hard,0.237,0
LRN04365,Struggling Learner,5,2,36.74,2,3.06,8.33,1,3,Stable,Python,Medium,0.2,0
LRN04366,Consistent Learner,34,19,81.64,13,17.47,56.67,15,6,Improving,MLOps,Easy,0.691,1
LRN04367,Fast Learner,42,34,98.0,28,19.8,70.0,15,11,Improving,Machine Learning,Medium,0.839,1
LRN04368,Consistent Learner,35,18,93.89,25,18.32,58.33,8,12,Stable,Generative AI,Medium,0.687,1
LRN04369,Casual Learner,17,12,48.75,7,6.76,28.33,3,1,Improving,MLOps,Medium,0.405,0
LRN04370,Casual Learner,24,19,55.5,10,8.38,40.0,0,2,Declining,Machine Learning,Hard,0.254,0
LRN04371,Struggling Learner,10,6,36.22,2,5.47,16.67,2,3,Declining,SQL,Medium,0.145,0
LRN04372,Consistent Learner,31,24,74.36,15,12.96,51.67,12,11,Stable,Generative AI,Hard,0.501,0
LRN04373,Consistent Learner,45,39,94.15,24,21.65,75.0,11,9,Stable,MLOps,Easy,0.737,1
LRN04374,Consistent Learner,39,24,90.19,19,21.56,65.0,11,7,Improving,MLOps,Easy,0.766,1
LRN04375,Casual Learner,14,8,53.25,6,5.1,23.33,2,4,Improving,Generative AI,Easy,0.404,1
LRN04376,Fast Learner,42,24,98.0,25,23.2,70.0,19,8,Improving,SQL,Hard,0.802,1
LRN04377,Consistent Learner,43,26,98.0,21,21.48,71.67,12,8,Improving,Python,Hard,0.772,1
LRN04378,Casual Learner,24,19,48.25,1,7.92,40.0,1,1,Stable,Generative AI,Easy,0.329,0
LRN04379,Consistent Learner,20,17,71.4,19,11.49,33.33,6,4,Stable,Python,Medium,0.492,1
LRN04380,Consistent Learner,31,16,74.76,18,13.65,51.67,7,11,Improving,MLOps,Hard,0.581,1
LRN04381,Casual Learner,7,4,53.17,9,6.39,11.67,3,5,Stable,MLOps,Medium,0.315,0
LRN04382,Fast Learner,60,43,98.0,16,24.3,100.0,18,14,Improving,Generative AI,Hard,0.84,1
LRN04383,Fast Learner,39,30,98.0,22,25.81,65.0,10,5,Improving,SQL,Medium,0.821,1
LRN04384,Fast Learner,35,30,98.0,20,32.18,58.33,14,8,Stable,NLP,Medium,0.746,1
LRN04385,Fast Learner,44,26,98.0,16,22.19,73.33,15,10,Stable,NLP,Hard,0.692,1
LRN04386,Consistent Learner,25,14,84.16,19,16.48,41.67,7,12,Improving,Machine Learning,Medium,0.665,1
LRN04387,Consistent Learner,26,17,83.89,16,17.59,43.33,13,4,Stable,MLOps,Medium,0.598,1
LRN04388,Consistent Learner,29,22,95.72,21,23.08,48.33,13,7,Improving,Generative AI,Easy,0.773,1
LRN04389,Fast Learner,51,38,98.0,30,34.13,85.0,20,7,Improving,Generative AI,Medium,0.921,1
LRN04390,Fast Learner,60,30,98.0,26,22.89,100.0,19,9,Improving,Python,Easy,0.914,1
LRN04391,Casual Learner,24,17,51.39,1,6.6,40.0,3,3,Stable,Generative AI,Medium,0.343,0
LRN04392,Casual Learner,19,16,62.86,8,9.33,31.67,3,3,Stable,SQL,Hard,0.356,0
LRN04393,Casual Learner,12,9,55.95,0,11.34,20.0,0,5,Stable,MLOps,Medium,0.33,0
LRN04394,Consistent Learner,41,27,84.05,21,12.75,68.33,11,6,Improving,SQL,Easy,0.721,1
LRN04395,Fast Learner,46,25,98.0,30,27.02,76.67,20,5,Stable,Python,Easy,0.814,1
LRN04396,Consistent Learner,41,35,80.66,16,13.09,68.33,11,5,Improving,Python,Medium,0.693,1
LRN04397,Casual Learner,14,7,55.99,7,4.98,23.33,4,3,Improving,MLOps,Hard,0.374,0
LRN04398,Struggling Learner,2,1,36.08,2,7.39,3.33,2,1,Declining,SQL,Medium,0.124,0
LRN04399,Fast Learner,59,47,98.0,18,21.44,98.33,14,6,Improving,SQL,Hard,0.822,1
LRN04400,Consistent Learner,43,29,83.36,19,20.56,71.67,7,10,Improving,MLOps,Medium,0.735,1
LRN04401,Casual Learner,19,12,56.06,5,10.75,31.67,0,3,Stable,MLOps,Easy,0.365,0
LRN04402,Consistent Learner,43,26,86.71,20,15.94,71.67,14,7,Stable,SQL,Easy,0.675,1
LRN04403,Fast Learner,45,25,98.0,25,24.49,75.0,12,5,Improving,Generative AI,Easy,0.849,1
LRN04404,Casual Learner,5,2,53.56,6,9.44,8.33,1,1,Improving,Machine Learning,Hard,0.338,0
LRN04405,Casual Learner,18,14,50.98,6,10.37,30.0,0,1,Stable,SQL,Medium,0.34,0
LRN04406,Consistent Learner,40,35,91.86,19,20.05,66.67,15,8,Stable,Python,Easy,0.702,1
LRN04407,Casual Learner,19,14,54.8,7,9.64,31.67,2,0,Stable,MLOps,Hard,0.316,0
LRN04408,Fast Learner,41,35,98.0,22,19.65,68.33,11,7,Stable,SQL,Medium,0.729,1
LRN04409,Consistent Learner,43,29,81.03,22,15.3,71.67,11,3,Stable,Machine Learning,Easy,0.645,1
LRN04410,Consistent Learner,33,16,85.57,22,10.67,55.0,14,8,Stable,NLP,Easy,0.624,0
LRN04411,Consistent Learner,33,26,75.03,16,15.59,55.0,7,9,Improving,Python,Medium,0.64,1
LRN04412,Fast Learner,43,28,98.0,23,18.24,71.67,11,14,Stable,Machine Learning,Medium,0.734,1
LRN04413,Fast Learner,35,24,98.0,19,32.99,58.33,8,13,Improving,Generative AI,Easy,0.808,1
LRN04414,Casual Learner,25,13,54.68,7,8.77,41.67,0,4,Declining,Generative AI,Hard,0.247,0
LRN04415,Casual Learner,20,12,48.89,2,10.88,33.33,0,3,Stable,Python,Medium,0.328,0
LRN04416,Consistent Learner,20,15,74.64,11,11.54,33.33,13,9,Improving,SQL,Easy,0.583,0
LRN04417,Casual Learner,7,4,55.71,10,6.0,11.67,4,4,Declining,NLP,Hard,0.201,0
LRN04418,Casual Learner,20,10,55.84,3,11.53,33.33,0,1,Declining,Machine Learning,Medium,0.284,0
LRN04419,Consistent Learner,42,34,98.0,25,24.57,70.0,15,9,Improving,Generative AI,Easy,0.847,1
LRN04420,Casual Learner,7,4,51.83,8,3.84,11.67,1,2,Stable,Machine Learning,Easy,0.293,0
LRN04421,Fast Learner,40,31,98.0,25,25.97,66.67,12,13,Improving,MLOps,Hard,0.788,1
LRN04422,Fast Learner,60,39,98.0,21,23.67,100.0,11,9,Improving,Generative AI,Medium,0.883,1
LRN04423,Consistent Learner,30,18,82.66,19,16.69,50.0,11,8,Improving,Generative AI,Hard,0.636,1
LRN04424,Consistent Learner,39,33,93.52,15,24.71,65.0,6,5,Improving,NLP,Hard,0.718,1
LRN04425,Fast Learner,59,37,98.0,21,23.97,98.33,20,6,Stable,NLP,Medium,0.824,1
LRN04426,Casual Learner,15,11,56.85,9,9.24,25.0,4,3,Stable,Machine Learning,Easy,0.371,0
LRN04427,Fast Learner,44,33,98.0,25,19.48,73.33,19,8,Improving,MLOps,Easy,0.847,1
LRN04428,Fast Learner,48,38,98.0,29,24.27,80.0,10,14,Improving,NLP,Medium,0.864,1
LRN04429,Consistent Learner,25,18,93.73,11,24.24,41.67,11,10,Stable,SQL,Easy,0.643,1
LRN04430,Struggling Learner,15,12,36.83,2,4.18,25.0,0,0,Declining,Machine Learning,Easy,0.155,0
LRN04431,Fast Learner,59,50,98.0,20,30.95,98.33,19,5,Stable,Machine Learning,Easy,0.838,1
LRN04432,Consistent Learner,44,38,94.86,25,17.67,73.33,15,4,Improving,SQL,Hard,0.767,1
LRN04433,Consistent Learner,41,35,79.77,22,10.16,68.33,11,7,Improving,Generative AI,Hard,0.646,1
LRN04434,Casual Learner,20,14,60.89,10,9.45,33.33,4,3,Stable,Generative AI,Medium,0.409,0
LRN04435,Casual Learner,16,8,59.42,9,7.19,26.67,3,0,Improving,Generative AI,Hard,0.406,0
LRN04436,Casual Learner,24,20,45.4,6,3.49,40.0,4,5,Improving,MLOps,Medium,0.402,0
LRN04437,Fast Learner,55,42,98.0,21,34.37,91.67,10,12,Improving,NLP,Medium,0.885,1
LRN04438,Casual Learner,21,12,42.43,0,5.72,35.0,0,1,Declining,Python,Medium,0.2,0
LRN04439,Struggling Learner,4,2,30.48,0,2.83,6.67,2,1,Declining,Python,Hard,0.035,0
LRN04440,Consistent Learner,38,19,86.07,21,14.23,63.33,12,9,Improving,Generative AI,Medium,0.727,1
LRN04441,Struggling Learner,8,4,42.39,5,6.51,13.33,1,3,Stable,NLP,Medium,0.255,0
LRN04442,Fast Learner,59,33,98.0,28,27.65,98.33,15,11,Stable,SQL,Medium,0.842,1
LRN04443,Consistent Learner,22,17,95.69,17,24.9,36.67,6,8,Stable,MLOps,Easy,0.647,1
LRN04444,Casual Learner,25,14,63.28,9,8.19,41.67,5,2,Improving,Python,Easy,0.512,1
LRN04445,Casual Learner,6,3,46.38,0,5.81,10.0,1,2,Improving,NLP,Medium,0.331,0
LRN04446,Consistent Learner,35,21,85.8,16,20.84,58.33,6,6,Improving,Machine Learning,Hard,0.66,1
LRN04447,Casual Learner,23,18,60.17,6,11.09,38.33,1,0,Stable,MLOps,Hard,0.353,0
LRN04448,Consistent Learner,24,19,88.99,15,24.43,40.0,6,3,Improving,Machine Learning,Medium,0.697,1
LRN04449,Casual Learner,7,6,57.53,5,11.13,11.67,0,5,Stable,Python,Easy,0.333,0
LRN04450,Fast Learner,58,49,98.0,27,33.87,96.67,9,14,Declining,Machine Learning,Easy,0.749,1
LRN04451,Fast Learner,37,23,98.0,30,22.7,61.67,8,11,Stable,NLP,Medium,0.74,1
LRN04452,Casual Learner,11,7,55.72,5,6.98,18.33,5,3,Declining,Python,Easy,0.257,0
LRN04453,Casual Learner,11,7,64.85,10,10.69,18.33,4,0,Stable,MLOps,Hard,0.351,0
LRN04454,Casual Learner,5,4,54.66,10,4.14,8.33,3,4,Declining,Machine Learning,Medium,0.231,0
LRN04455,Struggling Learner,9,6,36.43,0,7.64,15.0,0,1,Declining,Python,Medium,0.139,0
LRN04456,Consistent Learner,30,22,98.0,19,22.5,50.0,14,4,Improving,MLOps,Medium,0.782,1
LRN04457,Casual Learner,21,12,49.65,4,7.38,35.0,4,5,Improving,Generative AI,Easy,0.419,0
LRN04458,Struggling Learner,12,7,37.36,0,4.51,20.0,1,3,Declining,NLP,Medium,0.146,0
LRN04459,Consistent Learner,35,17,88.9,22,20.58,58.33,10,6,Stable,NLP,Easy,0.669,1
LRN04460,Consistent Learner,27,17,71.49,15,11.93,45.0,10,10,Improving,NLP,Medium,0.596,1
LRN04461,Casual Learner,16,13,51.12,0,9.58,26.67,4,2,Declining,MLOps,Medium,0.245,0
LRN04462,Consistent Learner,38,21,83.27,23,12.26,63.33,11,5,Improving,NLP,Easy,0.711,1
LRN04463,Fast Learner,56,29,98.0,16,34.44,93.33,15,6,Improving,MLOps,Medium,0.888,1
LRN04464,Consistent Learner,40,33,87.67,17,16.9,66.67,14,12,Improving,MLOps,Hard,0.695,1
LRN04465,Casual Learner,24,18,56.11,3,9.89,40.0,4,1,Declining,Generative AI,Medium,0.303,0
LRN04466,Casual Learner,21,14,59.24,8,8.23,35.0,1,2,Improving,MLOps,Medium,0.468,0
LRN04467,Struggling Learner,12,7,34.97,5,3.44,20.0,1,1,Declining,Generative AI,Hard,0.095,0
LRN04468,Consistent Learner,37,20,98.0,17,24.62,61.67,15,8,Improving,NLP,Hard,0.759,1
LRN04469,Struggling Learner,12,6,32.61,1,1.21,20.0,1,2,Declining,MLOps,Medium,0.116,0
LRN04470,Consistent Learner,43,23,73.74,23,12.31,71.67,7,11,Improving,NLP,Medium,0.675,1
LRN04471,Casual Learner,18,14,64.81,10,11.66,30.0,5,1,Stable,Python,Hard,0.38,0
LRN04472,Casual Learner,19,16,48.75,6,5.38,31.67,4,4,Improving,SQL,Medium,0.407,0
LRN04473,Casual Learner,10,5,54.31,2,11.77,16.67,3,0,Improving,Generative AI,Medium,0.41,0
LRN04474,Consistent Learner,23,17,92.12,18,17.92,38.33,14,4,Stable,Python,Easy,0.634,1
LRN04475,Fast Learner,42,28,98.0,30,34.06,70.0,10,9,Improving,Machine Learning,Medium,0.866,1
LRN04476,Consistent Learner,42,23,79.36,11,17.85,70.0,5,10,Stable,SQL,Medium,0.598,1
LRN04477,Consistent Learner,44,32,83.03,10,23.1,73.33,5,12,Improving,NLP,Hard,0.666,1
LRN04478,Casual Learner,13,11,52.35,5,8.8,21.67,5,0,Improving,Python,Medium,0.414,0
LRN04479,Casual Learner,16,9,54.5,7,9.49,26.67,2,2,Declining,SQL,Hard,0.224,0
LRN04480,Casual Learner,17,13,44.29,0,3.9,28.33,3,3,Stable,NLP,Easy,0.276,0
LRN04481,Casual Learner,14,7,65.45,6,10.83,23.33,5,5,Declining,SQL,Hard,0.276,0
LRN04482,Consistent Learner,24,20,84.7,21,16.9,40.0,5,10,Declining,Generative AI,Medium,0.506,1
LRN04483,Consistent Learner,38,22,70.68,11,13.65,63.33,10,4,Improving,MLOps,Medium,0.625,0
LRN04484,Struggling Learner,2,1,30.0,0,2.08,3.33,3,2,Declining,Generative AI,Medium,0.076,0
LRN04485,Consistent Learner,31,26,98.0,17,23.92,51.67,14,5,Improving,Machine Learning,Hard,0.734,1
LRN04486,Consistent Learner,24,13,78.48,19,11.44,40.0,9,4,Improving,Machine Learning,Medium,0.624,1
LRN04487,Consistent Learner,39,20,69.82,11,12.99,65.0,8,11,Improving,Python,Medium,0.617,1
LRN04488,Casual Learner,18,14,45.46,1,8.38,30.0,0,3,Declining,MLOps,Medium,0.215,0
LRN04489,Consistent Learner,35,29,77.17,13,14.37,58.33,6,10,Improving,Generative AI,Medium,0.641,1
LRN04490,Consistent Learner,22,18,82.15,14,14.13,36.67,13,10,Improving,Generative AI,Hard,0.59,1
LRN04491,Consistent Learner,27,14,70.31,15,10.11,45.0,13,7,Improving,Python,Medium,0.593,1
LRN04492,Casual Learner,11,8,52.28,9,9.7,18.33,0,1,Declining,Generative AI,Medium,0.248,0
LRN04493,Casual Learner,15,13,47.18,8,5.37,25.0,0,4,Improving,SQL,Medium,0.382,1
LRN04494,Consistent Learner,29,22,81.86,15,16.89,48.33,12,3,Improving,Machine Learning,Medium,0.671,1
LRN04495,Consistent Learner,24,21,73.71,11,13.38,40.0,10,9,Declining,Machine Learning,Medium,0.431,1
LRN04496,Consistent Learner,23,15,77.0,17,12.08,38.33,10,3,Stable,NLP,Hard,0.484,1
LRN04497,Casual Learner,5,4,61.43,9,11.86,8.33,0,4,Stable,NLP,Medium,0.357,0
LRN04498,Casual Learner,20,17,51.32,3,8.16,33.33,4,0,Improving,NLP,Easy,0.423,0
LRN04499,Casual Learner,11,8,48.26,2,5.93,18.33,0,5,Declining,NLP,Hard,0.149,0
LRN04500,Fast Learner,39,33,98.0,23,25.74,65.0,15,6,Improving,Machine Learning,Medium,0.836,1
LRN04501,Fast Learner,37,28,98.0,16,31.83,61.67,10,11,Improving,NLP,Medium,0.812,1
LRN04502,Struggling Learner,3,1,33.15,1,6.48,5.0,0,1,Declining,SQL,Medium,0.103,0
LRN04503,Casual Learner,11,9,47.12,3,5.78,18.33,1,5,Improving,SQL,Hard,0.308,0
LRN04504,Consistent Learner,37,32,76.54,11,15.89,61.67,15,8,Improving,Machine Learning,Hard,0.618,1
LRN04505,Consistent Learner,42,34,90.01,13,21.3,70.0,10,10,Improving,Python,Hard,0.706,1
LRN04506,Casual Learner,15,7,49.84,1,7.09,25.0,4,5,Stable,MLOps,Hard,0.261,0
LRN04507,Casual Learner,8,5,62.86,8,10.19,13.33,4,0,Stable,Python,Hard,0.325,0
LRN04508,Consistent Learner,39,26,84.26,20,19.87,65.0,9,4,Stable,NLP,Hard,0.601,1
LRN04509,Fast Learner,47,36,98.0,26,24.65,78.33,12,10,Stable,MLOps,Medium,0.779,1
LRN04510,Casual Learner,18,13,51.61,9,6.9,30.0,4,2,Stable,Machine Learning,Easy,0.349,0
LRN04511,Fast Learner,60,39,98.0,28,27.54,100.0,10,7,Improving,Machine Learning,Medium,0.912,1
LRN04512,Casual Learner,8,4,46.09,2,5.81,13.33,4,4,Stable,Python,Medium,0.269,0
LRN04513,Consistent Learner,41,26,72.45,16,15.41,68.33,6,6,Improving,NLP,Hard,0.602,1
LRN04514,Consistent Learner,35,28,79.68,19,12.81,58.33,12,12,Stable,SQL,Medium,0.599,1
LRN04515,Casual Learner,20,17,53.28,1,9.87,33.33,4,5,Improving,SQL,Medium,0.432,0
LRN04516,Casual Learner,21,11,61.9,4,11.9,35.0,5,1,Declining,MLOps,Medium,0.331,0
LRN04517,Fast Learner,49,28,98.0,23,23.23,81.67,8,12,Improving,NLP,Easy,0.843,1
LRN04518,Consistent Learner,34,23,77.04,11,17.28,56.67,11,4,Improving,SQL,Medium,0.654,1
LRN04519,Fast Learner,45,38,98.0,25,22.43,75.0,9,14,Improving,Machine Learning,Hard,0.785,1
LRN04520,Consistent Learner,29,24,71.58,10,18.21,48.33,6,9,Improving,MLOps,Medium,0.601,1
LRN04521,Struggling Learner,9,6,30.0,1,3.14,15.0,1,3,Stable,Python,Hard,0.131,0
LRN04522,Fast Learner,48,42,98.0,18,33.99,80.0,14,15,Improving,NLP,Easy,0.864,1
LRN04523,Struggling Learner,8,4,31.07,4,1.05,13.33,0,1,Declining,Python,Medium,0.101,0
LRN04524,Casual Learner,20,10,58.8,10,8.78,33.33,2,2,Improving,Generative AI,Hard,0.422,0
LRN04525,Consistent Learner,44,31,86.02,25,12.84,73.33,8,9,Improving,Generative AI,Medium,0.743,1
LRN04526,Casual Learner,21,14,39.96,4,3.45,35.0,1,4,Declining,Machine Learning,Medium,0.194,0
LRN04527,Casual Learner,11,5,56.18,0,8.87,18.33,4,4,Declining,MLOps,Hard,0.199,0
LRN04528,Consistent Learner,27,16,70.52,10,10.33,45.0,11,3,Improving,Generative AI,Medium,0.576,1
LRN04529,Casual Learner,20,13,45.86,0,5.08,33.33,0,1,Improving,SQL,Hard,0.32,0
LRN04530,Fast Learner,60,31,98.0,28,26.44,100.0,17,10,Improving,MLOps,Medium,0.926,1
LRN04531,Casual Learner,13,10,47.31,5,7.18,21.67,1,2,Declining,MLOps,Hard,0.166,0
LRN04532,Consistent Learner,45,30,89.26,21,22.24,75.0,8,12,Improving,Machine Learning,Easy,0.782,1
LRN04533,Consistent Learner,39,20,83.52,19,18.81,65.0,7,9,Improving,Python,Medium,0.717,1
LRN04534,Consistent Learner,34,20,74.74,10,13.83,56.67,10,4,Improving,NLP,Easy,0.627,1
LRN04535,Casual Learner,7,4,51.06,6,9.31,11.67,2,3,Stable,SQL,Medium,0.305,0
LRN04536,Struggling Learner,5,3,35.15,0,4.0,8.33,3,1,Declining,SQL,Easy,0.116,0
LRN04537,Consistent Learner,34,21,88.94,16,19.14,56.67,13,12,Improving,Generative AI,Medium,0.733,1
LRN04538,Fast Learner,50,36,98.0,30,22.74,83.33,13,7,Improving,NLP,Medium,0.876,1
LRN04539,Consistent Learner,44,31,93.41,20,22.15,73.33,11,6,Improving,Machine Learning,Medium,0.802,1
LRN04540,Fast Learner,35,20,98.0,19,19.33,58.33,18,6,Stable,Generative AI,Medium,0.718,1
LRN04541,Casual Learner,13,9,50.16,4,4.61,21.67,2,5,Stable,MLOps,Medium,0.3,0
LRN04542,Casual Learner,14,8,57.26,8,8.08,23.33,5,5,Stable,SQL,Medium,0.365,0
LRN04543,Fast Learner,44,38,98.0,21,21.66,73.33,13,8,Declining,Machine Learning,Easy,0.668,1
LRN04544,Struggling Learner,12,10,31.17,0,3.94,20.0,3,1,Stable,Machine Learning,Medium,0.201,0
LRN04545,Struggling Learner,0,1,39.42,5,4.82,0.0,0,0,Stable,Python,Medium,0.207,0
LRN04546,Consistent Learner,31,21,69.06,13,11.6,51.67,11,12,Improving,Machine Learning,Hard,0.545,0
LRN04547,Struggling Learner,5,3,34.96,1,3.86,8.33,1,3,Stable,Machine Learning,Medium,0.192,0
LRN04548,Fast Learner,55,36,98.0,25,18.62,91.67,9,14,Improving,Generative AI,Medium,0.856,1
LRN04549,Casual Learner,7,3,55.25,10,9.11,11.67,2,4,Stable,SQL,Easy,0.334,0
LRN04550,Casual Learner,11,8,47.04,4,6.04,18.33,3,4,Declining,MLOps,Medium,0.207,0
LRN04551,Fast Learner,45,26,98.0,29,25.56,75.0,11,7,Improving,Machine Learning,Medium,0.861,1
LRN04552,Struggling Learner,15,12,38.38,1,4.06,25.0,3,0,Stable,Machine Learning,Easy,0.246,0
LRN04553,Consistent Learner,39,34,94.87,23,19.18,65.0,13,12,Improving,NLP,Medium,0.795,1
LRN04554,Struggling Learner,12,10,41.56,4,4.99,20.0,1,0,Stable,MLOps,Medium,0.257,0
LRN04555,Casual Learner,19,16,40.72,1,5.46,31.67,1,1,Stable,Python,Easy,0.27,0
LRN04556,Consistent Learner,23,19,92.81,20,17.42,38.33,13,9,Stable,SQL,Medium,0.638,1
LRN04557,Struggling Learner,1,1,33.79,4,1.91,1.67,3,3,Declining,Generative AI,Medium,0.1,0
LRN04558,Casual Learner,11,5,47.85,6,3.63,18.33,1,0,Stable,Python,Medium,0.283,0
LRN04559,Casual Learner,11,8,57.33,6,10.08,18.33,5,2,Improving,Python,Medium,0.437,0
LRN04560,Fast Learner,36,24,98.0,16,33.85,60.0,18,7,Improving,MLOps,Medium,0.829,1
LRN04561,Consistent Learner,32,19,83.08,16,19.15,53.33,10,11,Improving,Python,Easy,0.692,1
LRN04562,Consistent Learner,43,22,77.17,21,11.52,71.67,13,9,Declining,Python,Medium,0.538,1
LRN04563,Fast Learner,36,30,98.0,16,29.6,60.0,18,14,Stable,Generative AI,Medium,0.747,1
LRN04564,Casual Learner,14,11,53.34,4,9.71,23.33,0,2,Improving,Python,Medium,0.41,0
LRN04565,Consistent Learner,28,16,94.78,22,20.73,46.67,8,9,Improving,NLP,Medium,0.748,1
LRN04566,Casual Learner,12,7,56.62,2,9.29,20.0,2,2,Stable,Machine Learning,Easy,0.336,0
LRN04567,Struggling Learner,14,9,32.65,5,2.98,23.33,2,1,Declining,MLOps,Hard,0.092,0
LRN04568,Consistent Learner,40,28,77.16,15,15.06,66.67,12,9,Improving,Generative AI,Medium,0.681,1
LRN04569,Fast Learner,60,52,98.0,27,34.65,100.0,14,6,Stable,Generative AI,Easy,0.848,1
LRN04570,Fast Learner,35,26,98.0,29,28.34,58.33,17,5,Improving,Python,Hard,0.802,1
LRN04571,Casual Learner,7,3,50.28,10,7.22,11.67,1,1,Stable,Machine Learning,Hard,0.253,0
LRN04572,Casual Learner,5,2,51.11,0,7.78,8.33,2,5,Declining,Generative AI,Medium,0.198,0
LRN04573,Fast Learner,37,23,98.0,16,26.37,61.67,18,6,Improving,SQL,Hard,0.77,1
LRN04574,Struggling Learner,13,11,30.0,2,2.9,21.67,0,1,Declining,Machine Learning,Easy,0.113,0
LRN04575,Consistent Learner,29,19,93.03,19,24.8,48.33,7,5,Improving,Machine Learning,Hard,0.696,1
LRN04576,Struggling Learner,0,1,41.32,5,7.98,0.0,2,0,Stable,Machine Learning,Easy,0.231,0
LRN04577,Consistent Learner,35,29,79.74,22,11.32,58.33,9,9,Improving,MLOps,Hard,0.624,1
LRN04578,Fast Learner,59,45,98.0,21,28.86,98.33,10,10,Improving,Machine Learning,Medium,0.895,1
LRN04579,Casual Learner,24,15,53.35,4,8.11,40.0,4,3,Stable,SQL,Hard,0.318,0
LRN04580,Fast Learner,56,34,98.0,15,28.33,93.33,18,11,Improving,SQL,Easy,0.887,1
LRN04581,Casual Learner,25,15,48.53,4,3.69,41.67,0,1,Stable,Python,Hard,0.275,0
LRN04582,Consistent Learner,23,20,82.5,14,16.0,38.33,12,3,Improving,Machine Learning,Easy,0.649,1
LRN04583,Consistent Learner,32,27,92.81,22,24.23,53.33,8,9,Stable,MLOps,Easy,0.684,1
LRN04584,Consistent Learner,28,19,87.89,19,20.26,46.67,8,9,Stable,NLP,Medium,0.627,1
LRN04585,Casual Learner,17,11,52.36,2,7.31,28.33,3,4,Improving,Python,Medium,0.409,0
LRN04586,Fast Learner,54,44,98.0,19,31.17,90.0,20,6,Improving,NLP,Medium,0.902,1
LRN04587,Casual Learner,17,9,49.85,9,3.63,28.33,2,4,Improving,MLOps,Medium,0.402,0
LRN04588,Fast Learner,48,35,98.0,21,30.56,80.0,16,9,Improving,NLP,Easy,0.877,1
LRN04589,Struggling Learner,5,2,43.68,3,7.79,8.33,2,3,Declining,Generative AI,Hard,0.122,0
LRN04590,Casual Learner,16,12,60.43,9,8.54,26.67,1,1,Stable,Generative AI,Easy,0.38,0
LRN04591,Consistent Learner,21,17,78.51,10,16.35,35.0,8,3,Improving,MLOps,Medium,0.604,1
LRN04592,Casual Learner,7,4,44.77,0,3.71,11.67,1,3,Stable,SQL,Hard,0.19,0
LRN04593,Struggling Learner,10,8,30.13,0,5.92,16.67,1,1,Stable,SQL,Easy,0.191,0
LRN04594,Consistent Learner,37,27,78.17,17,12.25,61.67,14,11,Improving,Python,Hard,0.626,1
LRN04595,Struggling Learner,15,11,37.2,3,6.34,25.0,1,3,Declining,NLP,Hard,0.119,0
LRN04596,Casual Learner,12,7,52.69,10,6.52,20.0,4,5,Declining,NLP,Medium,0.256,0
LRN04597,Casual Learner,21,10,51.02,7,6.39,35.0,2,1,Declining,NLP,Medium,0.265,0
LRN04598,Casual Learner,22,12,58.94,9,8.72,36.67,4,5,Stable,Python,Easy,0.402,0
LRN04599,Fast Learner,41,24,98.0,15,18.17,68.33,16,9,Improving,Machine Learning,Hard,0.748,1
LRN04600,Consistent Learner,44,26,98.0,24,24.85,73.33,14,9,Improving,Python,Hard,0.799,1
LRN04601,Consistent Learner,30,25,71.2,19,10.79,50.0,9,6,Improving,Generative AI,Easy,0.61,1
LRN04602,Casual Learner,5,3,53.88,8,4.28,8.33,2,5,Declining,NLP,Easy,0.22,0
LRN04603,Consistent Learner,41,29,92.0,15,24.42,68.33,9,3,Improving,Python,Hard,0.725,1
LRN04604,Consistent Learner,24,12,77.01,13,13.61,40.0,8,10,Improving,MLOps,Medium,0.607,0
LRN04605,Consistent Learner,33,24,88.98,15,23.91,55.0,11,8,Improving,Machine Learning,Hard,0.688,1
LRN04606,Consistent Learner,31,21,73.22,23,11.26,51.67,8,8,Stable,NLP,Easy,0.552,1
LRN04607,Casual Learner,18,14,53.21,4,10.4,30.0,3,0,Declining,Python,Medium,0.272,0
LRN04608,Fast Learner,40,32,98.0,18,32.14,66.67,13,13,Improving,Machine Learning,Medium,0.835,1
LRN04609,Casual Learner,21,12,36.85,1,3.73,35.0,0,0,Improving,MLOps,Medium,0.331,0
LRN04610,Casual Learner,23,16,55.89,8,11.75,38.33,1,4,Improving,Python,Medium,0.471,1
LRN04611,Casual Learner,15,12,47.74,1,6.86,25.0,3,3,Improving,Python,Medium,0.378,0
LRN04612,Consistent Learner,40,32,90.59,18,18.32,66.67,12,11,Declining,Generative AI,Easy,0.6,1
LRN04613,Casual Learner,22,17,51.18,7,5.07,36.67,5,3,Improving,MLOps,Hard,0.382,0
LRN04614,Consistent Learner,27,15,82.55,10,24.87,45.0,7,11,Improving,Python,Medium,0.669,1
LRN04615,Fast Learner,55,43,98.0,17,33.06,91.67,19,9,Stable,Machine Learning,Medium,0.817,1
LRN04616,Casual Learner,14,8,49.88,5,4.32,23.33,4,3,Declining,Python,Medium,0.229,0
LRN04617,Casual Learner,18,10,49.77,9,7.73,30.0,1,1,Improving,Generative AI,Medium,0.416,0
LRN04618,Fast Learner,36,30,98.0,29,21.65,60.0,20,11,Improving,MLOps,Hard,0.79,1
LRN04619,Casual Learner,22,15,60.12,6,9.6,36.67,2,5,Declining,Python,Hard,0.267,0
LRN04620,Fast Learner,44,31,98.0,17,31.06,73.33,16,6,Improving,SQL,Medium,0.853,1
LRN04621,Consistent Learner,30,24,74.33,14,15.55,50.0,9,10,Stable,Generative AI,Medium,0.546,0
LRN04622,Struggling Learner,4,2,31.58,4,1.18,6.67,0,3,Stable,MLOps,Hard,0.12,0
LRN04623,Consistent Learner,42,21,71.13,16,12.36,70.0,6,12,Improving,NLP,Medium,0.639,1
LRN04624,Struggling Learner,7,5,36.65,1,6.72,11.67,0,2,Declining,Generative AI,Hard,0.083,0
LRN04625,Struggling Learner,1,1,43.55,2,6.65,1.67,3,0,Declining,Python,Hard,0.104,0
LRN04626,Casual Learner,15,9,53.25,5,6.49,25.0,3,5,Stable,NLP,Medium,0.332,0
LRN04627,Consistent Learner,45,23,86.19,12,24.17,75.0,6,5,Improving,MLOps,Medium,0.745,1
LRN04628,Casual Learner,23,16,50.59,5,4.73,38.33,4,3,Improving,NLP,Easy,0.423,0
LRN04629,Consistent Learner,31,24,83.12,12,16.91,51.67,10,3,Declining,SQL,Easy,0.511,1
LRN04630,Casual Learner,25,20,52.41,4,7.62,41.67,4,0,Stable,MLOps,Medium,0.365,0
LRN04631,Consistent Learner,26,22,85.13,18,21.28,43.33,8,7,Improving,MLOps,Hard,0.639,1
LRN04632,Consistent Learner,23,13,79.78,10,20.36,38.33,6,6,Improving,SQL,Easy,0.625,0
LRN04633,Fast Learner,42,26,98.0,28,26.33,70.0,13,13,Stable,Generative AI,Medium,0.776,1
LRN04634,Struggling Learner,1,1,38.41,3,7.13,1.67,2,0,Declining,Python,Medium,0.133,0
LRN04635,Casual Learner,24,20,47.14,0,5.92,40.0,1,5,Stable,Machine Learning,Medium,0.314,0
LRN04636,Struggling Learner,3,2,35.83,1,4.61,5.0,3,2,Stable,NLP,Medium,0.197,0
LRN04637,Fast Learner,57,48,98.0,29,21.3,95.0,18,12,Stable,Machine Learning,Easy,0.824,1
LRN04638,Struggling Learner,9,5,37.52,1,7.53,15.0,3,0,Declining,Generative AI,Medium,0.154,0
LRN04639,Casual Learner,25,20,49.42,2,5.38,41.67,2,2,Declining,NLP,Easy,0.254,0
LRN04640,Consistent Learner,35,23,75.76,20,15.07,58.33,5,8,Stable,Generative AI,Easy,0.574,1
LRN04641,Casual Learner,22,19,56.35,6,7.8,36.67,3,4,Declining,Python,Easy,0.296,0
LRN04642,Struggling Learner,6,5,30.53,0,4.68,10.0,3,2,Declining,Python,Easy,0.1,0
LRN04643,Casual Learner,22,12,58.73,3,10.73,36.67,4,5,Declining,Machine Learning,Easy,0.311,0
LRN04644,Consistent Learner,37,32,78.49,16,16.56,61.67,10,10,Improving,SQL,Medium,0.679,1
LRN04645,Fast Learner,56,45,98.0,22,27.7,93.33,12,10,Improving,Machine Learning,Hard,0.839,1
LRN04646,Casual Learner,7,4,57.3,0,11.79,11.67,4,2,Stable,Python,Medium,0.33,0
LRN04647,Casual Learner,6,4,55.01,7,10.04,10.0,4,0,Declining,Generative AI,Medium,0.25,0
LRN04648,Casual Learner,21,14,56.46,4,10.61,35.0,3,3,Stable,Machine Learning,Easy,0.378,0
LRN04649,Consistent Learner,31,24,76.42,15,16.06,51.67,10,10,Improving,MLOps,Medium,0.646,1
LRN04650,Consistent Learner,31,15,80.75,20,16.8,51.67,10,3,Improving,Machine Learning,Easy,0.681,1
LRN04651,Casual Learner,17,11,47.04,0,9.12,28.33,2,5,Stable,SQL,Hard,0.254,0
LRN04652,Fast Learner,40,22,98.0,25,19.93,66.67,16,14,Improving,MLOps,Easy,0.827,1
LRN04653,Fast Learner,58,45,98.0,30,21.86,96.67,19,11,Stable,NLP,Easy,0.835,1
LRN04654,Consistent Learner,43,32,79.29,16,14.19,71.67,7,6,Improving,Machine Learning,Medium,0.688,1
LRN04655,Struggling Learner,12,9,33.35,4,3.72,20.0,2,1,Declining,Machine Learning,Medium,0.138,0
LRN04656,Casual Learner,22,18,57.97,8,8.44,36.67,5,0,Stable,MLOps,Hard,0.346,0
LRN04657,Consistent Learner,30,19,94.12,24,20.15,50.0,13,8,Improving,MLOps,Medium,0.767,1
LRN04658,Consistent Learner,27,20,85.2,14,13.98,45.0,15,12,Improving,Machine Learning,Easy,0.675,1
LRN04659,Consistent Learner,26,17,77.57,12,14.89,43.33,13,10,Improving,MLOps,Easy,0.63,1
LRN04660,Struggling Learner,15,11,37.82,3,4.09,25.0,3,1,Improving,Python,Easy,0.329,0
LRN04661,Consistent Learner,44,37,98.0,15,24.97,73.33,12,10,Declining,NLP,Medium,0.661,1
LRN04662,Consistent Learner,32,20,83.39,19,16.57,53.33,7,3,Improving,Machine Learning,Medium,0.685,1
LRN04663,Consistent Learner,24,19,91.62,22,22.34,40.0,8,7,Improving,NLP,Hard,0.675,1
LRN04664,Consistent Learner,22,17,69.84,19,11.99,36.67,6,6,Improving,MLOps,Hard,0.523,1
LRN04665,Consistent Learner,43,37,84.61,23,16.45,71.67,10,4,Stable,Python,Medium,0.665,1
LRN04666,Fast Learner,59,40,98.0,22,30.55,98.33,17,11,Stable,MLOps,Medium,0.839,1
LRN04667,Fast Learner,47,41,98.0,19,23.24,78.33,12,11,Improving,MLOps,Hard,0.786,1
LRN04668,Casual Learner,22,14,47.19,3,7.07,36.67,2,0,Improving,SQL,Easy,0.402,1
LRN04669,Casual Learner,7,3,42.62,1,4.93,11.67,4,0,Improving,Generative AI,Easy,0.324,0
LRN04670,Struggling Learner,8,5,38.79,5,4.1,13.33,2,2,Stable,MLOps,Medium,0.233,0
LRN04671,Fast Learner,54,38,98.0,19,19.16,90.0,18,6,Improving,NLP,Medium,0.861,1
LRN04672,Consistent Learner,36,23,75.46,10,13.73,60.0,13,7,Stable,SQL,Easy,0.565,1
LRN04673,Consistent Learner,30,20,91.39,20,17.66,50.0,11,5,Improving,Python,Medium,0.731,1
LRN04674,Consistent Learner,39,34,93.48,21,17.88,65.0,14,11,Improving,NLP,Medium,0.781,1
LRN04675,Casual Learner,19,16,48.54,0,7.72,31.67,3,1,Stable,Machine Learning,Medium,0.315,0
LRN04676,Casual Learner,22,14,55.83,4,7.5,36.67,2,2,Improving,SQL,Medium,0.445,1
LRN04677,Casual Learner,6,4,53.47,2,8.21,10.0,3,2,Declining,Generative AI,Medium,0.221,0
LRN04678,Fast Learner,36,19,98.0,17,21.09,60.0,13,15,Improving,Machine Learning,Easy,0.789,1
LRN04679,Consistent Learner,30,16,74.14,13,14.36,50.0,11,8,Improving,Generative AI,Hard,0.574,1
LRN04680,Consistent Learner,22,12,82.08,11,19.22,36.67,8,5,Improving,SQL,Easy,0.636,1
LRN04681,Consistent Learner,29,24,82.69,23,13.6,48.33,12,7,Improving,MLOps,Easy,0.685,1
LRN04682,Casual Learner,11,9,50.5,3,4.26,18.33,4,5,Improving,MLOps,Medium,0.376,0
LRN04683,Consistent Learner,43,22,84.93,20,15.33,71.67,13,5,Stable,Machine Learning,Medium,0.662,1
LRN04684,Consistent Learner,24,13,76.53,12,14.07,40.0,7,4,Improving,Generative AI,Medium,0.601,1
LRN04685,Casual Learner,10,5,47.62,0,9.2,16.67,3,4,Declining,Machine Learning,Medium,0.206,0
LRN04686,Consistent Learner,21,18,83.57,15,16.86,35.0,9,7,Improving,NLP,Medium,0.645,1
LRN04687,Consistent Learner,23,18,77.93,13,13.46,38.33,10,9,Improving,MLOps,Easy,0.612,1
LRN04688,Consistent Learner,29,25,87.4,23,14.76,48.33,8,12,Improving,Machine Learning,Medium,0.7,1
LRN04689,Casual Learner,23,14,49.42,5,3.13,38.33,4,5,Improving,SQL,Medium,0.413,0
LRN04690,Consistent Learner,21,15,98.0,25,22.58,35.0,15,4,Improving,MLOps,Easy,0.77,1
LRN04691,Casual Learner,10,6,61.39,8,11.36,16.67,4,0,Stable,MLOps,Hard,0.329,0
LRN04692,Consistent Learner,35,17,81.88,20,10.63,58.33,14,12,Improving,Generative AI,Hard,0.639,1
LRN04693,Casual Learner,12,6,54.57,3,9.71,20.0,2,3,Declining,SQL,Easy,0.251,0
LRN04694,Fast Learner,51,36,98.0,16,26.02,85.0,8,5,Improving,Python,Medium,0.84,1
LRN04695,Fast Learner,52,37,98.0,26,27.97,86.67,14,5,Improving,NLP,Easy,0.892,1
LRN04696,Casual Learner,5,2,60.16,4,10.78,8.33,3,4,Declining,Generative AI,Medium,0.261,0
LRN04697,Fast Learner,50,33,98.0,16,21.25,83.33,20,11,Improving,Generative AI,Medium,0.851,1
LRN04698,Consistent Learner,33,18,85.52,15,21.68,55.0,12,6,Stable,Machine Learning,Easy,0.637,1
LRN04699,Struggling Learner,10,8,32.88,1,1.11,16.67,1,3,Declining,MLOps,Medium,0.11,0
LRN04700,Struggling Learner,2,1,35.64,3,5.63,3.33,2,2,Declining,NLP,Medium,0.119,0
LRN04701,Struggling Learner,8,6,30.67,0,3.88,13.33,2,1,Improving,Python,Hard,0.213,0
LRN04702,Casual Learner,19,13,48.23,7,5.37,31.67,4,2,Declining,SQL,Medium,0.247,0
LRN04703,Struggling Learner,4,2,37.62,5,3.28,6.67,1,1,Declining,MLOps,Medium,0.129,0
LRN04704,Consistent Learner,27,16,69.95,11,14.03,45.0,6,8,Improving,NLP,Medium,0.576,1
LRN04705,Casual Learner,7,3,46.59,10,3.38,11.67,0,0,Improving,Python,Medium,0.351,0
LRN04706,Casual Learner,13,9,49.31,3,7.5,21.67,4,1,Stable,MLOps,Medium,0.308,0
LRN04707,Fast Learner,53,46,98.0,27,28.92,88.33,11,6,Improving,Machine Learning,Medium,0.894,1
LRN04708,Fast Learner,50,26,98.0,25,24.3,83.33,15,10,Improving,SQL,Medium,0.873,1
LRN04709,Struggling Learner,15,9,33.23,5,1.38,25.0,2,2,Declining,Python,Easy,0.142,0
LRN04710,Consistent Learner,27,23,78.77,19,17.6,45.0,6,11,Improving,NLP,Medium,0.649,1
LRN04711,Consistent Learner,22,18,86.85,24,17.05,36.67,8,6,Improving,Python,Medium,0.685,1
LRN04712,Fast Learner,44,30,98.0,30,31.43,73.33,9,7,Improving,Generative AI,Easy,0.87,1
LRN04713,Casual Learner,20,14,56.26,6,7.21,33.33,5,4,Improving,MLOps,Easy,0.452,0
LRN04714,Consistent Learner,32,27,72.94,21,10.16,53.33,11,9,Stable,Generative AI,Easy,0.552,1
LRN04715,Struggling Learner,0,1,41.78,2,7.91,0.0,3,2,Stable,Generative AI,Medium,0.227,0
LRN04716,Fast Learner,47,32,98.0,23,21.37,78.33,17,7,Declining,Python,Medium,0.693,1
LRN04717,Casual Learner,15,9,55.5,8,8.82,25.0,3,1,Improving,Generative AI,Hard,0.388,1
LRN04718,Casual Learner,10,7,48.61,6,4.55,16.67,4,4,Stable,SQL,Easy,0.293,0
LRN04719,Casual Learner,22,14,54.26,8,3.53,36.67,3,2,Improving,MLOps,Easy,0.438,0
LRN04720,Struggling Learner,1,1,38.47,2,4.55,1.67,1,2,Stable,Python,Hard,0.149,0
LRN04721,Struggling Learner,14,9,34.71,1,6.07,23.33,3,3,Improving,Generative AI,Hard,0.263,0
LRN04722,Fast Learner,51,35,98.0,17,19.34,85.0,14,15,Improving,MLOps,Easy,0.836,1
LRN04723,Consistent Learner,25,13,76.51,25,10.8,41.67,8,9,Improving,Machine Learning,Easy,0.63,1
LRN04724,Fast Learner,43,21,98.0,15,28.86,71.67,8,5,Stable,SQL,Easy,0.741,1
LRN04725,Casual Learner,10,5,60.2,4,9.49,16.67,4,4,Improving,MLOps,Hard,0.387,0
LRN04726,Casual Learner,25,18,53.45,1,8.14,41.67,2,5,Declining,Generative AI,Easy,0.279,0
LRN04727,Struggling Learner,8,7,34.45,5,3.02,13.33,3,3,Improving,MLOps,Hard,0.243,0
LRN04728,Consistent Learner,37,29,79.26,13,18.6,61.67,10,11,Stable,Machine Learning,Medium,0.602,1
LRN04729,Consistent Learner,21,14,94.39,13,23.96,35.0,9,11,Improving,SQL,Medium,0.712,1
LRN04730,Fast Learner,51,42,98.0,22,31.4,85.0,16,7,Improving,Generative AI,Medium,0.89,1
LRN04731,Casual Learner,17,11,50.37,1,7.89,28.33,1,3,Stable,NLP,Medium,0.315,0
LRN04732,Casual Learner,10,5,61.02,7,9.56,16.67,3,5,Declining,NLP,Medium,0.286,0
LRN04733,Consistent Learner,45,30,85.71,23,14.45,75.0,10,12,Improving,NLP,Medium,0.75,1
LRN04734,Casual Learner,25,12,52.19,0,7.56,41.67,3,2,Stable,SQL,Medium,0.351,0
LRN04735,Consistent Learner,27,20,92.2,18,18.49,45.0,12,7,Stable,NLP,Medium,0.645,1
LRN04736,Casual Learner,19,16,45.79,3,3.47,31.67,5,4,Declining,Python,Medium,0.221,0
LRN04737,Fast Learner,49,29,98.0,21,34.91,81.67,10,6,Improving,NLP,Medium,0.865,1
LRN04738,Casual Learner,21,17,51.92,0,7.73,35.0,1,5,Stable,Machine Learning,Medium,0.332,0
LRN04739,Casual Learner,17,12,47.4,3,8.57,28.33,0,4,Declining,Python,Medium,0.227,0
LRN04740,Casual Learner,24,13,54.4,0,10.05,40.0,3,1,Improving,MLOps,Easy,0.446,1
LRN04741,Consistent Learner,22,11,91.23,25,18.44,36.67,9,10,Stable,Generative AI,Medium,0.635,1
LRN04742,Fast Learner,49,34,98.0,20,30.83,81.67,12,14,Improving,SQL,Easy,0.868,1
LRN04743,Casual Learner,6,5,57.11,4,11.73,10.0,0,3,Declining,NLP,Hard,0.197,0
LRN04744,Fast Learner,54,46,98.0,30,24.45,90.0,8,6,Stable,Machine Learning,Hard,0.752,1
LRN04745,Consistent Learner,22,12,82.64,12,20.15,36.67,13,10,Improving,Machine Learning,Medium,0.657,1
LRN04746,Casual Learner,6,4,52.01,1,7.29,10.0,4,4,Improving,SQL,Easy,0.371,0
LRN04747,Casual Learner,25,21,47.72,5,6.58,41.67,0,1,Declining,MLOps,Easy,0.253,0
LRN04748,Fast Learner,50,33,98.0,23,33.29,83.33,9,9,Improving,Machine Learning,Easy,0.871,1
LRN04749,Struggling Learner,6,3,44.58,2,7.54,10.0,2,0,Stable,Generative AI,Easy,0.256,0
LRN04750,Consistent Learner,20,14,92.48,22,20.35,33.33,8,6,Improving,Machine Learning,Easy,0.709,1
LRN04751,Consistent Learner,26,13,87.49,20,14.88,43.33,15,3,Improving,SQL,Medium,0.701,1
LRN04752,Casual Learner,25,17,54.75,6,6.92,41.67,5,5,Improving,SQL,Easy,0.461,0
LRN04753,Consistent Learner,28,17,98.0,18,24.22,46.67,13,9,Improving,Machine Learning,Easy,0.776,1
LRN04754,Casual Learner,13,10,48.42,5,4.77,21.67,5,0,Declining,NLP,Hard,0.173,0
LRN04755,Casual Learner,13,10,51.74,6,8.73,21.67,2,0,Declining,Python,Easy,0.246,0
LRN04756,Casual Learner,8,7,55.44,6,10.79,13.33,2,1,Stable,Python,Medium,0.333,0
LRN04757,Casual Learner,10,5,51.07,5,8.82,16.67,0,4,Improving,Generative AI,Medium,0.386,1
LRN04758,Casual Learner,17,14,48.6,9,4.14,28.33,1,1,Stable,Python,Easy,0.316,0
LRN04759,Struggling Learner,5,3,39.58,4,5.96,8.33,0,1,Declining,Python,Hard,0.095,0
LRN04760,Struggling Learner,3,1,35.92,5,4.59,5.0,1,2,Declining,NLP,Medium,0.123,0
LRN04761,Casual Learner,18,12,47.94,9,3.07,30.0,0,0,Declining,SQL,Easy,0.23,0
LRN04762,Casual Learner,23,12,44.09,3,4.11,38.33,2,1,Stable,SQL,Medium,0.302,0
LRN04763,Consistent Learner,24,19,98.0,21,20.78,40.0,15,3,Declining,MLOps,Easy,0.604,1
LRN04764,Consistent Learner,34,19,86.13,12,19.98,56.67,11,11,Improving,Python,Medium,0.707,1
LRN04765,Consistent Learner,37,24,74.9,13,12.42,61.67,11,6,Improving,Generative AI,Medium,0.644,1
LRN04766,Casual Learner,25,14,55.52,3,8.77,41.67,1,5,Declining,Machine Learning,Easy,0.293,0
LRN04767,Consistent Learner,37,20,93.13,22,20.88,61.67,13,4,Improving,SQL,Hard,0.733,1
LRN04768,Struggling Learner,8,4,32.54,4,4.34,13.33,0,2,Improving,NLP,Medium,0.278,0
LRN04769,Fast Learner,46,30,98.0,24,25.79,76.67,18,5,Stable,SQL,Easy,0.789,1
LRN04770,Fast Learner,44,24,98.0,22,32.21,73.33,12,10,Improving,Python,Medium,0.856,1
LRN04771,Casual Learner,20,15,52.54,4,5.86,33.33,3,1,Declining,MLOps,Medium,0.261,0
LRN04772,Consistent Learner,31,27,78.09,10,21.88,51.67,6,9,Improving,MLOps,Hard,0.599,1
LRN04773,Fast Learner,54,38,98.0,30,32.72,90.0,10,9,Improving,Python,Medium,0.906,1
LRN04774,Struggling Learner,7,5,30.46,3,1.04,11.67,1,0,Improving,SQL,Easy,0.254,0
LRN04775,Consistent Learner,20,14,77.96,15,18.91,33.33,7,3,Improving,Python,Easy,0.618,1
LRN04776,Casual Learner,9,6,46.46,5,4.76,15.0,5,2,Improving,SQL,Medium,0.361,0
LRN04777,Fast Learner,53,26,98.0,25,18.19,88.33,9,5,Improving,NLP,Medium,0.847,1
LRN04778,Fast Learner,46,35,98.0,22,32.24,76.67,13,14,Improving,SQL,Easy,0.866,1
LRN04779,Consistent Learner,25,17,73.56,10,14.49,41.67,15,10,Improving,Generative AI,Easy,0.607,0
LRN04780,Consistent Learner,32,16,81.6,14,18.13,53.33,9,9,Declining,Generative AI,Medium,0.514,1
LRN04781,Struggling Learner,1,1,30.39,0,4.79,1.67,2,0,Declining,NLP,Hard,0.031,0
LRN04782,Fast Learner,53,38,98.0,29,27.92,88.33,19,9,Improving,NLP,Easy,0.916,1
LRN04783,Struggling Learner,7,4,38.63,4,3.84,11.67,3,1,Declining,MLOps,Medium,0.148,0
LRN04784,Fast Learner,54,32,98.0,23,27.79,90.0,16,8,Improving,Generative AI,Hard,0.845,1
LRN04785,Consistent Learner,41,25,89.39,25,16.4,68.33,6,8,Improving,SQL,Hard,0.705,1
LRN04786,Casual Learner,15,7,58.4,9,9.06,25.0,2,3,Stable,MLOps,Medium,0.372,0
LRN04787,Struggling Learner,2,1,35.48,5,6.19,3.33,0,1,Declining,Machine Learning,Medium,0.12,0
LRN04788,Struggling Learner,5,3,30.75,0,2.41,8.33,2,0,Declining,Generative AI,Medium,0.088,0
LRN04789,Consistent Learner,23,16,95.59,18,24.75,38.33,15,6,Improving,Machine Learning,Medium,0.755,1
LRN04790,Struggling Learner,3,2,45.11,5,6.91,5.0,2,2,Declining,MLOps,Medium,0.174,0
LRN04791,Casual Learner,8,5,49.08,3,7.28,13.33,3,5,Improving,SQL,Easy,0.367,0
LRN04792,Struggling Learner,0,1,36.49,5,7.94,0.0,0,0,Stable,Python,Easy,0.204,0
LRN04793,Casual Learner,10,6,50.03,4,5.46,16.67,1,1,Declining,Generative AI,Hard,0.16,0
LRN04794,Casual Learner,24,17,54.35,8,8.63,40.0,0,5,Stable,Machine Learning,Easy,0.375,0
LRN04795,Fast Learner,44,37,98.0,27,32.83,73.33,17,13,Improving,SQL,Easy,0.882,1
LRN04796,Consistent Learner,39,20,77.88,19,13.07,65.0,14,7,Stable,Python,Hard,0.56,1
LRN04797,Consistent Learner,39,20,81.88,16,18.11,65.0,8,6,Declining,SQL,Medium,0.541,1
LRN04798,Fast Learner,57,28,98.0,16,22.04,95.0,15,10,Improving,Python,Medium,0.865,1
LRN04799,Fast Learner,38,27,98.0,29,19.02,63.33,9,5,Improving,Python,Easy,0.811,1
LRN04800,Consistent Learner,25,15,90.61,10,22.44,41.67,13,9,Improving,Machine Learning,Medium,0.705,1
LRN04801,Consistent Learner,39,30,79.26,21,12.82,65.0,11,9,Stable,SQL,Easy,0.613,1
LRN04802,Consistent Learner,45,31,79.67,23,12.22,75.0,13,11,Improving,MLOps,Medium,0.723,1
LRN04803,Struggling Learner,7,5,30.0,0,2.23,11.67,3,0,Declining,Generative AI,Easy,0.093,0
LRN04804,Fast Learner,57,31,98.0,25,20.94,95.0,16,13,Stable,Generative AI,Medium,0.807,1
LRN04805,Consistent Learner,33,16,79.39,21,11.48,55.0,6,11,Stable,Machine Learning,Easy,0.577,1
LRN04806,Consistent Learner,42,35,84.85,10,21.95,70.0,5,7,Stable,Machine Learning,Medium,0.634,1
LRN04807,Consistent Learner,22,15,79.61,18,12.75,36.67,9,8,Improving,MLOps,Hard,0.575,1
LRN04808,Casual Learner,7,6,51.73,9,5.29,11.67,0,0,Improving,MLOps,Hard,0.328,0
LRN04809,Consistent Learner,40,22,77.56,23,14.51,66.67,7,8,Improving,Generative AI,Hard,0.64,1
LRN04810,Casual Learner,11,9,57.12,10,10.15,18.33,0,3,Stable,Machine Learning,Medium,0.354,0
LRN04811,Casual Learner,10,6,43.03,3,3.13,16.67,0,2,Improving,Machine Learning,Medium,0.325,0
LRN04812,Struggling Learner,8,5,32.43,0,3.58,13.33,3,3,Stable,MLOps,Medium,0.192,0
LRN04813,Consistent Learner,23,18,83.98,14,18.53,38.33,12,4,Improving,Generative AI,Medium,0.664,1
LRN04814,Struggling Learner,0,1,32.52,5,1.59,0.0,3,1,Declining,SQL,Easy,0.092,0
LRN04815,Fast Learner,45,39,98.0,23,29.15,75.0,10,12,Improving,Generative AI,Easy,0.855,1
LRN04816,Casual Learner,9,5,52.36,0,8.79,15.0,0,1,Improving,Machine Learning,Hard,0.325,0
LRN04817,Consistent Learner,43,37,86.44,24,14.63,71.67,6,11,Stable,SQL,Easy,0.66,1
LRN04818,Consistent Learner,29,16,91.69,17,20.46,48.33,10,9,Stable,NLP,Medium,0.648,1
LRN04819,Casual Learner,13,7,46.64,3,7.89,21.67,1,3,Stable,MLOps,Hard,0.24,0
LRN04820,Consistent Learner,36,20,81.12,12,17.0,60.0,11,9,Stable,SQL,Hard,0.551,0
LRN04821,Consistent Learner,37,19,82.2,11,20.69,61.67,12,3,Declining,MLOps,Hard,0.492,1
LRN04822,Consistent Learner,35,18,67.85,12,13.94,58.33,7,8,Improving,MLOps,Easy,0.598,0
LRN04823,Casual Learner,20,12,53.64,1,8.18,33.33,4,2,Stable,Machine Learning,Hard,0.298,0
LRN04824,Casual Learner,23,13,54.91,6,9.8,38.33,1,2,Improving,NLP,Easy,0.455,0
LRN04825,Consistent Learner,31,23,98.0,25,20.35,51.67,9,4,Improving,Machine Learning,Hard,0.731,1
LRN04826,Casual Learner,10,5,47.09,0,4.87,16.67,0,1,Improving,NLP,Easy,0.341,0
LRN04827,Consistent Learner,26,21,87.92,16,19.93,43.33,10,4,Improving,MLOps,Easy,0.696,1
LRN04828,Fast Learner,39,32,98.0,20,34.3,65.0,15,5,Stable,Generative AI,Easy,0.762,1
LRN04829,Casual Learner,18,15,51.6,2,8.67,30.0,0,5,Improving,Python,Medium,0.406,0
LRN04830,Casual Learner,12,10,36.62,1,3.68,20.0,0,4,Stable,Machine Learning,Medium,0.22,0
LRN04831,Consistent Learner,40,33,98.0,19,23.85,66.67,14,8,Improving,NLP,Medium,0.82,1
LRN04832,Consistent Learner,39,21,94.29,25,15.37,65.0,15,5,Stable,SQL,Hard,0.66,1
LRN04833,Casual Learner,5,3,45.49,3,4.5,8.33,1,2,Declining,Python,Medium,0.167,0
LRN04834,Casual Learner,18,11,53.34,7,6.21,30.0,3,2,Declining,SQL,Medium,0.267,0
LRN04835,Consistent Learner,44,26,73.46,19,11.09,73.33,10,6,Stable,Python,Hard,0.54,1
LRN04836,Casual Learner,13,11,58.45,7,9.11,21.67,4,5,Improving,SQL,Medium,0.445,0
LRN04837,Consistent Learner,38,27,93.41,18,21.97,63.33,12,7,Stable,NLP,Medium,0.698,1
LRN04838,Casual Learner,14,7,59.2,1,11.74,23.33,5,2,Stable,Generative AI,Medium,0.367,0
LRN04839,Fast Learner,57,46,92.77,17,18.94,95.0,11,8,Improving,Generative AI,Easy,0.823,1
LRN04840,Consistent Learner,32,20,68.63,14,11.73,53.33,8,12,Stable,MLOps,Hard,0.462,1
LRN04841,Casual Learner,8,6,60.23,7,10.52,13.33,1,0,Stable,MLOps,Easy,0.354,0
LRN04842,Struggling Learner,14,9,33.05,1,4.93,23.33,1,2,Improving,NLP,Medium,0.297,0
LRN04843,Consistent Learner,23,20,91.97,12,22.25,38.33,15,12,Improving,MLOps,Medium,0.714,1
LRN04844,Casual Learner,11,6,55.43,5,10.95,18.33,0,3,Stable,Machine Learning,Medium,0.336,0
LRN04845,Consistent Learner,23,12,80.17,12,15.19,38.33,9,9,Improving,MLOps,Medium,0.623,0
LRN04846,Struggling Learner,12,7,46.1,5,7.48,20.0,3,1,Declining,Machine Learning,Easy,0.213,0
LRN04847,Struggling Learner,11,6,30.0,2,1.58,18.33,3,2,Stable,NLP,Medium,0.19,0
LRN04848,Consistent Learner,30,22,66.19,10,14.26,50.0,6,5,Stable,MLOps,Medium,0.487,1
LRN04849,Consistent Learner,37,32,71.91,12,11.5,61.67,7,3,Improving,Generative AI,Medium,0.615,1
LRN04850,Consistent Learner,38,21,88.63,15,20.52,63.33,7,3,Improving,Python,Hard,0.681,1
LRN04851,Struggling Learner,14,10,30.27,5,1.32,23.33,3,1,Stable,MLOps,Medium,0.208,0
LRN04852,Casual Learner,5,3,58.47,9,9.0,8.33,5,3,Declining,Generative AI,Medium,0.266,0
LRN04853,Casual Learner,24,13,45.9,0,6.15,40.0,5,0,Stable,SQL,Easy,0.32,0
LRN04854,Consistent Learner,41,27,96.13,23,24.94,68.33,9,9,Improving,NLP,Medium,0.816,1
LRN04855,Consistent Learner,20,11,68.63,12,13.16,33.33,9,11,Improving,Machine Learning,Hard,0.504,0
LRN04856,Struggling Learner,15,13,30.0,2,2.26,25.0,2,2,Stable,MLOps,Medium,0.203,0
LRN04857,Casual Learner,22,12,59.88,5,10.56,36.67,2,0,Stable,Machine Learning,Easy,0.396,1
LRN04858,Casual Learner,17,11,45.54,2,3.48,28.33,1,4,Stable,Generative AI,Easy,0.281,0
LRN04859,Consistent Learner,37,27,89.89,23,20.96,61.67,11,11,Improving,MLOps,Medium,0.767,1
LRN04860,Struggling Learner,5,2,32.21,2,4.71,8.33,2,1,Stable,NLP,Easy,0.188,0
LRN04861,Struggling Learner,3,2,31.16,1,4.03,5.0,3,0,Declining,MLOps,Easy,0.094,0
LRN04862,Struggling Learner,11,9,32.28,5,1.37,18.33,2,0,Declining,SQL,Medium,0.125,0
LRN04863,Casual Learner,21,13,48.71,0,10.6,35.0,2,4,Stable,Generative AI,Easy,0.33,0
LRN04864,Consistent Learner,29,21,91.5,24,18.34,48.33,13,7,Stable,NLP,Hard,0.616,1
LRN04865,Casual Learner,21,13,59.16,9,7.17,35.0,2,0,Stable,SQL,Easy,0.389,0
LRN04866,Casual Learner,19,9,55.78,9,8.69,31.67,0,5,Improving,Python,Medium,0.447,0
LRN04867,Consistent Learner,27,14,77.19,19,13.45,45.0,12,12,Improving,Generative AI,Easy,0.643,1
LRN04868,Consistent Learner,24,14,88.25,22,17.01,40.0,12,10,Improving,NLP,Easy,0.702,1
LRN04869,Consistent Learner,34,18,86.07,23,18.34,56.67,8,10,Improving,MLOps,Hard,0.673,1
LRN04870,Struggling Learner,11,5,35.11,2,5.11,18.33,1,2,Declining,NLP,Medium,0.14,0
LRN04871,Consistent Learner,40,21,70.91,16,13.72,66.67,7,8,Improving,SQL,Medium,0.638,1
LRN04872,Casual Learner,11,8,53.36,4,9.24,18.33,4,5,Improving,Python,Medium,0.408,0
LRN04873,Fast Learner,49,26,98.0,29,31.81,81.67,12,13,Improving,NLP,Easy,0.892,1
LRN04874,Casual Learner,9,7,45.18,8,4.7,15.0,0,1,Stable,MLOps,Medium,0.27,0
LRN04875,Casual Learner,5,2,47.67,0,7.58,8.33,5,3,Stable,Machine Learning,Medium,0.269,0
LRN04876,Consistent Learner,29,22,69.99,18,12.45,48.33,7,7,Improving,Generative AI,Hard,0.549,1
LRN04877,Casual Learner,14,7,56.9,6,6.59,23.33,4,5,Stable,MLOps,Easy,0.351,0
LRN04878,Fast Learner,59,44,98.0,18,31.15,98.33,19,13,Improving,NLP,Hard,0.863,1
LRN04879,Casual Learner,14,10,59.15,4,9.79,23.33,2,1,Declining,Python,Medium,0.281,0
LRN04880,Casual Learner,11,9,59.1,5,11.59,18.33,3,5,Declining,Generative AI,Medium,0.282,0
LRN04881,Struggling Learner,14,10,39.31,3,4.62,23.33,1,3,Declining,Generative AI,Hard,0.119,0
LRN04882,Struggling Learner,9,5,35.64,3,6.65,15.0,0,2,Stable,NLP,Medium,0.221,0
LRN04883,Struggling Learner,0,1,37.86,3,6.86,0.0,0,1,Improving,MLOps,Easy,0.281,0
LRN04884,Fast Learner,50,39,98.0,28,27.12,83.33,18,12,Improving,NLP,Medium,0.898,1
LRN04885,Fast Learner,39,27,95.94,20,20.54,65.0,9,7,Improving,SQL,Medium,0.786,1
LRN04886,Consistent Learner,26,14,82.14,15,21.6,43.33,7,6,Improving,SQL,Easy,0.666,1
LRN04887,Struggling Learner,1,1,35.96,4,4.61,1.67,0,2,Declining,Generative AI,Hard,0.061,0
LRN04888,Casual Learner,11,7,54.33,3,9.17,18.33,1,1,Stable,NLP,Easy,0.322,0
LRN04889,Consistent Learner,21,12,87.9,13,17.62,35.0,13,9,Stable,SQL,Medium,0.591,1
LRN04890,Casual Learner,15,12,56.51,10,9.44,25.0,1,0,Stable,Machine Learning,Easy,0.365,0
LRN04891,Consistent Learner,42,36,78.62,18,10.77,70.0,13,12,Declining,Machine Learning,Medium,0.53,0
LRN04892,Fast Learner,45,26,98.0,29,28.43,75.0,11,5,Stable,Machine Learning,Medium,0.791,1
LRN04893,Casual Learner,19,9,58.18,3,10.56,31.67,1,5,Declining,Python,Medium,0.291,0
LRN04894,Casual Learner,22,13,52.88,10,5.22,36.67,3,3,Stable,NLP,Medium,0.363,0
LRN04895,Consistent Learner,36,24,82.68,25,16.63,60.0,6,8,Improving,SQL,Medium,0.709,1
LRN04896,Struggling Learner,1,1,34.38,4,2.29,1.67,2,0,Stable,NLP,Medium,0.181,0
LRN04897,Casual Learner,19,15,62.59,8,11.45,31.67,0,1,Stable,MLOps,Medium,0.404,0
LRN04898,Fast Learner,53,32,98.0,26,31.56,88.33,10,7,Improving,NLP,Easy,0.892,1
LRN04899,Consistent Learner,34,17,73.26,12,12.27,56.67,12,3,Improving,Machine Learning,Medium,0.626,1
LRN04900,Struggling Learner,15,10,30.0,0,2.73,25.0,0,3,Stable,MLOps,Medium,0.194,0
LRN04901,Consistent Learner,21,14,92.99,25,21.78,35.0,6,9,Stable,MLOps,Medium,0.643,1
LRN04902,Fast Learner,40,30,98.0,19,34.61,66.67,11,15,Stable,Generative AI,Easy,0.753,1
LRN04903,Struggling Learner,15,12,31.94,0,6.64,25.0,2,2,Declining,Generative AI,Medium,0.141,0
LRN04904,Casual Learner,21,12,49.19,0,11.49,35.0,1,2,Declining,NLP,Medium,0.252,0
LRN04905,Struggling Learner,11,8,37.07,0,6.57,18.33,2,0,Declining,Generative AI,Hard,0.1,0
LRN04906,Consistent Learner,42,21,76.9,14,12.66,70.0,12,11,Stable,SQL,Hard,0.546,1
LRN04907,Casual Learner,22,11,48.83,9,6.56,36.67,0,5,Improving,NLP,Hard,0.369,0
LRN04908,Struggling Learner,1,1,41.9,4,6.38,1.67,0,3,Declining,Generative AI,Medium,0.144,0
LRN04909,Casual Learner,24,19,59.78,6,11.54,40.0,2,2,Improving,Machine Learning,Easy,0.488,0
LRN04910,Consistent Learner,25,21,78.19,15,16.61,41.67,10,8,Stable,Generative AI,Medium,0.556,1
LRN04911,Fast Learner,51,28,98.0,22,23.12,85.0,8,7,Stable,SQL,Medium,0.767,1
LRN04912,Consistent Learner,23,13,91.92,15,20.31,38.33,12,5,Stable,SQL,Easy,0.628,1
LRN04913,Consistent Learner,27,21,94.34,23,18.13,45.0,12,10,Improving,NLP,Medium,0.746,1
LRN04914,Casual Learner,13,11,54.43,5,6.67,21.67,1,5,Declining,Machine Learning,Medium,0.246,0
LRN04915,Struggling Learner,1,1,37.38,4,5.3,1.67,1,2,Declining,MLOps,Medium,0.122,0
LRN04916,Consistent Learner,29,15,86.86,22,21.35,48.33,7,12,Improving,SQL,Medium,0.715,1
LRN04917,Consistent Learner,39,19,64.87,12,10.03,65.0,6,3,Stable,Generative AI,Easy,0.502,1
LRN04918,Struggling Learner,5,2,38.09,1,6.13,8.33,3,2,Declining,Python,Easy,0.139,0
LRN04919,Consistent Learner,43,33,78.2,16,17.73,71.67,8,12,Declining,Machine Learning,Medium,0.537,1
LRN04920,Consistent Learner,42,36,80.61,19,15.25,70.0,9,10,Stable,MLOps,Medium,0.627,1
LRN04921,Consistent Learner,34,21,92.05,24,22.25,56.67,6,10,Improving,NLP,Medium,0.761,1
LRN04922,Casual Learner,9,5,61.2,10,10.81,15.0,3,0,Declining,SQL,Easy,0.296,0
LRN04923,Casual Learner,9,6,52.06,9,5.85,15.0,1,0,Declining,Generative AI,Easy,0.23,0
LRN04924,Consistent Learner,22,12,72.84,12,12.64,36.67,7,9,Declining,Generative AI,Easy,0.413,0
LRN04925,Fast Learner,40,31,98.0,27,34.32,66.67,10,7,Stable,Generative AI,Easy,0.771,1
LRN04926,Fast Learner,59,40,98.0,24,26.63,98.33,12,8,Improving,Generative AI,Easy,0.9,1
LRN04927,Fast Learner,40,24,98.0,19,24.03,66.67,8,5,Improving,Python,Medium,0.805,1
LRN04928,Casual Learner,9,6,57.45,9,5.62,15.0,3,5,Stable,Generative AI,Easy,0.339,0
LRN04929,Fast Learner,40,29,98.0,23,28.14,66.67,8,14,Improving,Python,Easy,0.829,1
LRN04930,Struggling Learner,8,5,34.82,2,4.71,13.33,0,3,Declining,Python,Medium,0.124,0
LRN04931,Fast Learner,39,24,98.0,23,18.05,65.0,17,11,Improving,Generative AI,Easy,0.815,1
LRN04932,Consistent Learner,29,24,98.0,21,21.31,48.33,15,12,Improving,Python,Easy,0.782,1
LRN04933,Struggling Learner,14,7,44.49,4,5.95,23.33,3,1,Stable,MLOps,Medium,0.285,0
LRN04934,Fast Learner,40,30,98.0,22,23.72,66.67,19,6,Improving,NLP,Easy,0.84,1
LRN04935,Consistent Learner,44,26,83.76,21,18.55,73.33,10,3,Improving,Generative AI,Easy,0.746,1
LRN04936,Consistent Learner,34,24,82.38,22,12.23,56.67,12,10,Declining,Machine Learning,Hard,0.483,0
LRN04937,Consistent Learner,32,27,83.12,22,16.39,53.33,12,12,Improving,Python,Medium,0.704,1
LRN04938,Fast Learner,54,32,98.0,18,34.37,90.0,15,11,Improving,Machine Learning,Medium,0.886,1
LRN04939,Consistent Learner,20,17,90.99,15,20.18,33.33,14,4,Improving,Python,Medium,0.698,1
LRN04940,Consistent Learner,37,30,84.14,18,14.51,61.67,14,5,Stable,MLOps,Medium,0.633,1
LRN04941,Fast Learner,53,40,98.0,26,21.98,88.33,9,6,Stable,Generative AI,Medium,0.783,1
LRN04942,Casual Learner,22,14,52.36,5,9.62,36.67,4,2,Improving,Machine Learning,Easy,0.444,0
LRN04943,Fast Learner,46,30,98.0,17,28.31,76.67,15,7,Stable,Python,Medium,0.772,1
LRN04944,Consistent Learner,26,20,93.23,12,23.86,43.33,9,10,Improving,SQL,Medium,0.72,1
LRN04945,Consistent Learner,39,32,86.37,21,19.08,65.0,10,11,Improving,Generative AI,Medium,0.743,1
LRN04946,Struggling Learner,2,1,30.0,3,3.98,3.33,0,3,Declining,Generative AI,Medium,0.083,0
LRN04947,Consistent Learner,35,26,76.71,15,12.91,58.33,6,10,Stable,Machine Learning,Medium,0.56,0
LRN04948,Consistent Learner,41,33,85.45,22,16.93,68.33,5,11,Stable,Generative AI,Medium,0.649,1
LRN04949,Consistent Learner,45,39,88.43,23,15.6,75.0,9,6,Stable,Machine Learning,Easy,0.684,1
LRN04950,Casual Learner,15,7,45.39,2,6.83,25.0,3,3,Stable,NLP,Easy,0.29,0
LRN04951,Casual Learner,23,12,58.03,8,7.84,38.33,0,2,Stable,Python,Easy,0.385,0
LRN04952,Consistent Learner,23,15,85.67,18,16.34,38.33,11,3,Improving,Generative AI,Medium,0.672,1
LRN04953,Consistent Learner,30,17,84.92,16,14.93,50.0,13,11,Improving,Python,Easy,0.687,1
LRN04954,Fast Learner,44,25,98.0,20,26.69,73.33,16,15,Stable,NLP,Medium,0.77,1
LRN04955,Consistent Learner,39,19,70.71,12,16.73,65.0,5,12,Improving,Python,Easy,0.628,0
LRN04956,Struggling Learner,13,9,33.51,0,3.79,21.67,3,0,Declining,Machine Learning,Medium,0.134,0
LRN04957,Casual Learner,7,4,48.22,2,6.52,11.67,3,5,Improving,MLOps,Medium,0.355,0
LRN04958,Casual Learner,16,13,42.78,1,3.56,26.67,1,1,Stable,SQL,Medium,0.263,0
LRN04959,Struggling Learner,5,3,43.53,0,7.83,8.33,3,3,Stable,Machine Learning,Easy,0.246,0
LRN04960,Fast Learner,51,43,98.0,16,18.42,85.0,20,12,Improving,Machine Learning,Medium,0.845,1
LRN04961,Consistent Learner,37,25,95.71,18,23.65,61.67,14,4,Improving,SQL,Easy,0.796,1
LRN04962,Consistent Learner,23,16,87.71,17,22.85,38.33,9,12,Stable,Machine Learning,Easy,0.615,0
LRN04963,Casual Learner,25,13,44.29,5,4.99,41.67,0,2,Declining,NLP,Medium,0.233,0
LRN04964,Casual Learner,10,6,61.63,3,11.27,16.67,4,5,Improving,MLOps,Easy,0.446,0
LRN04965,Fast Learner,60,38,98.0,28,26.94,100.0,11,10,Improving,Python,Easy,0.913,1
LRN04966,Casual Learner,23,18,56.6,4,10.28,38.33,5,4,Stable,Machine Learning,Medium,0.389,0
LRN04967,Fast Learner,59,46,98.0,26,27.73,98.33,12,14,Stable,Generative AI,Hard,0.779,1
LRN04968,Consistent Learner,41,22,86.01,13,18.81,68.33,9,8,Improving,Python,Medium,0.724,1
LRN04969,Consistent Learner,35,29,75.99,24,10.02,58.33,6,6,Improving,Machine Learning,Hard,0.601,0
LRN04970,Struggling Learner,3,1,34.8,0,6.63,5.0,0,2,Declining,SQL,Easy,0.109,0
LRN04971,Consistent Learner,37,28,79.52,19,16.47,61.67,7,8,Improving,MLOps,Medium,0.684,1
LRN04972,Fast Learner,54,33,98.0,25,18.94,90.0,20,9,Improving,Machine Learning,Hard,0.831,1
LRN04973,Consistent Learner,43,34,82.88,16,12.15,71.67,15,9,Improving,Python,Hard,0.667,1
LRN04974,Consistent Learner,35,30,80.7,17,12.13,58.33,10,11,Stable,SQL,Hard,0.541,1
LRN04975,Casual Learner,15,7,48.76,5,3.74,25.0,5,1,Improving,Machine Learning,Medium,0.388,0
LRN04976,Casual Learner,19,12,48.41,7,6.52,31.67,1,1,Improving,MLOps,Medium,0.404,0
LRN04977,Fast Learner,47,24,98.0,20,30.96,78.33,10,10,Improving,Generative AI,Easy,0.856,1
LRN04978,Casual Learner,9,5,58.48,3,11.06,15.0,0,0,Improving,NLP,Medium,0.418,1
LRN04979,Fast Learner,51,43,98.0,25,18.96,85.0,19,9,Improving,SQL,Easy,0.868,1
LRN04980,Fast Learner,36,21,98.0,18,31.84,60.0,19,5,Improving,Machine Learning,Medium,0.836,1
LRN04981,Fast Learner,53,40,98.0,22,27.99,88.33,12,5,Improving,Python,Medium,0.88,1
LRN04982,Struggling Learner,12,7,40.2,5,4.53,20.0,3,2,Stable,Machine Learning,Easy,0.257,0
LRN04983,Consistent Learner,31,19,83.64,21,17.01,51.67,11,7,Improving,NLP,Medium,0.7,1
LRN04984,Consistent Learner,45,33,83.67,23,15.39,75.0,12,7,Improving,SQL,Easy,0.749,1
LRN04985,Casual Learner,16,11,47.76,8,4.57,26.67,0,2,Stable,SQL,Medium,0.305,0
LRN04986,Casual Learner,15,8,50.73,7,7.11,25.0,3,4,Improving,Generative AI,Easy,0.408,0
LRN04987,Struggling Learner,12,7,30.0,1,2.03,20.0,0,3,Stable,NLP,Easy,0.184,0
LRN04988,Consistent Learner,34,21,82.29,16,19.75,56.67,5,9,Improving,NLP,Hard,0.635,1
LRN04989,Consistent Learner,45,40,92.82,22,19.44,75.0,14,12,Improving,Generative AI,Medium,0.806,1
LRN04990,Fast Learner,42,36,98.0,25,30.11,70.0,16,6,Improving,MLOps,Medium,0.868,1
LRN04991,Struggling Learner,6,4,35.49,3,3.86,10.0,3,0,Improving,NLP,Easy,0.288,0
LRN04992,Consistent Learner,44,38,75.91,13,15.3,73.33,5,10,Improving,Python,Medium,0.666,1
LRN04993,Casual Learner,17,12,49.33,1,10.97,28.33,2,4,Stable,MLOps,Medium,0.323,0
LRN04994,Casual Learner,5,2,51.09,2,10.41,8.33,3,4,Declining,SQL,Medium,0.214,0
LRN04995,Fast Learner,36,23,98.0,17,24.36,60.0,20,6,Improving,Generative AI,Easy,0.818,1
LRN04996,Consistent Learner,24,19,83.8,14,22.82,40.0,6,12,Improving,Generative AI,Medium,0.666,1
LRN04997,Casual Learner,10,6,44.47,1,7.47,16.67,0,5,Stable,NLP,Medium,0.261,0
LRN04998,Fast Learner,40,33,98.0,16,22.08,66.67,20,8,Improving,MLOps,Easy,0.821,1
LRN04999,Consistent Learner,45,36,70.78,12,13.07,75.0,12,5,Improving,MLOps,Easy,0.654,1
LRN05000,Consistent Learner,22,16,96.85,22,21.86,36.67,12,3,Improving,SQL,Medium,0.751,1
